tree
version=v4
num_class=1
num_tree_per_iteration=1
label_index=0
max_feature_idx=26
objective=regression_l1
feature_names=dow dom weekofyear month quarter doy is_weekend is_som is_eom fourier_year_sin_1 fourier_year_cos_1 fourier_year_sin_2 fourier_year_cos_2 fourier_year_sin_3 fourier_year_cos_3 fourier_year_sin_4 fourier_year_cos_4 promo_active promo_count_active promo_season discount_type promo_discount_pct promo_fixed_discount is_special_day tet_before tet_after days_to_tet
feature_infos=[0:6] [1:31] [1:53] [1:12] [1:4] [1:366] [0:1] [0:1] [0:1] [-0.99999942202469239:0.99998555065071859] [-0.99997919295908244:1] [-0.99999942202469239:0.99995318436087299] [-0.99999768809943823:1] [-0.99999479822624138:0.99999479822624138] [-0.99997919295908244:1] [-0.99997167934088305:0.99995318436087299] [-0.99999768809943823:1] [0:1] [0:2] -1:3:7:0:5:2:4:6 -1:2:3:0 [0:20] [0:50] [0:1] [0:1] [0:1] [-32:30]
tree_sizes=3374 3763 4002 4429 4734 4454 4709 4239 4268 4563 4353 5108 4554 4805 4159 4218 4611 3913 3757 3651 3080 3563 3221 3396 3588 3202 2282 2337 1376 2214 2399 1380 2402 1392 1377 2984 1376 1863 2404 2749 2942 2309 2241 1902 3774 1628 1892 4036 2578 1634 1469 3645 3260 3268 2062 1544 1976 2463 2149 1549 1292 1907 2658 2315 2508 1802 1572 2411 2139 2384 2221 2160 2256 2515 2984 2875 2876 2761 2736 2072 1992 3111 1385 1546 2155 1991 1477 1845 1648 1655 1995 2735 2335 2936 3859 3519 2726 2591 1993 2756 1996 2726 3798 4456 1378 1989 2405 2068 4049 2145 2319 2000 2233 2223 2001 2526 2341 1899 2262 2764 2262 1841 2890 2682 3711 3196 3008 1892 1970 2141 2681 3021 3108 2755 3206 3121 2524 3127 3440 4045 2254 2088 2597 2498 2419 2421 2839 3571 1820 1673 2941 2193 3449 2637 2191 2245 2840 3024 3539 3458 2935 3291 4040 4318 3855 3621 2425 2437 2783 4479 3048 2855 1931 2250 1661 2252 1400 2091 1638 1906 1555 2169 2251 3096 2856 2255 2417 3629 3463 2864 3672 2855 2333 2005 2694 3288 3302 2785 3550 1820 2339 2698 1798 2328 2078 2807 2081 1658 2418 2183 2707 2514 2081 2051 2861 2782 1320 2340 2077 1919 3719 2772 2500 1655 2325 2341 2076 2900 2101 1481 1813 1147 2260 2615 1808 2770 3321 2170 2916 2264 1659 2688 3016 2181 2935 1888 1983 1819 1982 1812 2602 2902 3385 2440 4100 3530 2168 1978 2149 1217 2836 2962 3364 3073 1889 2597 2455 2426 3535 3179 3022 2237 2330 2425 3909 2789 3011 2337 2686 1820 2622 1847 1476 1996 1669 1668 2063 1890 1904 2458 1990 2081 3499 1389 1826 1746 1401

Tree=0
num_leaves=41
num_cat=0
split_feature=10 5 1 1 11 1 9 5 17 13 1 1 5 10 3 0 0 15 9 0 13 0 15 1 5 2 5 10 5 0 2 1 0 26 26 5 0 1 1 5
split_gain=318.138 247.023 65.5822 58.2634 35.875 30.6412 24.5703 20.8723 22.4823 18.1259 15.7098 15.4058 12.1394 11.2758 9.12128 8.65644 6.78119 6.31143 5.91201 5.83333 5.30789 3.80952 3.08797 2.88095 2.36076 2.35521 3.95169 1.9797 2.37363 1.6988 1.25569 1.07143 0.748128 0.453711 0.166409 0.18374 0.161037 0.182469 0.871795 0.145205
threshold=0.63089349388778826 214.50000000000003 26.500000000000004 10.500000000000002 0.074116354202380164 27.500000000000004 0.67802080537253961 274.50000000000006 1.0000000180025095e-35 -0.22700964008248706 3.5000000000000004 6.5000000000000009 250.50000000000003 0.89309379682046119 6.5000000000000009 3.5000000000000004 1.5000000000000002 0.8749942490873206 0.84313847884979054 4.5000000000000009 0.95998215779580554 2.5000000000000004 0.98153590997917928 28.500000000000004 258.50000000000006 33.500000000000007 245.50000000000003 0.28313308994381586 58.500000000000007 5.5000000000000009 45.500000000000007 20.500000000000004 1.5000000000000002 -1.0000000180025095e-35 -1.4999999999999998 6.5000000000000009 3.5000000000000004 23.500000000000004 19.500000000000004 307.50000000000006
decision_type=2 2 2 2 2 2 2 2 2 2 2 2 2 2 2 2 2 2 2 2 2 2 2 2 2 2 2 2 2 2 2 2 2 2 2 2 2 2 2 2
left_child=1 3 7 4 10 6 20 8 15 -6 -1 18 25 -7 27 -3 -14 32 -12 31 29 -13 -19 -4 -18 -10 -27 36 -29 34 -31 -16 -9 -11 -2 -36 -5 38 -38 -34
right_child=5 2 23 14 9 13 -8 17 12 33 11 21 16 -15 19 -17 24 22 -20 -21 -22 -23 -24 -25 -26 26 -28 28 -30 30 -32 -33 39 -35 35 -37 37 -39 -40 -41
leaf_value=14.90247118924883 14.746334607249365 14.818451470911066 14.841320905613868 14.865329803857566 14.792054084158934 14.769972762965367 14.789361368149013 14.744223666120487 14.744476324404811 14.748418250660896 14.802658815031956 14.830242540816991 14.798951019197743 14.805973820182153 14.81116699474927 14.785682908097018 14.786818974863131 14.780540993949355 14.769677120040148 14.795214752214893 14.730496990424035 14.81397557165907 14.767073214250921 14.843761148618089 14.769816079008551 14.770732961161837 14.736395026638428 14.834166433286955 14.829142418104039 14.739161607059998 14.709591138584063 14.827360346533711 14.742092344342907 14.739572925606469 14.669547363539445 14.717993091889978 14.837273926377671 14.854038553921098 14.837423137429964 14.707917084451839
leaf_weight=48 19 29 24 176 33 24 32 27 36 19 20 20 22 20 28 20 23 19 19 24 28 28 21 32 35 19 20 24 28 19 25 32 53 20 20 226 51 51 27 20
leaf_count=48 19 29 24 176 33 24 32 27 36 19 20 20 22 20 28 20 23 19 19 24 28 28 21 32 35 19 20 24 28 19 25 32 53 20 20 226 51 51 27 20
internal_value=14.7904 14.8283 14.7483 14.8777 14.821 14.6941 14.6819 14.7271 14.7535 14.7472 14.8604 14.8276 14.7294 14.7962 14.9043 14.83 14.7644 14.6886 14.7671 14.8659 14.6716 14.8767 14.7321 14.8782 14.7412 14.6919 14.714 14.9133 14.89 14.6667 14.6903 14.8875 14.6712 14.6874 14.6628 14.6619 14.9173 14.9138 14.9099 14.6644
internal_weight=1461 1048 400 648 207 413 369 344 204 72 135 87 155 44 441 49 80 140 39 84 337 48 40 56 58 75 39 357 52 309 44 60 100 39 265 246 305 129 78 73
internal_count=1461 1048 400 648 207 413 369 344 204 72 135 87 155 44 441 49 80 140 39 84 337 48 40 56 58 75 39 357 52 309 44 60 100 39 265 246 305 129 78 73
is_linear=0
shrinkage=1


Tree=1
num_leaves=43
num_cat=1
split_feature=10 5 1 9 1 1 1 11 5 20 1 15 0 3 10 1 14 15 10 9 0 1 2 0 0 11 11 0 15 10 1 1 10 5 5 1 0 17 1 15 26 9
split_gain=303.606 198.565 52.8958 50.7093 44.6782 39.8451 36.4325 27.1295 18.7222 19.2939 18.6447 15.5638 11.6077 10.5666 9.12667 9.0918 7.39002 6.86833 7.3236 6.05238 5.86124 5.25952 4.12375 3.54989 2.75117 2.31098 2.25333 2.21974 2.20588 2.15043 1.81101 3.1797 1.04954 0.83463 0.503704 0.422294 0.314615 0.334339 0.577833 0.217778 0.19321 0.119028
threshold=0.47369649395226454 214.50000000000003 27.500000000000004 0.67802080537253961 27.500000000000004 10.500000000000002 3.5000000000000004 -0.16693488597178288 274.50000000000006 0 20.500000000000004 -0.69365844210389216 4.5000000000000009 6.5000000000000009 0.8852232634113919 7.5000000000000009 0.9635202313707022 0.80609824070534708 0.92843842216862604 0.73865729060996177 2.5000000000000004 15.500000000000002 41.500000000000007 3.5000000000000004 4.5000000000000009 0.96231527631374336 0.98519415784776321 5.5000000000000009 0.98153590997917928 0.84199059757024453 7.5000000000000009 15.500000000000002 0.28313308994381586 10.500000000000002 279.50000000000006 12.500000000000002 3.5000000000000004 1.0000000180025095e-35 19.500000000000004 0.97113435722967201 -4.4999999999999991 -0.88622299073327826
decision_type=2 2 2 2 2 2 2 2 2 9 2 2 2 2 2 2 2 2 2 2 2 2 2 2 2 2 2 2 2 2 2 2 2 2 2 2 2 2 2 2 2 2
left_child=1 5 8 4 17 6 -1 16 9 26 19 30 25 32 -6 20 23 27 -19 -5 -9 -15 34 -8 39 -13 -3 33 -24 -29 -11 -32 35 -2 -10 -7 -37 38 -38 -23 -35 -4
right_child=3 2 41 10 14 13 7 15 22 11 -12 12 -14 21 -16 -17 -18 18 -20 -21 -22 24 28 -25 -26 -27 -28 29 -30 -31 31 -33 -34 40 -36 36 37 -39 -40 -41 -42 -43
leaf_value=0.084205845570788196 -0.10124375167845484 -0.046782673087602977 0.051105043574481916 0.0086859995224283799 -0.012427373508905479 0.035539115038005352 0.032528700800432443 -0.024995497042855822 -0.054766783093600169 -0.039980922538622843 0.025801977097516068 0.014452021147848883 -0.008435209712378244 0.0087513056199241754 0.013598610558879169 0.00068443117702680055 -0.0053336720673817766 -0.011819987234007156 -0.047288456362049147 -0.034847749114198197 -0.03912898725906748 0.025005301645807342 -0.015750110135048102 0.01439148385626089 0.008002788540854254 0.030046440670127551 -0.01765860257771714 -0.038030443355757046 -0.017381511033542591 -0.078161161451350991 -0.0024865000838686473 -0.031775366231114689 0.039250802269230133 -0.046090102974964735 -0.035302831269310157 0.067060231485033109 0.043418273825020302 0.047292573383149621 0.062455036618701776 0.033656207663555954 -0.065540225281914277 0.07802043474479177
leaf_weight=55 34 30 19 20 25 24 27 19 20 28 33 36 24 20 24 24 19 31 36 23 25 25 27 23 19 23 20 19 24 25 32 19 23 19 34 163 29 45 44 20 212 20
leaf_count=55 34 30 19 20 25 24 27 19 20 28 33 36 24 20 24 24 19 31 36 23 25 25 27 23 19 23 20 19 24 25 32 19 23 19 34 163 29 45 44 20 212 20
internal_value=0.00132977 0.0439825 -0.0327436 -0.0804001 -0.097825 0.0892052 0.0404747 0.00472698 -0.0502551 -0.0281032 0.017042 -0.00639601 0.0327699 0.111915 0.0185027 -0.0533314 0.0619439 -0.112985 -0.0753917 -0.039157 -0.0883085 0.0709272 -0.0949807 0.088073 0.0890444 0.063662 -0.0984346 -0.121136 -0.068569 -0.0941957 -0.047545 -0.0330147 0.122411 -0.125609 -0.119925 0.124423 0.125832 0.120738 0.115325 0.106494 -0.128398 0.109593
internal_weight=1461 960 356 501 425 604 192 137 317 212 76 162 83 412 49 68 69 376 67 43 44 84 105 50 64 59 50 309 51 44 79 51 328 265 54 305 281 118 73 45 231 39
internal_count=1461 960 356 501 425 604 192 137 317 212 76 162 83 412 49 68 69 376 67 43 44 84 105 50 64 59 50 309 51 44 79 51 328 265 54 305 281 118 73 45 231 39
cat_boundaries=0 1
cat_threshold=1
is_linear=0
shrinkage=0.129519


Tree=2
num_leaves=46
num_cat=1
split_feature=10 5 1 9 1 11 19 1 1 0 5 1 0 10 1 11 14 1 1 1 0 13 5 1 9 9 11 26 1 16 1 2 1 13 11 2 0 0 14 1 2 14 13 9 11
split_gain=282.477 177.947 52.0426 39.9499 40.119 33.156 26.5189 20.3733 18.7355 15.7988 12.512 10.2481 10.12 9.12667 9.06756 8.94624 10.7389 7.71429 5.09457 4.65922 3.8162 3.79766 3.00444 2.8132 5.27575 3.09041 2.45125 2.12347 2.01561 1.83072 1.66113 2.06316 1.6 1.53133 1.12527 1 0.854025 0.665974 1.03749 0.537705 0.520999 0.398362 0.276383 0.12542 0.12542
threshold=0.47369649395226454 184.50000000000003 27.500000000000004 0.67802080537253961 27.500000000000004 0.15950578425779624 0 9.5000000000000018 3.5000000000000004 3.5000000000000004 58.500000000000007 5.5000000000000009 2.5000000000000004 0.8852232634113919 16.500000000000004 0.91161058030431374 0.57253657439026184 21.500000000000004 2.5000000000000004 7.5000000000000009 1.5000000000000002 -0.85001289022095461 294.50000000000006 8.5000000000000018 0.37446826358596375 -0.73866753694953124 0.98334239299093984 21.500000000000004 15.500000000000002 0.98899263613956478 13.500000000000002 14.500000000000002 15.500000000000002 -0.71504042705586657 -0.99629805505515956 19.500000000000004 5.5000000000000009 4.5000000000000009 -0.55656394595157355 11.500000000000002 34.500000000000007 0.81800285027139286 -0.56192038168531944 0.90892735371523092 -0.030099068566675696
decision_type=2 2 2 2 2 2 9 2 2 2 2 2 2 2 2 2 2 2 2 2 2 2 2 2 2 2 2 2 2 2 2 2 2 2 2 2 2 2 2 2 2 2 2 2 2
left_child=1 7 5 4 18 14 15 8 44 20 17 -10 -13 -6 29 16 -7 -5 -2 -18 33 -11 -16 -20 25 -25 -17 36 -21 39 31 -9 -22 -8 -32 -33 -27 41 -39 -3 -4 -36 -23 -40 -1
right_child=3 2 40 10 13 6 9 30 11 21 -12 12 -14 -15 22 26 19 -19 23 28 32 42 -24 24 -26 27 -28 -29 -30 -31 34 35 -34 -35 37 -37 -38 38 43 -41 -42 -43 -44 -45 -46
leaf_value=0.084970832759565879 -0.041276121549497787 -0.037436598526972245 0.04987477675450349 -0.00027641054068787635 -0.010817790704997431 0.010410505830132434 0.014415680705030276 0.025881905866553652 -0.0097980690227356532 0.0057678107450264927 -0.077724387709565274 0.019654488692738205 0.0010475480431819827 0.011837330132493886 -0.0041628853176826873 -0.044138291550477819 -0.035176268747012261 0.034797890452007423 -0.078932299236970704 -0.0021644507164747394 0.025975248066025716 -0.0019654087937276041 -0.012248161488594193 -0.032726648794664151 -0.015352745049519589 -0.053495548776685234 -0.015371475452281562 -0.040287379782155082 -0.027659847932994124 -0.070698134308262287 0.046626074973988435 0.028315611252240889 0.031232188731193076 0.011255966496970781 0.053370580721459338 0.033617631436532652 -0.057191858633534966 0.027460398609663511 0.055546321095156795 -0.02883777846725499 0.047424666238139283 0.071429255938185846 -0.0077070080894715348 0.048461548404461208 0.096347372622862554
leaf_weight=28 32 41 19 32 25 36 22 19 29 19 20 28 36 24 20 24 24 24 96 32 20 20 25 19 36 149 22 19 19 19 20 25 20 19 152 20 25 28 19 20 36 33 19 28 19
leaf_count=28 32 41 19 32 25 36 22 19 29 19 20 28 36 24 20 24 24 24 96 32 20 20 25 19 36 149 22 19 19 19 20 25 20 19 152 20 25 28 19 20 36 33 19 28 19
internal_value=0.00257088 0.0437127 -0.0125166 -0.0762638 -0.09173 -0.0279958 -0.00437565 0.0990126 0.0573585 0.0356395 0.0102252 0.0236755 0.0526172 0.0185027 -0.0839284 -0.0395538 -0.0221699 0.0416312 -0.106095 -0.0500807 0.0751531 -0.0133985 -0.0374166 -0.110694 -0.103406 -0.111191 -0.0901003 -0.116097 -0.0279355 -0.110091 0.115965 0.0971394 0.103615 0.0473851 0.120268 0.11225 -0.120587 0.122545 0.11225 -0.121026 0.10597 0.126719 -0.036531 0.124008 0.124008
internal_weight=1461 960 476 501 425 421 296 484 140 139 76 93 64 49 125 157 111 56 376 75 81 58 45 344 248 212 46 193 51 80 344 64 40 41 280 45 174 260 75 61 55 185 39 47 47
internal_count=1461 960 476 501 425 421 296 484 140 139 76 93 64 49 125 157 111 56 376 75 81 58 45 344 248 212 46 193 51 80 344 64 40 41 280 45 174 260 75 61 55 185 39 47 47
cat_boundaries=0 1
cat_threshold=65
is_linear=0
shrinkage=0.129519


Tree=3
num_leaves=51
num_cat=1
split_feature=10 9 1 1 13 11 13 1 20 1 0 1 1 15 15 0 2 1 9 15 2 15 13 5 15 15 15 1 15 13 1 0 0 10 0 0 0 5 14 0 11 0 0 2 1 0 15 0 15 0
split_gain=260.095 163.063 45.4643 34.2768 30.7662 30.6874 23.3333 19.1118 15.7601 12.8127 11.5862 9.12373 14.4296 8.40984 6.7324 6.60357 6.19084 5.78973 4.21019 4.50517 3.63695 3.43636 3.25581 3.01882 2.91296 2.71939 2.6656 4.49802 3.3 2.45074 3.46315 2.20806 3.05732 2.1711 1.98521 1.51856 1.32679 1.24727 1.03214 1.72024 1.23873 0.538928 0.498843 0.470012 0.245455 0.233283 0.41794 0.161582 0.313469 0.157193
threshold=0.45847758937963173 1.0000000180025095e-35 27.500000000000004 25.500000000000004 -0.5129757179017197 0.94704596667653973 -0.22072250280600578 13.500000000000002 0 13.500000000000002 3.5000000000000004 3.5000000000000004 6.5000000000000009 0.070900298346092461 0.48314495079116865 4.5000000000000009 38.500000000000007 2.5000000000000004 -0.96689237009891416 0.98153590997917928 7.5000000000000009 0.82776956806939794 0.97314989601849466 124.50000000000001 0.44023743748979649 -0.97874135047973931 -0.92436682192247444 16.500000000000004 -0.97874135047973931 -0.75014982656592333 8.5000000000000018 5.5000000000000009 1.0000000180025095e-35 0.92843842216862604 2.5000000000000004 1.5000000000000002 3.5000000000000004 261.50000000000006 -0.76694915615100767 3.5000000000000004 -0.99629805505515956 3.5000000000000004 2.5000000000000004 21.500000000000004 12.500000000000002 2.5000000000000004 0.95938219844953287 4.5000000000000009 -0.42180583328916638 4.5000000000000009
decision_type=2 2 2 2 2 2 2 2 9 2 2 2 2 2 2 2 2 2 2 2 2 2 2 2 2 2 2 2 2 2 2 2 2 2 2 2 2 2 2 2 2 2 2 2 2 2 2 2 2 2
left_child=1 2 4 5 8 17 -5 11 44 -7 35 43 23 16 41 24 26 34 -16 -20 -11 -12 36 -13 25 -14 28 -28 -6 -19 49 32 -32 -34 -2 -10 -8 -29 39 -9 -40 -15 -4 -3 -1 -42 47 -47 -49 -31
right_child=3 7 42 6 13 9 22 38 10 20 21 12 15 14 18 -17 -18 29 19 -21 -22 -23 -24 -25 -26 -27 27 37 -30 30 31 -33 33 -35 -36 -37 -38 -39 40 -41 45 -43 -44 -45 -46 46 -48 48 -50 -51
leaf_value=-0.032541900963991344 -0.021182814557574488 0.083986195127896887 0.039187443397909985 -0.035921852890190946 -0.0053745075575251239 -0.019490812678140481 0.030486682096804097 0.049871336261327906 0.0145138580653538 -0.0022057369348820045 -0.0018908629441654074 -0.017672318349466108 0.031627191819126876 -0.032983940759758551 -0.025102734027612338 0.012607949519903286 0.0090621460055761126 -0.07318848663164032 -0.0036320946129908228 -0.013543901152188282 0.015502018699970387 0.0070272242361550212 0.00057586802337724794 0.0098623114479058187 0.023766543191086873 0.0091628963026225071 0.0069181609128440456 -0.01872944041953074 -0.024151083283468468 -0.069125493520798401 -0.026071299935028533 -0.028362636363494054 -0.029101813455891263 -0.048481829087940118 -0.036754000720823105 0.027187022318989187 0.011438192326155179 -0.0092819921086742495 0.040587105561982452 0.013863973174254435 0.051233020801004003 -0.035690567264817424 0.04408839290564364 0.073637725178755373 -0.013380575078927816 0.054165483606343941 0.047735959322232589 0.036499145516354158 0.044267791765964938 -0.05855371454388518
leaf_weight=24 21 24 23 27 24 28 23 32 30 22 20 20 34 30 28 32 22 84 37 24 26 22 20 21 26 20 24 28 20 56 20 20 30 74 19 28 20 22 20 24 87 22 28 19 20 48 20 25 24 19
leaf_count=24 21 24 23 27 24 28 23 32 30 22 20 20 34 30 28 32 22 84 37 24 26 22 20 21 26 20 24 28 20 56 20 20 30 74 19 28 20 22 20 24 87 22 28 19 20 48 20 25 24 19
internal_value=0.00221628 0.0421754 -0.0114282 -0.0725205 -0.0252943 -0.0880977 0 0.0957789 0.0233854 -0.0136336 0.0518077 0.0647596 0.0499453 -0.0502405 -0.0725675 0.0740109 -0.0277541 -0.104597 -0.0509345 -0.031849 0.0269832 0 0.043173 -0.015795 0.0939014 0.0767521 -0.0395143 -0.0245036 -0.0647596 -0.110711 -0.103497 -0.0917427 -0.0981839 -0.107102 -0.0582836 0.0893235 0.0632535 -0.0466269 0.117492 0.101765 0.121424 -0.109593 0.104123 0.117471 -0.0412106 0.12444 0.120663 0.124178 0.118946 -0.126065
internal_weight=1461 952 476 509 425 419 90 476 144 76 100 196 153 281 141 112 140 343 89 61 48 42 63 41 80 54 118 74 44 303 219 144 124 104 40 58 43 50 280 56 224 52 51 43 44 204 117 97 49 75
internal_count=1461 952 476 509 425 419 90 476 144 76 100 196 153 281 141 112 140 343 89 61 48 42 63 41 80 54 118 74 44 303 219 144 124 104 40 58 43 50 280 56 224 52 51 43 44 204 117 97 49 75
cat_boundaries=0 1
cat_threshold=1
is_linear=0
shrinkage=0.129519


Tree=4
num_leaves=55
num_cat=0
split_feature=10 5 14 1 9 11 1 1 1 14 17 5 5 1 1 0 0 5 10 5 9 1 15 5 0 0 0 15 2 0 1 16 11 1 13 2 0 5 5 5 1 11 0 0 0 15 0 9 1 1 15 0 5 1
split_gain=236.182 118.884 41.1752 35.3507 35.3085 31.6455 21.3931 12.4019 8.69942 8.41154 11.1288 8.7587 7.68371 7.44316 10.6277 6.28665 6.19901 6.05 5.86667 5.8293 4.35331 4.10813 4.08333 3.72677 3.72308 3.2332 3.70256 3.46214 2.86651 2.36465 1.982 1.94368 1.8563 1.79932 1.71249 1.68421 1.58949 1.57509 1.51598 1.08938 1.04552 0.999592 0.964286 0.733092 0.721475 2.09177 0.511372 0.470012 0.4 0.376923 0.373854 0.363636 0.165217 0.158333
threshold=0.50370931781787065 216.50000000000003 -0.85672464624562206 27.500000000000004 0.67802080537253961 1.0000000180025095e-35 27.500000000000004 8.5000000000000018 14.500000000000002 0.24580949056559431 1.0000000180025095e-35 250.50000000000003 322.50000000000006 3.5000000000000004 6.5000000000000009 1.5000000000000002 4.5000000000000009 289.50000000000006 0.89309379682046119 170.50000000000003 0.84313847884979054 22.500000000000004 0.98153590997917928 245.50000000000003 1.5000000000000002 5.5000000000000009 1.5000000000000002 0.77241981449888963 19.500000000000004 4.5000000000000009 17.500000000000004 -0.95242240592625305 -0.99629805505515956 15.500000000000002 0.92602006027323125 26.500000000000004 3.5000000000000004 259.50000000000006 271.50000000000006 349.50000000000006 20.500000000000004 0.97872324816535827 2.5000000000000004 4.5000000000000009 4.5000000000000009 -0.42180583328916638 3.5000000000000004 0.98213580174693116 25.500000000000004 9.5000000000000018 0.95938219844953287 1.0000000180025095e-35 80.500000000000014 22.500000000000004
decision_type=2 2 2 2 2 2 2 2 2 2 2 2 2 2 2 2 2 2 2 2 2 2 2 2 2 2 2 2 2 2 2 2 2 2 2 2 2 2 2 2 2 2 2 2 2 2 2 2 2 2 2 2 2 2
left_child=1 2 5 9 6 48 12 36 13 17 41 23 25 42 20 -13 28 24 -8 32 -15 30 -19 33 -3 26 27 51 47 40 -6 -28 -10 -12 43 -9 -7 -17 -5 53 -21 -11 -4 -33 50 -46 -41 -16 -1 -26 52 -2 -34 -14
right_child=4 3 8 38 21 7 18 35 19 10 11 15 39 14 16 37 -18 22 -20 29 -22 -23 -24 -25 49 -27 31 -29 -30 -31 -32 34 44 -35 -36 -37 -38 -39 -40 46 -42 -43 -44 -45 45 -47 -48 -49 -50 -51 -52 -53 -54 -55
leaf_value=0.030251039802121175 -0.027337662671002259 -0.018564933404262397 0.064100229900152114 0.057322804842342319 0.0070282856847507305 -0.013105083348177044 -0.014294041554249619 0.018433376647020674 0.035330298310945078 0.013707449068067685 -0.031556936456817279 0.0075444828652257842 -0.070971643503908027 0.0093874722382310104 0.026198507101392477 -0.0017768267478649568 0.016228469500278991 0.0015974725801560846 0.0072593493437088583 0.012634035563550645 -0.010775792911873503 0.02967523121803723 -0.011789706641435971 -0.034106074152272167 -0.030656064791521116 -0.024797715578604933 -0.016291525413199781 -0.0087791832958686068 0.021602791001742193 0.0061850695364078136 -0.0019200517707735033 -0.049982381013679765 0.033633616998852506 -0.024536029004645295 -0.032822971399168004 -0.001578221742511218 -0.038439794782685534 -0.014311605107528762 0.019415889332512544 -0.021094019092236366 0.023903765649158203 0.011573065211599259 0.07189588978704288 -0.024602191641335997 0.029133501505462418 0.042618482438544401 -0.045800907444642616 0.012563586149904635 0.051564799022533303 -0.021830922521748886 0.052767772423390265 -0.03089043697753981 0.046442849155108261 -0.038696324179065947
leaf_weight=20 22 20 21 19 23 29 24 19 20 19 25 23 76 20 24 25 30 24 20 20 19 25 24 20 32 33 19 21 33 23 20 65 20 24 24 19 21 32 25 27 37 24 27 22 26 31 22 19 20 20 27 22 95 20
leaf_count=20 22 20 21 19 23 29 24 19 20 19 25 23 76 20 24 25 30 24 20 20 19 25 24 20 32 33 19 21 33 23 20 65 20 24 24 19 21 32 25 27 37 24 27 22 26 31 22 19 20 20 27 22 95 20
internal_value=0.00257088 0.0392804 0.0735335 -0.0203738 -0.0713023 0.00809495 -0.0854143 -0.0353234 0.0905581 -0.0357008 -0.0188882 -0.0356395 -0.09549 0.0691216 0.0544874 -0.00647596 0.0757565 -0.0626009 0 0.104395 -0.003321 0.0152375 -0.0269832 -0.0694523 -0.0863461 -0.0806654 -0.0870103 -0.0617707 0.0954352 0.0744735 -0.00903622 -0.0996301 0.115325 -0.0502217 -0.106182 0.0204504 -0.0777115 -0.0295395 0.0883085 -0.1188 0.0886184 0.039157 0.113329 -0.114632 0.119106 0.106796 -0.103087 0.117471 0.103615 -0.104612 0.124047 -0.0824213 0.127267 -0.126821
internal_weight=1461 976 620 356 485 128 417 88 492 312 192 149 373 193 145 80 106 120 44 299 39 68 48 69 72 228 195 65 76 80 43 130 219 49 111 38 50 57 44 145 57 43 48 87 199 57 49 43 40 52 142 44 115 96
internal_count=1461 976 620 356 485 128 417 88 492 312 192 149 373 193 145 80 106 120 44 299 39 68 48 69 72 228 195 65 76 80 43 130 219 49 111 38 50 57 44 145 57 43 48 87 199 57 49 43 40 52 142 44 115 96
is_linear=0
shrinkage=0.129519


Tree=5
num_leaves=51
num_cat=1
split_feature=10 5 1 11 5 1 15 9 1 0 14 9 13 1 20 13 14 14 0 16 15 26 5 0 15 15 2 26 5 1 1 15 26 11 2 5 0 1 11 14 9 1 16 14 2 9 15 5 0 5
split_gain=182.132 120.918 39.6477 24.9097 21.4785 20.4203 19.9339 16.6011 10.7631 9.72791 9.42308 9.15166 8.46013 8.28409 7.5062 8.71111 6.99254 6.00357 5.55482 5.40346 4.88167 4.21978 4.16667 4.20058 3.53266 3.52174 2.77036 3.51532 2.7929 2.71608 2.57143 2.3602 1.89997 2.20753 1.78592 3.80798 1.66766 1.60952 1.55469 1.20911 1.10592 1.00198 0.879657 0.820437 1.37814 1.28571 0.754704 0.635052 0.452174 0.154545
threshold=0.63089349388778826 184.50000000000003 26.500000000000004 0.19336742136696441 70.500000000000014 25.500000000000004 0.75014982656592355 0.62587949062545845 13.500000000000002 3.5000000000000004 -0.98992565105027064 -0.074117382312902935 -0.75861861348348636 2.5000000000000004 0 -0.33223377050200648 0.9635202313707022 -0.76694915615100767 3.5000000000000004 0.15950735154630963 0.85950060977100495 -17.499999999999996 309.50000000000006 1.5000000000000002 0.98153590997917928 -0.40024185687888814 1.5000000000000002 21.500000000000004 16.500000000000004 13.500000000000002 23.500000000000004 -0.85225067186764825 10.500000000000002 -0.98214488425316748 34.500000000000007 271.50000000000006 3.5000000000000004 16.500000000000004 -0.99629805505515956 -0.093401838931009493 0.42179998225932674 12.500000000000002 0.9593627910328778 0.25829437498066693 16.500000000000004 0.63920241694561786 0.39034993933883777 80.500000000000014 3.5000000000000004 344.50000000000006
decision_type=2 2 2 2 2 2 2 2 2 2 2 2 2 2 9 2 2 2 2 2 2 2 2 2 2 2 2 2 2 2 2 2 2 2 2 2 2 2 2 2 2 2 2 2 2 2 2 2 2 2
left_child=1 4 3 20 10 7 9 12 13 14 -1 -7 49 -6 -5 -16 18 30 39 -20 22 -12 23 -3 -22 31 -14 28 -28 -17 -10 -11 33 -30 -4 -36 -8 -9 -19 -15 -13 -27 48 47 -45 -46 -41 -40 -25 -2
right_child=5 2 34 6 8 11 36 37 17 25 21 40 26 16 15 29 -18 38 19 -21 24 -23 -24 42 -26 41 27 -29 32 -31 -32 -33 -34 -35 35 -37 -38 -39 43 46 -42 -43 -44 44 45 -47 -48 -49 -50 -51
leaf_value=-0.061703333770578628 -0.058340902644929818 -0.02672426131911811 0.018519459530788412 -0.021097706383836071 0.067847783487098759 -0.026257370320035087 0.019509240134893632 0.00016347426668936117 0.013016415377310287 -0.0230342174757933 0.02346917816684441 0.0093984553559764514 -0.06003550598288511 0.026360758228126804 0.01665889825054984 -0.0060556548805697601 -0.0026472727739522135 0.030754348245753464 0.016413458274042041 -0.0007676299389753039 0.0011682671635149518 0.0001504813514998718 -0.019938464184673828 -0.028225465820887131 -0.013144824985314094 -0.013648738852407569 -0.049365813079152568 -0.0076421109728022109 -0.01940403626024241 0.0054827109829707612 0.040138910648449357 0.0016804482017625977 -0.015958432326113377 -0.029042999224170807 0.048423974666195746 0.012706451867823666 0.0056570074920752507 -0.0021699007541603325 0.029277419648239007 0.0070298007698489651 0.00073178438410202815 -0.020850110270893219 -0.033461105389981212 0.029908691895663444 0.02607263821366294 0.044975280384959071 0.022805298835120915 0.04184029874723387 -0.022582395381377015 -0.05272745025889819
leaf_weight=20 68 29 25 26 32 27 36 28 28 27 28 21 25 25 35 31 23 20 27 28 23 24 20 20 21 22 25 19 28 32 28 19 19 93 22 29 28 20 20 21 20 24 25 37 20 50 20 77 26 20
leaf_count=20 68 29 25 26 32 27 36 28 28 27 28 21 25 25 35 31 23 20 27 28 23 24 20 20 21 22 25 19 28 32 28 19 19 93 22 29 28 20 20 21 20 24 25 37 20 50 20 77 26 20
internal_value=0.0041666 0.0328741 -0.0114575 -0.0262539 0.076534 -0.0686796 -0.00277541 -0.0814657 0.0869142 -0.0215865 0.0107933 -0.00380939 -0.0928875 0.061816 0.00208902 0.0185027 0.0485697 0.10269 0.0610132 0.0306136 -0.0663391 0.039852 -0.0798701 -0.0906634 -0.0294362 -0.053497 -0.078703 -0.0732065 -0.0792814 -0.0102793 0.0647596 -0.0281563 -0.0721607 -0.0781397 0.0749848 0.0888857 0.0607121 -0.0107933 0.112173 0.0863461 0.034749 -0.0788377 -0.107629 0.115551 0.107731 0.118418 0.0726571 0.124178 -0.118257 -0.126576
internal_weight=1461 1048 520 444 528 413 280 345 456 216 72 68 297 176 124 98 144 280 121 55 164 52 120 100 44 92 209 184 165 63 56 46 140 121 76 51 64 48 224 66 41 46 71 204 107 70 41 97 46 88
internal_count=1461 1048 520 444 528 413 280 345 456 216 72 68 297 176 124 98 144 280 121 55 164 52 120 100 44 92 209 184 165 63 56 46 140 121 76 51 64 48 224 66 41 46 71 204 107 70 41 97 46 88
cat_boundaries=0 1
cat_threshold=1
is_linear=0
shrinkage=0.129519


Tree=6
num_leaves=54
num_cat=2
split_feature=10 5 1 1 26 11 15 1 1 13 20 1 6 1 5 13 14 11 1 1 10 5 26 9 5 11 11 5 1 1 14 1 13 17 11 15 15 15 1 11 2 6 14 20 2 11 13 1 13 2 5 13 24
split_gain=138.72 98.3749 26.7601 26.0058 21.3002 17.6397 17.1358 13.261 9.71524 9.61361 9.46717 8.42963 8.41996 8.10491 7.46359 7.12406 6.91429 6.66849 4.55518 3.89821 4.82444 4.20536 7.19521 3.7772 3.61067 3.14881 3.14734 3.0557 2.95567 3.46209 4.99277 2.5729 2.24359 1.99267 1.9505 1.93521 1.89394 1.75439 1.51062 1.30877 1.29059 1.27059 1.07817 1.02261 0.90032 0.732601 0.625108 0.5306 0.50168 0.16065 0.326241 0.14386 0.105263
threshold=0.45847758937963173 184.50000000000003 27.500000000000004 25.500000000000004 -1.0000000180025095e-35 0.12545535980491204 0.75014982656592355 13.500000000000002 2.5000000000000004 -0.75861861348348636 0 7.5000000000000009 1.0000000180025095e-35 11.500000000000002 128.50000000000003 -0.27074049010966222 -0.76694915615100767 0.92919371535393525 16.500000000000004 2.5000000000000004 0.98899263613956456 309.50000000000006 11.500000000000002 0.93237596376505805 249.50000000000003 -0.15951315977791497 0.8277925332691819 245.50000000000003 21.500000000000004 17.500000000000004 0.58306623471453534 7.5000000000000009 -0.50742764154523201 1.0000000180025095e-35 0.97650828179861848 -0.088048054265838741 0.98153590997917928 0.15951242222078788 9.5000000000000018 -0.92923668111203817 40.500000000000007 1.0000000180025095e-35 0.63422424279345269 1 10.500000000000002 -0.98803388382128643 -0.86975934775017849 15.500000000000002 0.88220160189607266 16.500000000000004 86.500000000000014 -0.97876397852965813 1.0000000180025095e-35
decision_type=2 2 2 2 2 2 2 2 2 2 9 2 2 2 2 2 2 2 2 2 2 2 2 2 2 2 2 2 2 2 2 2 2 2 2 2 2 2 2 2 2 2 2 9 2 2 2 2 2 2 2 2 2
left_child=1 7 5 4 11 18 10 8 -1 46 34 -2 13 27 23 -5 25 -15 37 -11 21 22 48 44 -14 -9 -4 -12 29 42 -31 -25 45 -13 -7 -17 -20 -3 -16 -30 -39 43 -18 -8 -10 -23 51 -24 -21 50 -41 -6 -37
right_child=3 2 26 15 9 6 41 16 14 19 12 33 24 17 38 35 28 -19 36 20 -22 32 47 31 -26 -27 -28 -29 39 30 -32 -33 -34 -35 -36 52 -38 40 -40 49 -42 -43 -44 -45 -46 -47 -48 -49 -50 -51 -52 -53 -54
leaf_value=0.059060196511793964 -0.046270760788094299 -0.051730573749629735 0.017558136751556524 -0.022856538139954089 -0.097748577790199812 -0.036579659892519274 0.0085774145713956584 0.012450466153765022 0.0003551137267853616 -0.01243749546654818 4.8750322063598039e-05 -0.0033610081083943876 -0.0095320740075523786 0.001462797985771558 0.0098420241298877685 0.019949183004865038 0.021069606372985446 0.016533166603673318 -0.0035115024236285113 -0.041884686802551224 -0.054749822676549487 -0.019256444028757914 -0.034617743730910817 0.0020545319812565964 -0.0016732026147323873 0.038994762864479261 0.070077236988072264 -0.021357386506389749 0.0243097117453435 0.025758942312941128 0.015901469164854794 0.01328242836816099 -0.014448441402077296 0.0060968150775966628 -0.011921582076365704 0.00096242847378321522 -0.010234325049732193 -0.022931510187490602 0.021165900093470125 0.026271353276775374 -0.014400719081140639 0.0047140951596472266 0.033279972459639547 0.032993331834582654 -0.0037327409876055755 -0.024462393417948557 -0.035415528748679995 -0.013984713474962891 -0.020881701035085184 0.057320588445306062 0.039713132485038653 -0.051848021904917621 0.022997784087268578
leaf_weight=32 30 19 30 23 19 20 25 32 21 23 32 36 28 53 36 29 28 23 20 28 37 24 19 20 25 24 21 26 27 24 31 33 32 31 26 19 24 22 32 23 35 20 25 23 26 28 28 24 19 42 24 41 19
leaf_count=32 30 19 30 23 19 20 25 32 21 23 32 36 28 53 36 29 28 23 20 28 37 24 19 20 25 24 21 26 27 24 31 33 32 31 26 19 24 22 32 23 35 20 25 23 26 28 28 24 19 42 24 41 19
internal_value=0.00292548 0.0321077 -0.00987858 -0.051655 -0.0652232 -0.0206123 -0.00387267 0.0733942 0.0479221 -0.0812511 -0.0205674 -0.0120172 -0.00761877 0.00966561 0.0354636 0.0115128 0.0915885 0.0374924 -0.0626009 -0.0675271 -0.0730463 -0.0640152 -0.0834679 0.0129519 -0.0513189 0.0508825 0.0787273 -0.0267971 0.101765 0.0863461 0.0635821 0.0366564 -0.043173 0.0135319 -0.0732065 0.0328631 -0.0294362 -0.0818016 0.068569 0.116121 -0.0931629 0.0533314 0.109969 0.0647596 -0.0137786 -0.0597781 -0.117745 -0.0451811 -0.118496 0.123698 0.118496 -0.125202 0.0136336
internal_weight=1461 952 472 509 419 421 301 480 200 322 233 97 187 134 168 90 280 76 120 234 211 174 90 100 53 56 51 58 224 108 55 53 84 67 46 67 44 76 68 116 57 68 53 48 47 52 88 43 47 89 47 60 38
internal_count=1461 952 472 509 419 421 301 480 200 322 233 97 187 134 168 90 280 76 120 234 211 174 90 100 53 56 51 58 224 108 55 53 84 67 46 67 44 76 68 116 57 68 53 48 47 52 88 43 47 89 47 60 38
cat_boundaries=0 1 2
cat_threshold=1 8
is_linear=0
shrinkage=0.129519


Tree=7
num_leaves=48
num_cat=1
split_feature=10 5 1 10 11 15 15 20 1 0 1 0 1 9 11 11 15 1 15 14 0 9 11 0 0 0 1 14 0 2 0 15 1 15 0 0 9 5 11 0 11 0 26 15 0 24 15
split_gain=128.614 76.0752 27.0958 16.6455 16.5501 11.5694 9.79993 9.44111 8.96461 8.03512 8.24627 7.65281 6.11912 7.37652 5.54933 9.58191 5.53803 5.24216 5.28431 5.21589 3.80249 3.75982 3.69304 3.35779 2.98046 3.01653 2.96409 2.78906 3.15855 3.28931 2.75068 2.59286 2.19048 2.17632 1.64189 1.56567 1.39919 1.38709 1.23786 1.12441 1.11209 1.35764 0.9 0.857143 0.744947 0.560392 0.556391
threshold=0.63089349388778826 184.50000000000003 27.500000000000004 0.28313308994381586 0.12545535980491204 0.75014982656592355 -0.84080672043737914 0 27.500000000000004 3.5000000000000004 11.500000000000002 3.5000000000000004 25.500000000000004 0.67802080537253961 -0.056952163117076689 -0.22701068973476937 0.85950060977100495 10.500000000000002 -0.51296385841321468 0.98484943023723592 1.0000000180025095e-35 -0.074117382312902935 0.8277925332691819 5.5000000000000009 1.5000000000000002 5.5000000000000009 10.500000000000002 -0.98371105771731127 1.5000000000000002 41.500000000000007 3.5000000000000004 0.98699576267654165 17.500000000000004 0.90162953016825964 3.5000000000000004 3.5000000000000004 -0.88622299073327826 281.50000000000006 0.77241981449888963 2.5000000000000004 -0.98803388382128643 2.5000000000000004 -17.499999999999996 0.44023743748979649 4.5000000000000009 1.0000000180025095e-35 -0.31596023309570309
decision_type=2 2 2 2 2 2 2 9 2 2 2 2 2 2 2 2 2 2 2 2 2 2 2 2 2 2 2 2 2 2 2 2 2 2 2 2 2 2 2 2 2 2 2 2 2 2 2
left_child=1 3 4 8 16 7 34 39 14 10 -5 17 13 24 15 19 27 38 -19 20 -1 -14 36 26 32 40 -13 -3 -29 37 -22 -18 43 -7 -2 -16 -4 -30 -9 -6 -26 -42 -11 -8 -43 -23 -10
right_child=6 2 22 9 5 33 12 11 46 42 -12 23 21 -15 35 -17 31 18 -20 -21 30 45 -24 -25 25 -27 -28 28 29 -31 -32 -33 -34 -35 -36 -37 -38 -39 -40 -41 41 44 -44 -45 -46 -47 -48
leaf_value=0.010672631447017111 -0.049883052495130635 -0.04579471295521139 0.020956693845670563 -0.00030110221288090982 -0.017121112308525189 0.020465793174796427 -0.024158536715158118 0.00068067510565969968 0.08158824526640969 -0.0027406804678472116 0.031055404416805397 -0.021654455067397344 -0.019896178839529578 -0.0006351620040134341 0.025260495798021424 -0.0042965497511420984 0.0010734846788112309 0.0014948549517056627 0.013891584843807717 0.0060729257103938131 0.028102506703764029 -0.00056128718123797466 0.061000893099272618 4.5100196997541061e-05 -0.019135233405283145 -0.013804776346195499 -0.0018468408167204434 -0.0093811588412750363 -0.017304757053474576 -0.02461415803933837 0.013966453444183704 -0.0092942253079713235 -0.010772356072756237 0.0054032483591622184 -0.061572235702862355 0.014058815427523217 0.0034324162477510998 -0.016638774793116002 -0.0034163943068113204 -0.023006964628805131 -0.012238005019689397 -0.030388845610944477 -0.0044698061952062485 -0.02889776230015827 -0.021174254322584303 0.021653012034586857 0.055090364350523842
leaf_weight=37 37 24 19 27 20 31 21 21 19 20 25 20 27 32 38 29 28 34 32 23 113 19 21 27 21 35 33 23 22 21 111 20 27 37 27 29 20 21 20 26 32 61 20 21 31 22 37
leaf_count=37 37 24 19 27 20 31 21 21 19 20 25 20 27 32 38 29 28 34 32 23 113 19 21 27 21 35 33 23 22 21 111 20 27 37 27 29 20 21 20 26 32 61 20 21 31 22 37
internal_value=0.00257088 0.0266948 -0.00846856 0.0613254 -0.0191463 -0.00129089 -0.0586443 -0.0150087 0.0718891 0.0112625 0.0448336 -0.00207785 -0.0501005 -0.0585371 0.0647596 0.0575181 -0.0529481 0.0205778 0.043173 0.0647596 0.0699701 -0.0152375 0.0733942 -0.0323798 -0.06606 -0.0748333 -0.0513189 -0.0688435 -0.0580603 -0.0728545 0.0763238 -0.0161899 -0.043173 0.0457126 -0.105234 0.0985892 0.0498151 -0.0933743 -0.015795 -0.0675752 -0.0830709 -0.0877388 -0.0323798 -0.0616758 -0.0957315 0.00947701 0.120268
internal_weight=1461 1048 520 528 460 301 413 233 436 92 52 187 349 281 380 313 159 107 66 284 261 68 60 80 249 180 53 111 87 64 224 48 69 68 64 67 39 43 41 46 145 124 40 42 92 41 56
internal_count=1461 1048 520 528 460 301 413 233 436 92 52 187 349 281 380 313 159 107 66 284 261 68 60 80 249 180 53 111 87 64 224 48 69 68 64 67 39 43 41 46 145 124 40 42 92 41 56
cat_boundaries=0 1
cat_threshold=1
is_linear=0
shrinkage=0.129519


Tree=8
num_leaves=49
num_cat=0
split_feature=5 5 9 5 15 1 1 15 1 1 1 5 1 0 11 11 1 0 11 11 0 0 15 14 11 2 1 1 1 0 15 26 9 1 0 14 11 1 5 14 13 0 1 0 26 15 11 1
split_gain=73.2572 69.1136 32.2243 22.4255 15.8292 10.7906 10.6649 9.06785 9.77902 9.30144 8.4 7.45568 6.52142 6.2326 6.53374 7.1586 5.73532 5.3284 7.48366 4.94563 4.79798 7.59444 6.86904 5.48551 4.47044 3.89457 3.42877 4.57143 3.675 2.9697 2.75901 2.61905 2.91351 2.55282 2.41924 1.9278 1.84472 1.51684 1.42989 1.29524 1.28136 1.19445 0.853333 0.670953 0.640212 0.556391 0.435374 0.105263
threshold=275.50000000000006 42.500000000000007 1.0000000180025095e-35 70.500000000000014 0.85950060977100495 27.500000000000004 27.500000000000004 0.78125476209224975 6.5000000000000009 3.5000000000000004 24.500000000000004 300.50000000000006 26.500000000000004 3.5000000000000004 0.98519415784776321 0.95239763423914636 22.500000000000004 3.5000000000000004 -0.90893575921103265 -0.65234524191686594 3.5000000000000004 1.5000000000000002 -0.89595393124644551 -0.76694915615100767 -0.13292143739675696 48.500000000000007 12.500000000000002 4.5000000000000009 18.500000000000004 1.5000000000000002 0.90162953016825964 21.500000000000004 0.24372619187392147 7.5000000000000009 3.5000000000000004 0.52948268293834722 0.8277925332691819 14.500000000000002 106.50000000000001 0.82899748928657291 0.88220160189607266 3.5000000000000004 13.500000000000002 4.5000000000000009 2.5000000000000004 -0.31596023309570309 -0.47653456831620439 14.500000000000002
decision_type=2 2 2 2 2 2 2 2 2 2 2 2 2 2 2 2 2 2 2 2 2 2 2 2 2 2 2 2 2 2 2 2 2 2 2 2 2 2 2 2 2 2 2 2 2 2 2 2
left_child=1 10 6 16 12 20 7 8 9 -3 31 41 17 14 15 -10 34 19 47 25 21 22 -5 -22 -24 37 27 -25 -28 -21 -9 32 -1 -23 42 -15 -8 -2 -35 -37 -34 -6 -4 -20 -42 -7 -45 -19
right_child=4 2 3 5 11 45 36 30 13 -11 -12 -13 -14 35 -16 -17 -18 18 43 29 23 33 24 26 -26 -27 28 -29 -30 -31 -32 -33 40 38 -36 39 -38 -39 -40 -41 44 -43 -44 46 -46 -47 -48 -49
leaf_value=-0.041310026948202259 -0.016623049268756702 0.0021190283259046538 -0.0015253659684569868 0.017702096202721094 -0.010668142894001802 0.071021005415790289 0.0033895993522199052 0.018765530143896172 0.0036487451998443643 -0.022489042955783606 0.0013908883823789576 0.016037710748819236 -0.00050157226688959543 -0.00028135594234659714 0.013581489448202538 -0.01787617033936539 0.020177165653982525 -0.032725038578109281 -0.030493477857292905 0.00011837675183155232 -0.00061373176714974137 0.023916689889289387 0.0068738473936523908 0.03687995309544035 0.010990035667518811 -0.071130679604705829 0.019800023679095217 0.00043959533576786244 0.012095265828570968 -0.01354838798513754 0.0047034242460526647 -0.014497587327353897 -0.012820899157015071 0.029184750723296123 -0.0032632205976991973 -0.014033668434709472 0.053100109519761116 -0.029040734770777451 0.02971184464952821 -0.0050585738942586613 -0.011858640220140647 0.00053617154549372647 0.0095814787046766773 -0.04843561644908221 -0.016781894591013032 0.047955107406964084 -0.016543583522116705 -0.013868113099660283
leaf_weight=36 33 24 30 20 25 19 23 27 75 33 28 20 36 35 22 20 25 19 24 33 28 26 72 21 19 22 32 42 48 33 37 30 26 29 37 30 21 29 59 21 27 19 20 21 21 37 28 19
leaf_count=36 33 24 30 20 25 19 23 27 75 33 28 20 36 35 22 20 25 19 24 33 28 26 72 21 19 22 32 42 48 33 37 30 26 29 37 30 21 29 59 21 27 19 20 21 21 37 28 19
internal_value=0.0043439 0.0209586 0.0347423 0.054196 -0.0462825 0.0670519 0.00492736 -0.003198 -0.0139482 -0.0613512 -0.0555082 0.0121424 -0.0588723 -0.000638025 0.018819 0.00409008 0.00231284 -0.0660002 -0.0875129 -0.0500807 0.0595265 0.0719551 0.0478404 0.043173 0.0327356 -0.0709272 0.053438 0.0308379 0.0712355 -0.0235489 0.0404747 -0.0684601 -0.0777115 0.0954352 -0.0133985 -0.0271087 0.0647596 -0.0543145 0.10597 -0.043173 -0.0630093 -0.0176617 0.00518077 -0.111777 -0.0755528 0.120268 -0.103087 -0.0409008
internal_weight=1461 1100 932 564 361 452 368 324 260 57 168 64 297 203 117 95 112 261 111 150 396 225 111 171 91 84 143 63 80 66 64 140 110 114 87 86 44 62 88 51 74 44 50 73 48 56 49 38
internal_count=1461 1100 932 564 361 452 368 324 260 57 168 64 297 203 117 95 112 261 111 150 396 225 111 171 91 84 143 63 80 66 64 140 110 114 87 86 44 62 88 51 74 44 50 73 48 56 49 38
is_linear=0
shrinkage=0.129519


Tree=9
num_leaves=52
num_cat=1
split_feature=10 9 1 5 11 19 1 15 5 5 1 11 0 0 15 0 0 11 1 1 1 1 0 0 1 0 0 0 15 1 14 0 0 14 9 5 0 0 15 1 0 1 0 15 5 2 24 0 14 14 2
split_gain=97.8808 51.3588 18.7984 12.5821 10.6407 10.2218 9.78167 8.68342 8.02778 8.01105 5.67534 5.65247 5.48715 10.7302 5.24776 5.18851 8.04608 5.53356 6.69319 5.82061 4.6634 5.48694 5.80684 3.73907 3.65598 3.03946 2.91667 2.75724 2.4904 5.31237 2.38929 2.38194 2.32872 2.24672 2.09514 1.84808 1.82633 2.06182 1.79426 1.7573 2.21743 1.32254 1.31058 1.26921 1.22136 1.183 1.06877 0.110526 0.105263 0.105263 0.00401002
threshold=0.63089349388778826 1.0000000180025095e-35 27.500000000000004 70.500000000000014 0.12545535980491204 0 28.500000000000004 -0.84080672043737914 58.500000000000007 248.50000000000003 25.500000000000004 0.99572776335819457 3.5000000000000004 2.5000000000000004 0.83964085476224259 3.5000000000000004 1.0000000180025095e-35 -0.97113884758256674 3.5000000000000004 8.5000000000000018 2.5000000000000004 7.5000000000000009 1.0000000180025095e-35 5.5000000000000009 15.500000000000002 5.5000000000000009 3.5000000000000004 1.5000000000000002 0.15951242222078788 5.5000000000000009 0.46229521128428647 2.5000000000000004 3.5000000000000004 0.81800285027139286 -0.091260668982868137 297.50000000000006 4.5000000000000009 2.5000000000000004 0.93312951628665375 22.500000000000004 5.5000000000000009 16.500000000000004 1.5000000000000002 -0.56192038168531944 259.50000000000006 22.500000000000004 1.0000000180025095e-35 2.5000000000000004 0.19548167345241949 0.94843163125622032 4.5000000000000009
decision_type=2 2 2 2 2 9 2 2 2 2 2 2 2 2 2 2 2 2 2 2 2 2 2 2 2 2 2 2 2 2 2 2 2 2 2 2 2 2 2 2 2 2 2 2 2 2 2 2 2 2 2
left_child=1 2 4 8 14 9 15 31 -3 36 11 20 13 24 28 16 30 -17 -19 -20 -9 50 -23 -21 -7 41 -10 -11 -1 -30 -5 -2 -31 42 -12 -16 37 -6 48 40 -24 -14 43 -18 -29 -44 -36 -8 -4 -35 -22
right_child=7 3 38 6 5 12 47 10 26 27 34 -13 25 -15 35 17 33 18 19 23 21 22 39 -25 -26 -27 -28 44 29 32 -32 -33 -34 49 46 -37 -38 -39 -40 -41 -42 -43 45 -45 -46 -47 -48 -49 -50 -51 -52
leaf_value=-0.0022150340030809589 -0.035105259425700475 0.017853468566970968 0.027454548856754055 0.0069817082805872102 -0.015560864023243765 -0.00032139488377811587 0.075038754402000113 0.00032656234547758986 0.00024057134268360388 0.0032171867753253208 -0.016083936224234836 0.0034921354812341224 -0.0011070560036156578 0.02152137915178793 -0.0094144152336048444 0.016592100828102235 0.015963102806689552 0.038646098893743625 -0.0094820965580600571 0.0036477071257183438 -0.036036943574802048 0.003233536008998332 -0.014227599920561083 0.016079086270894306 0.0087904108678522139 0.0014098925814057966 -0.029992572542855582 0.00096898225057858399 -0.035981682461545358 -0.0085117198843508556 -0.0036431643265529639 -0.050014957082336498 -0.012942172879048339 0.026441157513907122 -0.0004366090552242886 0.002053182800635741 -0.020654432972393805 -0.012547203463011278 0.0030517340346280716 -0.022503419068786189 -0.0032762405188714559 -0.0031141905125390387 0.027517498126726277 0.011247131153630538 -0.0099926478756248802 0.01416892706025615 0.017034504429836242 0.070872163191684656 0.021839524976578401 0.014844084351925036 -0.033404276914309125
leaf_weight=23 28 24 19 35 28 32 19 19 28 26 23 24 20 21 32 24 22 19 25 73 19 27 117 37 31 20 20 30 23 37 23 36 28 19 22 20 19 22 22 31 23 19 63 23 33 30 23 21 19 19 21
leaf_count=23 28 24 19 35 28 32 19 19 28 26 23 24 20 21 32 24 22 19 25 73 19 27 117 37 31 20 20 30 23 37 23 36 28 19 22 20 19 22 22 31 23 19 63 23 33 30 23 21 19 19 21
internal_value=0.0041666 0.0252117 -0.00346044 0.0538839 -0.012282 0.00215148 0.0618941 -0.0492361 0.00359775 -0.0200446 -0.0411938 -0.0493187 0.0262424 0.0493406 -0.0389352 0.0559573 0.0686341 0.0392923 0.0302772 0.0201474 -0.0549322 -0.0598618 -0.0510227 0.0329685 0.0226145 -0.00219524 -0.0269832 0.00436581 -0.0548414 -0.0647596 0.0267971 -0.0930919 -0.0458299 0.0824213 -0.00761877 -0.00498151 -0.0544356 -0.0414461 0.0647596 -0.0598363 -0.0536579 -0.023247 0.0901003 0.0719551 -0.0102793 0.0988802 0.00863461 0.123043 0.0818016 0.0545344 -0.103615
internal_weight=1461 1048 524 524 464 301 452 413 72 158 349 281 143 84 163 412 234 178 154 135 257 238 198 110 63 59 48 89 111 88 58 64 65 176 68 52 69 50 60 171 140 39 138 45 63 93 45 40 38 38 40
internal_count=1461 1048 524 524 464 301 452 413 72 158 349 281 143 84 163 412 234 178 154 135 257 238 198 110 63 59 48 89 111 88 58 64 65 176 68 52 69 50 60 171 140 39 138 45 63 93 45 40 38 38 40
cat_boundaries=0 1
cat_threshold=65
is_linear=0
shrinkage=0.129519


Tree=10
num_leaves=50
num_cat=0
split_feature=10 5 26 1 1 1 1 5 1 5 17 1 1 1 0 5 26 9 14 1 14 14 9 0 0 26 1 11 0 5 5 5 5 11 5 1 1 9 9 1 0 17 11 14 11 10 5 2 1
split_gain=74.4068 36.8117 17.4948 12.8315 9.99523 8.56019 12.6636 7.8734 6.72369 5.45962 7.17693 5.39935 4.64482 6.28024 4.54777 6.06316 7.01754 5.6597 4.53704 4.24561 3.82569 4.39291 4.09697 3.65046 9.36418 3.53677 3.35664 2.94688 2.188 2.0851 3.0303 2.55698 2.34113 2.07407 2.0072 1.94444 1.92857 1.91664 1.83224 1.76348 1.49142 1.43474 1.11429 2.23509 1.00087 0.88658 0.580645 0.105263 0.0607287
threshold=0.50370931781787065 182.50000000000003 -1.0000000180025095e-35 27.500000000000004 27.500000000000004 2.5000000000000004 10.500000000000002 70.500000000000014 7.5000000000000009 284.50000000000006 1.0000000180025095e-35 27.500000000000004 2.5000000000000004 8.5000000000000018 1.5000000000000002 345.50000000000006 11.500000000000002 -0.48314718476766416 0.06768135347655746 18.500000000000004 -0.76694915615100767 -0.84999962547371377 0.30983042691905766 2.5000000000000004 4.5000000000000009 6.5000000000000009 19.500000000000004 0.62585923293574564 1.5000000000000002 248.50000000000003 220.50000000000003 277.50000000000006 190.50000000000003 0.54217677573236234 316.50000000000006 5.5000000000000009 29.500000000000004 -0.37447345805034538 -0.67803021058859214 18.500000000000004 4.5000000000000009 1.0000000180025095e-35 0.8277925332691819 -0.21442283416999405 0.98334239299093984 0.8852232634113919 350.50000000000006 30.500000000000004 14.500000000000002
decision_type=2 2 2 2 2 2 2 2 2 2 2 2 2 2 2 2 2 2 2 2 2 2 2 2 2 2 2 2 2 2 2 2 2 2 2 2 2 2 2 2 2 2 2 2 2 2 2 2 2
left_child=1 4 8 5 7 -3 29 -1 -2 10 19 14 -9 18 15 16 38 34 -14 -8 21 -15 -22 -10 -25 37 -11 33 -24 30 32 -31 -7 -12 -16 -20 -6 -19 -4 -36 48 -39 43 -5 -29 -13 -43 -21 -27
right_child=2 3 11 42 36 6 9 12 23 26 27 45 13 20 17 -17 -18 25 35 47 22 -23 28 24 -26 40 -28 44 -30 31 -32 -33 -34 -35 39 -37 -38 41 -40 -41 -42 46 -44 -45 -46 -47 -48 -49 -50
leaf_value=-0.0019918196687774017 -0.029077783495589385 0.021397868249202888 -0.011227965571373196 0.0077945745793878245 0.018709813513653858 -0.015178745218774395 0.0071256582888591987 0.051576198344905559 0.0096545409449668614 -0.010141940672436614 0.00037005961356000939 -0.015722802058430029 0.0098988894832874111 0.0099008736607013315 -0.026810260349934601 0.0046498479169855113 0.0028147311865495709 -0.072126578368431213 -0.010088015614120647 0.0094000326716819366 0.015657008997736133 -0.0018117404698278813 0.010680909264262779 -0.013883807479883194 0.0082931391949118225 -0.044401603985033088 0.00066069641448618952 -0.012797649959934239 0.015843371671517843 -0.00074736151705782005 -0.025820782033395547 -0.013582164570117551 -0.003346800222323898 0.004629985357109327 0.00028426626937521905 0.0016757492425158544 0.069769951165318797 -0.031499638985449024 -0.027058365625346345 -0.020003024708201752 -0.0092271777851969539 -0.012958980122034712 0.042666738960438606 0.00053694931909295215 -0.0011107468630491685 0.0073509412278078556 -0.020914841269864357 0.010623112190978411 -0.013745484144633714
leaf_weight=36 21 32 20 19 32 27 19 27 36 33 84 20 27 33 31 19 19 20 21 19 20 20 63 22 25 20 32 20 157 28 20 25 28 24 23 24 24 19 37 27 23 31 21 20 22 22 31 19 19
leaf_count=36 21 32 20 19 32 27 19 27 36 33 84 20 27 33 31 19 19 20 21 19 20 20 63 22 25 20 32 20 157 28 20 25 28 24 23 24 24 19 37 27 23 31 21 20 22 22 31 19 19
internal_value=0.0043439 0.0249484 -0.0371199 0 0.0503091 -0.00779513 -0.0129519 0.0435765 0.00996301 0.00285704 0.0131396 -0.049972 0.0489001 0.0450656 -0.055399 -0.0313573 -0.0477176 -0.0647596 0.0107933 0.0522621 0.0534874 0.0219938 0.0604423 0.026528 0.00275573 -0.078665 -0.029889 -0.00172692 0.05534 -0.0465459 -0.0604423 -0.0268813 -0.044743 0.00959401 -0.036777 -0.014391 0.101765 -0.0936128 -0.0704402 -0.0207231 -0.0543145 -0.0847471 0.056125 0.043173 -0.0308379 -0.00616758 -0.0752047 0.0272672 -0.0697411
internal_weight=1461 976 485 492 484 432 400 428 104 272 207 381 392 365 339 95 76 244 72 57 293 53 240 83 47 163 65 150 220 128 75 53 55 108 81 45 56 101 57 50 62 81 60 39 42 42 62 38 39
internal_count=1461 976 485 492 484 432 400 428 104 272 207 381 392 365 339 95 76 244 72 57 293 53 240 83 47 163 65 150 220 128 75 53 55 108 81 45 56 101 57 50 62 81 60 39 42 42 62 38 39
is_linear=0
shrinkage=0.129519


Tree=11
num_leaves=58
num_cat=1
split_feature=10 9 9 13 0 0 0 13 0 0 17 0 11 10 10 0 15 26 13 0 9 10 20 15 16 0 16 15 15 11 0 11 17 9 16 11 14 11 0 2 16 9 13 11 2 9 10 11 2 11 9 25 9 9 0 17 15
split_gain=65.9402 30.3295 9.05582 7.71422 7.60985 8.02282 6.89958 6.41663 12.642 5.80684 7.6455 8.13127 5.30366 4.99277 5.04066 4.56588 4.31703 4.23123 3.64329 3.58542 6.41839 4.15019 3.37857 3.51792 3.11618 2.80622 3.33333 2.74923 3.69565 2.73379 2.63863 2.62605 2.37147 4.63456 2.20033 4.66667 3.41333 2.07619 3.36111 2.04494 2.03008 1.92066 1.63005 2.72109 1.5013 1.48846 1.47158 1.34291 1.26341 1.25242 1.09394 0.881691 0.837321 0.681818 0.584416 0.528703 0.451861
threshold=0.48877522411129343 0.022575936829235404 0.39036257410962039 -0.98994109942595798 3.5000000000000004 1.0000000180025095e-35 3.5000000000000004 -0.22700964008248706 2.5000000000000004 1.5000000000000002 1.0000000180025095e-35 4.5000000000000009 -0.42180583328916638 0.29958852271690523 0.11478523713130602 1.5000000000000002 0.091260247011684809 23.500000000000004 -0.91597301953928589 1.5000000000000002 -0.48314718476766416 0.94636490295939868 0 0.6523422256022039 0.94910885063987094 1.5000000000000002 -0.39036731218380777 -0.91595184315390066 -0.38044538728672533 0.59866263443171663 2.5000000000000004 -0.58482091572441486 1.0000000180025095e-35 -0.98214942551678475 0.8277910979379729 -0.091260668982868137 -0.84999962547371377 -0.97509344079810367 5.5000000000000009 49.500000000000007 0.40219869027840577 -0.89406062840022227 0.62671365618031138 -0.098750666093870329 45.500000000000007 -0.056952163117076689 -0.03976928634766979 -0.61237701952678392 2.5000000000000004 -0.79384350655589164 0.69056404122701587 1.0000000180025095e-35 -0.70291267844185523 -0.37447345805034538 4.5000000000000009 1.0000000180025095e-35 -0.67801140019997397
decision_type=2 2 2 2 2 2 2 2 2 2 2 2 2 2 2 2 2 2 2 2 2 2 9 2 2 2 2 2 2 2 2 2 2 2 2 2 2 2 2 2 2 2 2 2 2 2 2 2 2 2 2 2 2 2 2 2 2
left_child=1 3 17 -1 5 42 7 8 22 50 11 -11 31 14 18 16 29 19 -8 39 44 53 -5 -24 25 26 -7 -27 56 -9 -23 37 -20 -34 36 -36 -14 -6 49 52 -28 46 43 -3 -21 -32 -17 -30 -47 -39 -4 -12 -2 -22 -46 -54 -29
right_child=2 4 9 6 12 24 13 15 -10 10 51 -13 34 -15 -16 41 -18 -19 32 20 21 30 23 -25 -26 27 40 28 47 -31 45 -33 33 -35 35 -37 -38 38 -40 -41 -42 -43 -44 -45 54 48 -48 -49 -50 -51 -52 -53 55 -55 -56 -57 -58
leaf_value=0.033318511818656533 -0.0083554928273081377 -0.0052254136964223095 0.0017724560164082048 -0.0057348998188303836 0.012391086129814816 0.00143179231734458 -0.0061144900271953738 0.011008851267854959 0.01664493028971329 -0.020939756536550783 -0.0016909954714660531 7.562609458313406e-05 0.0047398203641534778 0.0020954105637636692 -0.0078063366208672054 -0.0096196942528513386 -0.005071054570708439 0.00052218374344454742 0.00095567125806396089 -0.023337818325348602 -0.062784805534183211 -0.0018406467998545685 0.007190526678780511 -0.00048542563198482064 0.035566662802979952 0.0096337674132766539 0.017398398567775294 0.034615858509112064 0.024959579357651425 0.00053021928196665539 -0.018205968889846689 0.01589166642576665 0.0027952892806599773 -0.010450942942164485 -0.0002607747347482635 0.019524008508465616 -0.0022712172103328799 0.0071558848553371452 0.016466506056742106 0.00025824634916375976 0.015156592558618396 0.0035656408827065542 0.015893399582639006 0.004041064430521402 -0.0065665286368162936 -0.034109737624966725 -0.010482681995858556 0.014246910338003668 -0.0049448958137597501 -0.0059288739156623908 0.015673577540041169 0.0065877864654664275 -0.014598870384504211 -0.015879590900057923 -0.01088256973709067 -0.021407735521066496 0.02948424729325223
leaf_weight=20 19 28 24 22 22 20 19 23 27 37 19 26 20 20 20 28 37 28 34 35 20 19 26 33 22 26 21 22 37 19 31 19 19 89 21 21 30 29 24 26 19 19 20 21 35 21 33 20 19 19 20 26 21 24 20 23 19
leaf_count=20 19 28 24 22 22 20 19 23 27 37 19 26 20 20 20 28 37 28 34 35 20 19 26 33 22 26 21 22 37 19 31 19 19 89 21 21 30 29 24 26 19 19 20 21 35 21 33 20 19 19 20 26 21 24 20 23 19
internal_value=0.00203897 0.0216757 -0.0365176 -0.00106163 0.044792 0.0588723 -0.004428 0.00921672 0.033579 -0.0102252 -0.0263835 -0.0555082 0.0259038 -0.0225531 -0.0293386 -0.00733127 0.0147553 -0.0482373 -0.0217206 -0.0525525 -0.0612903 -0.079258 0.00799501 0.0241476 0.0716756 0.0661674 0.043173 0.0772937 0.0872272 0.043173 -0.0633205 0.0447013 -0.0145937 -0.023985 0.00281563 0.0246703 -0.0155423 0.0358244 0.0251843 -0.0305607 0.0647596 -0.0291418 0.020648 0.00792974 -0.0345384 -0.0747927 -0.040342 0.0658957 -0.0582836 0.00539663 0.0294362 0.014391 -0.043173 -0.111857 -0.021194 -0.0529851 0.116883
internal_weight=1461 968 493 488 480 275 468 267 108 152 108 63 205 201 181 159 79 341 161 313 224 134 81 59 206 184 60 124 98 42 90 113 142 108 92 42 50 94 72 89 40 80 69 49 90 71 61 57 40 48 44 45 63 44 55 44 41
internal_count=1461 968 493 488 480 275 468 267 108 152 108 63 205 201 181 159 79 341 161 313 224 134 81 59 206 184 60 124 98 42 90 113 142 108 92 42 50 94 72 89 40 80 69 49 90 71 61 57 40 48 44 45 63 44 55 44 41
cat_boundaries=0 1
cat_threshold=1
is_linear=0
shrinkage=0.129519


Tree=12
num_leaves=52
num_cat=0
split_feature=10 5 1 9 14 15 1 16 5 17 1 0 11 1 1 0 0 10 5 9 11 26 15 1 9 0 1 13 1 0 17 5 13 15 17 3 1 11 0 11 5 0 0 1 0 1 15 9 11 14 1
split_gain=47.4352 18.7107 11.7455 11.0456 8.64974 7.80904 8.23634 8.14632 6.49927 8.1669 5.87234 7.23785 4.7565 4.26768 11.142 4.36348 6.21505 4.53015 3.91558 3.88929 3.70892 4.5288 3.62851 3.40303 3.15662 3.27215 2.97784 2.89701 2.57269 2.53227 5.71667 2.29967 2.26479 2.19872 2.21455 2.45578 2.19537 2.08333 1.91005 1.73571 1.52381 1.47674 1.19048 1.06641 1 0.665899 0.630731 0.609524 0.533333 0.485213 0.421053
threshold=0.50370931781787065 182.50000000000003 28.500000000000004 0.39036257410962039 -0.92600560940762588 0.83377267583920489 9.5000000000000018 -0.3584608628474476 284.50000000000006 1.0000000180025095e-35 7.5000000000000009 1.5000000000000002 0.34235194516023087 3.5000000000000004 6.5000000000000009 3.5000000000000004 1.5000000000000002 -0.18493013702746816 354.50000000000006 -0.92274349529687905 -0.92273922871446856 11.500000000000002 -0.74153902972098529 2.5000000000000004 0.074116354202380164 1.5000000000000002 23.500000000000004 -0.5129757179017197 11.500000000000002 4.5000000000000009 1.0000000180025095e-35 336.50000000000006 0.81801561569001935 -0.94137016754773739 1.0000000180025095e-35 7.5000000000000009 16.500000000000004 0.97872324816535827 2.5000000000000004 0.69056404122701587 277.50000000000006 2.5000000000000004 2.5000000000000004 9.5000000000000018 2.5000000000000004 22.500000000000004 -0.86330057456837561 0.87397152483179585 -0.97509344079810367 -0.074115882986646578 16.500000000000004
decision_type=2 2 2 2 2 2 2 2 2 2 2 2 2 2 2 2 2 2 2 2 2 2 2 2 2 2 2 2 2 2 2 2 2 2 2 2 2 2 2 2 2 2 2 2 2 2 2 2 2 2 2
left_child=1 2 4 18 47 6 23 -7 9 37 -5 -12 42 -6 -15 16 26 32 20 -9 41 24 46 -3 25 -22 -16 -24 -18 30 -13 -27 -17 -25 40 -36 -19 -8 -23 45 -35 50 -11 -33 -20 -21 -14 -1 -43 -4 -2
right_child=3 5 49 10 13 7 8 19 -10 12 11 29 22 14 15 17 28 36 44 39 21 38 27 33 -26 31 -28 -29 -30 -31 -32 43 -34 34 35 -37 -38 -39 -40 -41 -42 48 -44 -45 -46 -47 -48 -49 -50 -51 -52
leaf_value=-0.0038163480041690889 -0.010109768995764254 0.0024273703402884527 0.024995204601641598 -0.019128206836549463 0.04441623974137969 0.02294204972673914 0.010000798456001733 -0.0072770849075431228 -0.0078060037566970207 0.0096723561946461152 0.01448546062638372 -0.014640742837815449 0.0022155009022325105 -0.006256653967134037 0.0034664063551522739 0.010327192981036298 0.007582155986756948 -0.0019768826020868427 0.0039334246419271777 0.0034286406747372584 -0.019257449458154975 -0.00015752943159829866 -0.000337165716087198 -0.003078498646859822 -0.026764777946458602 -0.022717086913863649 0.012711084785913282 -0.010660254931009609 0.02009600076802558 0.0069402312310921678 0.0034650928577800253 -0.051594806612284515 0.0054491027523179726 -0.00067568124336327498 -0.0069275950228145245 -0.036136603936947218 0.0028522203310755241 0.001813808483360848 -0.014620055452628265 -0.0011207805607339235 -0.01162247638442475 -0.011311913683813145 0.0011987591559320812 -0.021168717665831716 -0.014521901526146177 0.0064972720685352037 -0.0075004038771843617 -0.0010962950796733479 0.00054012018896687399 0.056160080772018284 -0.010559492681265922
leaf_weight=20 19 22 19 35 36 20 24 32 20 21 32 28 27 36 74 69 19 23 20 25 34 27 38 21 22 29 19 26 74 33 20 21 25 21 28 21 21 24 36 24 21 30 27 31 25 31 19 28 24 21 19
leaf_count=20 19 22 19 35 36 20 24 32 20 21 32 28 27 36 74 69 19 23 20 25 34 27 38 21 22 29 19 26 74 33 20 21 25 21 28 21 21 24 36 24 21 30 27 31 25 31 19 28 24 21 19
internal_value=0.00186167 0.0183132 0.0363938 -0.0312448 0.0303378 0.000526501 -0.00935416 0.0274738 0.00573094 0.0125747 -0.00175026 0.0126081 -0.00163948 0.0366317 0.0323798 0.039975 0.0529218 0.0225251 -0.0441979 0.0138771 -0.0496786 -0.0595788 -0.0164843 -0.0347962 -0.0727954 -0.0641964 0.0292463 -0.0364273 0.0765973 -0.00799501 -0.0269832 -0.0783511 0.0385802 -0.043944 -0.0526616 -0.0713677 -0.0117745 0.0593629 -0.0308379 0.0291418 -0.0308379 -0.0281563 0.0323798 -0.0946486 -0.00863461 0.0416312 0.0112625 -0.0215865 -0.014391 0.103615 -0.0477176
internal_weight=1461 976 484 485 444 492 360 132 226 206 148 113 158 396 360 324 186 138 337 112 292 200 110 134 137 115 93 64 93 81 48 81 94 112 91 49 44 48 63 80 42 92 48 52 45 56 46 48 54 40 38
internal_count=1461 976 484 485 444 492 360 132 226 206 148 113 158 396 360 324 186 138 337 112 292 200 110 134 137 115 93 64 93 81 48 81 94 112 91 49 44 48 63 80 42 92 48 52 45 56 46 48 54 40 38
is_linear=0
shrinkage=0.129519


Tree=13
num_leaves=55
num_cat=0
split_feature=10 5 1 26 1 1 1 1 0 14 17 14 13 1 15 15 2 0 16 1 26 1 1 16 0 0 11 13 5 0 1 26 17 5 1 2 0 15 16 1 0 9 2 11 1 10 5 1 11 26 15 16 11 15
split_gain=37.6251 19.979 11.8174 9.96134 9.49314 9.35721 7.62992 6.61222 6.40209 6.15507 7.22597 5.94356 5.79048 5.76711 5.49098 4.27522 6.06228 3.68838 3.57672 3.43419 3.39959 3.57324 4.33745 3.31422 3.29419 7.52941 3.2967 2.79379 2.79184 3.59864 2.55907 2.11172 2.05858 1.94318 1.92857 1.92358 1.92308 1.89804 3.57672 1.84676 2.13025 2.71193 1.82609 1.5735 1.54114 1.5291 1.52381 1.34623 2.03178 1.33758 1.1938 1.16813 1.40675 0.981818
threshold=0.45847758937963173 216.50000000000003 20.500000000000004 -19.499999999999996 24.500000000000004 2.5000000000000004 8.5000000000000018 7.5000000000000009 1.0000000180025095e-35 0.39233884247520895 1.0000000180025095e-35 -0.17646730165275518 -0.048360679752653547 2.5000000000000004 0.091260247011684809 -0.71201091358925084 3.5000000000000004 3.5000000000000004 -0.47559788919125862 4.5000000000000009 5.5000000000000009 16.500000000000004 27.500000000000004 -0.58830565934393986 3.5000000000000004 1.5000000000000002 -0.42180583328916638 -0.9308127819121661 248.50000000000003 3.5000000000000004 27.500000000000004 -1.4999999999999998 1.0000000180025095e-35 259.50000000000006 24.500000000000004 38.500000000000007 2.5000000000000004 0.6523422256022039 0.069825392779418613 19.500000000000004 1.5000000000000002 -0.99275805973510278 20.500000000000004 -0.58482091572441486 12.500000000000002 0.89691351184655443 100.50000000000001 22.500000000000004 -0.12546116083924147 15.500000000000002 -0.95626719433553176 0.58130857630207877 -0.51297808981038739 -0.97874135047973931
decision_type=2 2 2 2 2 2 2 2 2 2 2 2 2 2 2 2 2 2 2 2 2 2 2 2 2 2 2 2 2 2 2 2 2 2 2 2 2 2 2 2 2 2 2 2 2 2 2 2 2 2 2 2 2 2
left_child=1 2 5 -2 9 12 14 13 18 39 -11 27 -1 -5 50 17 49 -10 -9 -15 21 31 -23 -16 25 37 43 -4 29 -12 34 -18 -6 53 -13 -34 -25 38 -8 40 -3 -42 -32 -26 -43 -21 -28 -29 -49 -17 -7 52 -27 -30
right_child=3 4 11 7 32 6 24 8 15 10 28 30 -14 19 23 16 20 -19 -20 45 -22 22 -24 36 26 51 46 47 33 -31 42 -33 35 -35 -36 -37 -38 -39 -40 -41 41 44 -44 -45 -46 -47 -48 48 -50 -51 -52 -53 -54 -55
leaf_value=0.034536775949078315 0.0072775142225197827 -0.0050804667665591743 -0.0005857474036234197 -0.0011073290470653505 0.011386848727068116 0.00012713125141220236 -0.0059921214844477731 -0.00060908505695486952 -0.019320023277577657 0.0025655715249387435 -0.00018043513537975331 0.013095497049015515 0.0042357206597830729 -0.041652003652598892 0.0028535799779627383 -0.023312822779324723 0.0042654391682231058 -0.019420898047869149 0.012535534950161303 -0.004779088123922093 0.0071135731848403702 -0.009191836206985422 0.0035526092309744934 -0.0035898227783145581 0.0053030046443286747 0.014615040511151547 0.0038488754186770222 0.0030266346441676101 -4.6473080321309681e-06 -0.019230233776540311 0.051068952275455611 -0.0056723701154288804 -0.0021558545514173458 -0.0067132382859906633 0.014272910579296361 0.011304131160821613 -0.012926123687232548 -0.0045536856470941717 0.0098496138589836309 -0.0061409908346374328 -0.0075840617746154668 -0.012098132933225848 0.031409470889895104 0.012495822146279367 -0.0048791295605153905 -0.023584712893641127 -0.004024605602664052 0.0062151257574882294 0.011934604646985007 -0.0078696325900459961 0.0029318433110788467 0.0085725977984114337 0.016073189003419995 0.0014351820948238347
leaf_weight=19 37 28 28 36 30 22 21 21 25 31 28 32 21 35 21 19 23 29 27 27 20 91 29 26 29 26 24 24 24 21 21 35 20 32 24 21 26 20 27 21 22 26 25 19 20 21 32 23 35 34 21 21 21 20
leaf_count=19 37 28 28 36 30 22 21 21 25 31 28 32 21 35 21 19 23 29 27 27 20 91 29 26 29 26 24 24 24 21 21 35 20 32 24 21 26 20 27 21 22 26 25 19 20 21 32 23 35 34 21 21 21 20
internal_value=0.00221628 0.0174143 0.0315277 -0.0262092 -0.00753018 0.0183158 0.0116422 -0.0312822 -0.0223815 -0.0185027 -0.0016605 0.0562064 0.0777115 -0.057685 -0.0156316 -0.0293011 -0.0221885 -0.0623611 0.0215865 -0.0764631 -0.0117745 -0.0174633 -0.0302211 -0.0372589 0.0248245 0.0380939 0.00747226 0.0353234 -0.0155423 -0.0396487 0.0787273 0.00893235 0.0346601 0 0.0601339 0.015795 -0.0547966 0.00761877 0.0215865 -0.040959 -0.0485697 -0.0609502 0.101363 0.0323798 -0.0788377 -0.0539663 -0.0138771 0.0473851 0.0580603 -0.0610939 0.0210845 0.068569 0.0799161 0.0176617
internal_weight=1461 952 608 509 344 396 356 472 353 273 156 212 40 119 116 305 251 54 48 83 198 178 120 73 240 136 104 110 125 49 102 58 71 76 56 41 52 68 48 117 96 68 46 48 46 48 56 82 58 53 43 68 47 44
internal_count=1461 952 608 509 344 396 356 472 353 273 156 212 40 119 116 305 251 54 48 83 198 178 120 73 240 136 104 110 125 49 102 58 71 76 56 41 52 68 48 117 96 68 46 48 46 48 56 82 58 53 43 68 47 44
is_linear=0
shrinkage=0.129519


Tree=14
num_leaves=47
num_cat=1
split_feature=10 5 9 8 1 10 1 20 0 5 5 13 1 0 1 17 16 0 5 0 9 9 1 16 0 1 1 1 1 1 1 16 26 16 5 5 0 16 9 0 2 2 5 1 1 26
split_gain=30.2952 12.9701 9.89049 9.28863 7.77958 7.4642 6.70897 6.40064 8.04855 6.7751 6.31291 5.97817 6.93156 5.87043 6.32967 4.68304 7.18751 8.20676 4.18758 6.64911 4.14848 3.60821 3.13507 3.08574 4.04657 4.22273 4.47559 4.03032 4.00877 2.98707 2.84729 2.84468 2.57269 2.33005 2.31296 2.09423 2.03867 1.79201 1.61186 1.60314 1.54341 1.12208 1.09331 3.1926 0.870794 3.08671
threshold=0.16587474750015926 216.50000000000003 0.39036257410962039 1.0000000180025095e-35 26.500000000000004 -0.99273797715557011 2.5000000000000004 0 1.0000000180025095e-35 245.50000000000003 235.50000000000003 -0.96688789938088693 20.500000000000004 2.5000000000000004 18.500000000000004 1.0000000180025095e-35 -0.21862536810265687 4.5000000000000009 142.50000000000003 1.5000000000000002 0.99761913169647187 0.80417553764032002 18.500000000000004 -0.84082858939570659 1.0000000180025095e-35 2.5000000000000004 12.500000000000002 22.500000000000004 19.500000000000004 5.5000000000000009 18.500000000000004 -0.9243908642368559 16.500000000000004 -0.29342786347392769 116.50000000000001 182.50000000000003 4.5000000000000009 -0.95629206636249531 -0.39036798905311365 4.5000000000000009 16.500000000000004 46.500000000000007 259.50000000000006 20.500000000000004 11.500000000000002 -1.0000000180025095e-35
decision_type=2 2 2 2 2 2 2 9 2 2 2 2 2 2 2 2 2 2 2 2 2 2 2 2 2 2 2 2 2 2 2 2 2 2 2 2 2 2 2 2 2 2 2 2 2 2
left_child=1 3 4 5 23 35 -7 31 -9 10 -10 20 21 14 44 16 17 -15 34 -20 -8 30 -17 36 38 -26 32 28 -28 -11 -13 -3 39 -6 -14 -1 37 -2 -25 -27 -23 -29 -31 -44 45 -4
right_child=2 7 13 -5 33 6 11 8 9 29 -12 12 18 15 -16 22 -18 -19 19 -21 -22 40 -24 24 25 26 27 41 -30 42 -32 -33 -34 -35 -36 -37 -38 -39 -40 -41 -42 -43 43 -45 -46 -47
leaf_value=0.0023732609143105113 -0.011601847206576378 -0.00015706533073671442 0.0019385412580596524 0.0290180211015666 -0.00086950889563782601 0.0326860732454132 -0.0063583996504600754 0.0096747368198744875 -5.7888129881514539e-05 -0.031657810585306895 0.036926983248744868 0.0057932052428384673 0.01369982871597524 -0.021184295256789405 0.013776439036459875 0.0054888823706050367 0.0021251845017532475 -0.00017648325089119466 -0.0017782169443339743 0.014380273847359073 0.010697933026243079 0.0023807336310527703 -0.0013616650947634425 -0.01308614361792671 0.0047426674928026241 -0.029257783928464214 -0.0059226681909886709 -0.0088979580109175022 0.0030670031749587081 0.00050852147933349125 -0.0053759232638311777 -0.012496198023361518 -0.0086677566814431749 0.0041972960972612274 0.020025592981459107 -0.004621513991970823 -0.016020295966919378 0.0034232864203139453 0.00081531265640123957 -0.026692102787579063 -0.0059591198616546198 -0.029592797800262038 -0.0085502033229811897 0.0032815900778760889 0.0023248348388454532 -0.009790364343277522
leaf_weight=20 22 22 22 20 25 32 24 32 33 29 23 138 43 28 35 23 28 26 24 59 20 52 27 19 21 47 72 20 31 36 24 28 19 31 20 32 19 23 23 27 28 22 35 34 24 19
leaf_count=20 22 22 22 20 25 32 24 32 33 29 23 138 43 28 35 23 28 26 24 59 20 52 27 19 21 47 72 20 31 36 24 28 19 31 20 32 19 23 23 27 28 22 35 34 24 19
internal_value=0.00150707 0.0182737 -0.0192394 0.0299634 -0.0310723 0.0266066 0.0318215 -0.00476173 0.00466736 -0.00545344 0.0323798 0.0275828 0.0327136 0.00223309 0.0259038 -0.0156993 -0.034749 -0.0623611 0.0550013 0.0358908 -0.0176617 0.0192673 0.0155423 -0.0379686 -0.0434599 -0.0495073 -0.0544198 -0.0401956 -0.0264068 -0.0212643 0.030381 -0.0466269 -0.0765973 0.0138771 0.0801785 -0.019926 -0.0121424 0.0028782 -0.00616758 -0.0875129 -0.00323798 -0.0740109 -0.0111016 -0.020648 0.0019926 -0.00947701
internal_weight=1461 808 653 536 421 516 464 272 222 190 56 432 388 232 100 132 82 54 146 83 44 242 50 365 301 259 238 145 103 134 162 50 93 56 63 52 64 45 42 74 80 42 105 69 65 41
internal_count=1461 808 653 536 421 516 464 272 222 190 56 432 388 232 100 132 82 54 146 83 44 242 50 365 301 259 238 145 103 134 162 50 93 56 63 52 64 45 42 74 80 42 105 69 65 41
cat_boundaries=0 1
cat_threshold=1
is_linear=0
shrinkage=0.129519


Tree=15
num_leaves=48
num_cat=0
split_feature=10 13 13 1 1 1 5 0 14 9 1 0 1 0 14 11 11 2 25 14 1 1 22 26 9 26 11 21 1 1 13 11 0 11 1 14 11 13 9 11 9 0 0 0 5 9 0
split_gain=24.6684 11.8756 11.2851 10.6019 8.06144 9.64286 7.37893 6.73876 5.46861 4.86875 4.68416 4.46078 6.31364 4.67131 4.14848 3.60324 3.58189 3.22384 3.01161 2.92907 3.34582 3.08235 2.62131 2.60775 3.64153 2.69108 2.55599 2.4948 2.24393 2.23953 3.9494 2.56161 2.23602 10.6251 3.6955 3.10303 2.15873 2.04958 2.93492 2.07846 2.62102 1.83871 1.59993 1.40405 0.761905 0.425553 0.217778
threshold=0.16587474750015926 -0.98994109942595798 -0.96688789938088693 28.500000000000004 7.5000000000000009 1.5000000000000002 176.50000000000003 1.5000000000000002 0.98005052076767474 0.45273815774107123 24.500000000000004 3.5000000000000004 10.500000000000002 2.5000000000000004 0.016126237724388103 0.78325454425165997 0.32612888491727238 34.500000000000007 1.0000000180025095e-35 -0.77516387511460583 26.500000000000004 22.500000000000004 1.0000000180025095e-35 6.5000000000000009 -0.14250824554987662 16.500000000000004 0.91593490216309192 1.0000000180025095e-35 24.500000000000004 21.500000000000004 0.86167488712516305 -0.452744437932114 3.5000000000000004 0.95752911693909504 20.500000000000004 -0.75860677497576967 -0.43733782138609528 0.48219581461954475 0.27694220057652758 -0.95753797188986722 0.9053161325100999 5.5000000000000009 4.5000000000000009 3.5000000000000004 245.50000000000003 -0.42180583328916638 3.5000000000000004
decision_type=2 2 2 2 2 2 2 2 2 2 2 2 2 2 2 2 2 2 2 2 2 2 2 2 2 2 2 2 2 2 2 2 2 2 2 2 2 2 2 2 2 2 2 2 2 2 2
left_child=1 14 -3 6 5 -2 8 10 29 19 37 12 27 16 -1 42 -14 -5 -17 21 23 -9 26 24 36 -25 28 -8 -13 31 43 41 33 -11 35 -34 -21 39 -39 -6 -41 -4 45 -31 -29 -7 -33
right_child=4 2 3 17 7 15 11 9 -10 32 -12 22 13 -15 -16 18 -18 -19 -20 20 -22 -23 -24 25 -26 -27 -28 44 -30 30 -32 46 34 -35 -36 -37 -38 38 -40 40 -42 -43 -44 -45 -46 -47 -48
leaf_value=0.027329012853805724 0.013188839954812402 -0.0036732745005342029 0.0065084691078550229 0.036524725983374876 -0.0098170789944795073 -0.017475505056359652 -0.0071976052466032935 0.0034407429925862902 -0.0081793146148303464 0.018882216477711058 0.016154108837738535 -0.0049206106774028133 0.0084216731691805925 0.01181133686001583 0.015040575827246374 0.0004379947872663298 0.00034242704271045563 0.009238683960592008 -0.024965165450114821 -0.012638659376178845 0.00017243187172572447 -0.0031731417028818807 -0.015121053424160482 0.0013115902618116829 -0.028619318401781623 -0.010412366444866716 0.00098626988110871779 0.00045616897052778825 -0.0023540364036891853 0.013791914005272436 0.0011847012351509732 0.0020339335864827317 -0.0014574883753312215 -0.0069125731372531541 -0.0036178830328014956 0.0046852758683530674 -0.00020305335150128963 -0.013090543781652425 0.00096226865371733445 0.0072587792966357281 -0.00036389491772467395 0.0095301364760846247 -0.031680498566463544 0.0085550643631408258 -0.0032503462154501914 -0.051465895105001901 -0.0012596858124080939
leaf_weight=24 20 36 136 29 19 31 26 28 24 26 35 101 20 32 20 21 78 19 26 81 29 27 19 19 20 27 19 27 21 38 25 25 20 19 26 24 21 21 24 28 19 21 22 27 21 20 20
leaf_count=24 20 36 136 29 19 31 26 28 24 26 35 101 20 32 20 21 78 19 26 81 29 27 19 19 20 27 19 27 21 38 25 25 20 19 26 24 21 21 24 28 19 21 22 27 21 20 20
internal_value=0.00186167 0.0169914 0.0132232 0.0167236 -0.0168593 -0.0444066 0.012571 -0.00934154 0.0270515 -0.0187044 0.0141939 0 0.012698 0.029889 0.0824213 -0.0582836 0.0158595 0.0755528 -0.030313 -0.028782 -0.0361602 -0.00235489 -0.0161899 -0.043173 -0.0530816 -0.0168938 -0.0101043 -0.0175026 -0.0169861 0.0319362 0.0489295 0.024365 0.00337876 0.0259038 -0.0111016 0.0117745 -0.043173 0.00116684 -0.0201474 0.0156993 0.030313 0.0321735 -0.0762921 0.0657559 0 -0.0888857 -0.0028782
internal_weight=1461 808 764 728 653 140 680 513 316 367 146 364 204 130 44 120 98 48 47 252 197 55 160 168 122 46 141 74 122 292 90 202 115 45 70 44 102 111 45 66 47 157 73 65 48 51 45
internal_count=1461 808 764 728 653 140 680 513 316 367 146 364 204 130 44 120 98 48 47 252 197 55 160 168 122 46 141 74 122 292 90 202 115 45 70 44 102 111 45 66 47 157 73 65 48 51 45
is_linear=0
shrinkage=0.129519


Tree=16
num_leaves=52
num_cat=1
split_feature=10 1 5 0 0 20 14 14 13 0 15 1 1 16 1 14 15 16 5 1 10 26 14 10 16 1 12 1 12 1 10 12 1 5 3 9 1 15 0 10 1 15 9 13 26 26 9 26 0 5 5
split_gain=22.1821 10.9025 9.95701 10.3469 11.5714 5.54745 5.45382 4.94776 4.9827 4.93324 4.82484 3.69128 5.62178 4.63559 3.65027 3.49194 3.44204 3.2135 3.00099 2.80527 3.33733 4.30679 2.7043 2.55956 2.42822 2.4101 3.10479 2.39317 2.36582 4.36199 4.01885 3.80994 3.55423 2.40852 2.13672 2.04575 1.78516 1.6342 1.29925 1.24113 1.23077 1.13357 1.09502 1.0837 2.312 4.2453 5.72109 1.49129 0.818182 0.466667 0.0360902
threshold=0.73136292505298039 30.500000000000004 244.50000000000003 3.5000000000000004 1.5000000000000002 0 -0.074115882986646578 -0.29548893422398248 0.65151680508791143 1.5000000000000002 -0.84080672043737914 3.5000000000000004 13.500000000000002 -0.69367648380978564 20.500000000000004 -0.74154460151993162 -0.18281597401273728 -0.69367648380978564 342.50000000000006 26.500000000000004 0.98770287048522643 20.500000000000004 -0.98371105771731127 -0.89404254237865755 -0.82658279560772618 5.5000000000000009 -0.84313311835787952 22.500000000000004 0.029024409397335454 24.500000000000004 -0.82413948779581736 -0.18704161936942101 12.500000000000002 104.50000000000001 11.500000000000002 -0.9354548908432756 20.500000000000004 0.59868754826434312 2.5000000000000004 0.44312301391210612 14.500000000000002 0.48314495079116865 -0.022576249993022598 0.95998215779580554 -1.0000000180025095e-35 6.5000000000000009 -0.58482361983252518 16.500000000000004 1.0000000180025095e-35 279.50000000000006 275.50000000000006
decision_type=2 2 2 2 2 9 2 2 2 2 2 2 2 2 2 2 2 2 2 2 2 2 2 2 2 2 2 2 2 2 2 2 2 2 2 2 2 2 2 2 2 2 2 2 2 2 2 2 2 2 2
left_child=1 2 3 4 28 -5 7 8 22 14 18 -8 13 -13 37 16 39 -14 -2 20 34 -22 -7 -17 38 50 36 -26 29 31 32 33 -30 -1 43 -28 40 49 -25 -6 -27 -37 -21 44 -12 46 -46 -47 -34 -4 -11
right_child=10 -3 9 5 15 6 11 -9 -10 25 19 12 17 -15 -16 23 -18 -19 -20 42 21 -23 -24 24 27 26 35 -29 30 -31 -32 -33 48 -35 -36 41 -38 -39 -40 -41 -42 -43 -44 -45 45 47 -48 -49 -50 -51 -52
leaf_value=0.0032346393334321487 -0.03752855290282376 0.029647759552397471 -3.3977875088484224e-06 -0.0095237269920894797 0.018201042161188882 -0.014900895796795814 0.033982871317723623 -0.0023673051261314292 0.0043676280753060905 -0.026383355524186688 0.0001506644287818952 0.00085852904838108204 0.001031259742908073 -0.0064276944627439771 0.015411297904879207 0.0095810311603044592 -0.003039156810398794 0.015140432120424095 -0.0061753141554235667 0.0022372521000075894 -0.029261676305903775 -0.00087929745614574327 -0.00054017700205894045 0.012107825029428148 0.011862921800603908 -0.00456213785303049 0.0049099959986235687 0.012757727082425353 0.0033489606687655917 0.017493964945180029 -0.0064184957460588698 0.0059091939582362075 -0.0058369357046404776 -0.0080137616231655429 0.002420193961678255 0.00024091308174476101 -0.0015746461412775282 -0.0064143201568812938 0.013753877229795841 0.0027359071030685915 -0.010306126509998705 -0.0061849926941012108 -0.0019404180553075766 -0.003719782850410224 -0.011537466754015187 0.0012846391148937074 -0.014284948784337663 -0.0045894047238354031 0.00097605322663996423 0.0050481367026293947 -0.013874609752969126
leaf_weight=48 28 20 28 26 24 24 19 19 23 19 25 19 41 21 22 29 23 35 36 31 34 19 109 21 59 26 26 30 34 25 24 21 22 28 27 37 28 19 19 19 26 36 25 24 28 24 21 27 22 20 21
leaf_count=48 28 20 28 26 24 24 19 19 23 19 25 19 41 21 22 29 23 35 36 31 34 19 109 21 59 26 26 30 34 25 24 21 22 28 27 37 28 19 19 19 26 36 25 24 28 24 21 27 22 20 21
internal_value=-8.8651e-05 0.00885203 0.00711644 0.0148683 0.0277541 -0.00231284 0.00250682 -0.0125819 -0.00498151 -0.0126155 -0.0285759 0.0220662 0.0133985 -0.0259038 0.0130974 0.0485697 0.0235489 0.034084 -0.0607121 -0.0213593 -0.0277137 -0.0562064 -0.0146074 0.0590214 0.0512052 -0.0230651 -0.0166421 0.0392923 0.00693853 0.0191094 -0.00761877 0.00667624 0.00664201 -0.0068168 -0.0191335 -0.00130827 -0.0356178 -0.00193312 0.0777115 0.0451811 -0.0498151 -0.0124196 0.00462568 -0.0252084 -0.0300484 -0.0388557 -0.0660812 -0.012698 -0.0176617 0.0107933 -0.0518077
internal_weight=1461 1112 1092 784 448 336 310 175 156 308 349 135 116 40 89 224 66 76 64 285 229 53 133 158 129 219 179 89 224 122 102 97 78 76 176 99 80 67 40 43 52 73 56 149 125 100 49 51 44 48 40
internal_count=1461 1112 1092 784 448 336 310 175 156 308 349 135 116 40 89 224 66 76 64 285 229 53 133 158 129 219 179 89 224 122 102 97 78 76 176 99 80 67 40 43 52 73 56 149 125 100 49 51 44 48 40
cat_boundaries=0 1
cat_threshold=1
is_linear=0
shrinkage=0.129519


Tree=17
num_leaves=44
num_cat=0
split_feature=10 9 1 1 14 9 14 16 0 1 0 5 12 0 15 16 14 1 16 16 0 11 5 5 9 11 17 0 9 0 5 5 26 15 15 15 1 13 9 11 5 12 1
split_gain=19.6213 9.4805 9.37036 10.1405 7.44017 6.87101 5.48679 5.41251 5.72189 5.83355 5.53178 4.99062 4.65565 4.56482 4.49534 3.34823 3.87526 3.11234 2.86942 2.62928 2.34118 7.03217 5.08463 2.88194 2.61389 2.2239 2.16986 3.65424 3.37582 3.56745 4.26087 1.94471 1.86571 1.76751 1.61794 1.68421 1.6 1.54588 2.33399 1.4666 0.507937 0.421924 0.419048
threshold=0.73136292505298039 0.99818282439137029 9.5000000000000018 1.5000000000000002 0.96849880583763492 -0.36647417525074688 0.99247737996680552 0.92520893929334658 3.5000000000000004 24.500000000000004 5.5000000000000009 112.50000000000001 -0.14250536273956088 1.5000000000000002 -0.92923668111203817 -0.03547247374410304 -0.98992565105027064 7.5000000000000009 -0.67802903493420741 -0.75013812021657844 4.5000000000000009 0.98519415784776321 235.50000000000003 300.50000000000006 -0.98214942551678475 -0.83377653105606597 1.0000000180025095e-35 4.5000000000000009 -0.091260668982868137 3.5000000000000004 335.50000000000006 136.50000000000003 6.5000000000000009 -0.30573441762183623 0.62585923293574564 0.93658841789968572 12.500000000000002 0.022576145604933002 -0.99630266176052629 0.039769539193789956 295.50000000000006 -0.87810534180523914 10.500000000000002
decision_type=2 2 2 2 2 2 2 2 2 2 2 2 2 2 2 2 2 2 2 2 2 2 2 2 2 2 2 2 2 2 2 2 2 2 2 2 2 2 2 2 2 2 2
left_child=1 2 3 -1 5 20 15 8 9 11 12 -7 -10 17 -15 16 -5 -2 -11 -18 21 23 -22 24 -4 -21 27 34 29 -28 -31 -12 33 -19 -16 -36 -29 39 -39 -17 41 -24 -30
right_child=13 -3 4 6 -6 7 -8 -9 10 18 31 -13 -14 14 26 37 19 32 -20 25 22 -23 40 -25 -26 -27 28 36 42 30 -32 -33 -34 -35 35 -37 -38 38 -40 -41 -42 -43 -44
leaf_value=0.017188899090975478 -0.014397732326956127 0.030604282830787827 0.0031228328346020896 -0.024872504921870337 0.024911790042420424 0.0023815547515411684 -0.021772134144853128 -0.0013263623296193791 -0.002236194670660037 0.011321485732038342 0.0090863111479247936 0.0068899696668608063 0.0017731728208378501 -0.022132569092518612 -0.022877535754150666 0.0013515525212519572 -0.0055835428879854434 0.0009012173723824292 0.021272393129648147 0.010716992057457648 -0.0044030205890766014 0.0074345854756876027 -0.0018451967955563874 0.0037434397771136975 -0.002692707207908884 0.00031417291843698314 0.0010401513400349301 -0.01569864384687885 0.0016193850449300988 -0.0041957798149918554 -0.0085230672923399305 0.0014373146969985174 0.0057440696229226172 -0.0089961264948553877 -0.019833336336833735 -0.0072386032664755635 0.0022558089936190145 -0.016575825209094053 -0.0065888228414833381 -0.0077370994888068725 -0.0025431177516714192 0.0015881869603378397 0.00051537646946424711
leaf_weight=32 24 28 37 26 30 89 22 25 55 19 34 106 66 32 21 21 35 34 21 23 23 28 23 38 118 79 32 20 20 23 23 27 21 19 19 19 20 19 22 26 21 19 22
leaf_count=32 24 28 37 26 30 89 22 25 55 19 34 106 66 32 21 21 35 34 21 23 23 28 23 38 118 79 32 20 20 23 23 27 21 19 19 19 20 19 22 26 21 19 22
internal_value=0.000443255 0.00885203 0.00692999 -0.0123149 0.0144649 0.0119317 -0.0204005 0.0222703 0.0257796 0.0391313 0.00853972 0.029889 -0.00749284 -0.0263492 -0.0356049 -0.0149644 -0.00397298 -0.00264325 0.0841874 0.00472698 -0.00295321 0.00410242 -0.0210845 -0.00469759 -0.0125341 0.0152375 -0.0289792 -0.043173 -0.0172692 -0.03321 -0.0563127 0.040342 0.0105016 -0.00244376 -0.063662 -0.0477176 -0.0129519 -0.0353234 -0.0537031 -0.0192901 -0.00205586 0.00616758 0.0123352
internal_weight=1461 1112 1084 305 779 749 273 442 417 235 182 195 121 349 251 251 163 98 40 137 307 221 86 193 155 102 219 99 120 78 46 61 74 53 59 38 40 88 41 47 63 42 42
internal_count=1461 1112 1084 305 779 749 273 442 417 235 182 195 121 349 251 251 163 98 40 137 307 221 86 193 155 102 219 99 120 78 46 61 74 53 59 38 40 88 41 47 63 42 42
is_linear=0
shrinkage=0.129519


Tree=18
num_leaves=42
num_cat=1
split_feature=10 13 11 1 1 13 14 13 20 13 23 13 15 0 0 9 14 13 5 1 15 0 0 0 0 14 13 0 0 14 1 14 2 1 11 11 9 11 0 0 13
split_gain=13.0739 8.79268 9.89738 7.23976 5.54438 6.55519 5.07522 5.02472 5.41107 5.3878 4.50704 4.45437 4.3191 4.10841 4.00008 3.33997 3.10789 3.07545 2.95718 2.81945 2.94027 2.69373 2.80519 3.00394 3.80891 3.40148 2.64221 2.32691 2.27388 2.20909 2.18623 2.14728 1.9931 1.91837 1.78293 4.42291 1.6 1.22683 0.753846 0.647773 0.343013
threshold=0.046214085385334856 -0.98994109942595798 -0.22701068973476937 28.500000000000004 24.500000000000004 -0.93545056548590078 -0.30163931797635496 -0.96688789938088693 0 0.022576145604933002 1.0000000180025095e-35 0.9053161325100999 -0.29034830883029883 2.5000000000000004 1.5000000000000002 -0.065535378769913832 0.98005052076767474 -0.23328733056122772 256.50000000000006 3.5000000000000004 0.82048548965790546 5.5000000000000009 3.5000000000000004 1.5000000000000002 2.5000000000000004 0.73720146439925716 0.22700964008248717 3.5000000000000004 3.5000000000000004 0.016126237724388103 10.500000000000002 -0.97313470967538551 4.5000000000000009 11.500000000000002 -0.83377653105606597 -0.51941337148263467 -0.51297808981038739 0.51295437088821561 4.5000000000000009 2.5000000000000004 0.97086220929134248
decision_type=2 2 2 2 2 2 2 2 9 2 2 2 2 2 2 2 2 2 2 2 2 2 2 2 2 2 2 2 2 2 2 2 2 2 2 2 2 2 2 2 2
left_child=1 29 3 16 5 -2 13 -4 28 15 11 19 36 -6 18 17 21 27 -11 -7 31 22 23 25 -25 -3 -16 -10 -9 -1 -12 -21 -14 -33 -24 -36 -8 -28 39 -22 -13
right_child=4 2 7 -5 6 10 12 8 9 14 30 40 32 -15 26 -17 -18 -19 -20 20 38 -23 34 24 -26 -27 37 -29 -30 -31 -32 33 -34 -35 35 -37 -38 -39 -40 -41 -42
leaf_value=0.017971907408187188 -0.022666249677517562 -0.0011808588569029114 -0.0056245069180987112 0.033562956352247236 0.018042599536580658 -0.032655402229241355 -0.005544111986379727 -0.0019370213005823441 0.0032771528514517704 -0.0010825247660729512 0.0072557423544708502 -0.0049559459800694299 -0.001299073639375884 0.00089247350748675549 -0.0048718193467122148 -0.0061951149496278493 -0.0073620303554690807 0.032252520552424856 0.0058572857864590717 0.003120986791042008 -0.0051939041755601628 0.0051523708788338406 0.005162242490571148 0.011683552199047327 0.0047136802235305045 0.0075409463098959862 -0.0042381740564108551 0.00027857882013642045 -0.012134783130060429 0.009312552675898823 -0.00089741842276693461 -0.0046893234044546256 0.011436889378005509 1.6807185881297239e-05 -0.0099679778562674261 0.0052287050036192604 -0.020289474478248071 0.0019587979774707302 -0.0025171716405093586 -0.010167050692570274 -0.018151342120756867
leaf_weight=24 32 52 28 20 23 32 20 25 71 22 19 30 20 36 23 20 24 20 24 22 26 37 28 40 38 24 61 53 19 20 20 94 29 224 26 23 20 30 20 19 23
leaf_count=24 32 52 28 20 23 32 20 25 71 22 19 30 20 36 23 20 24 20 24 22 26 37 28 40 38 24 61 53 19 20 20 94 29 224 26 23 20 30 20 19 23
internal_value=0.00257088 0.0144676 0.0109762 0.0282285 -0.0100473 -0.0159302 0.0122518 -0.00261655 0.00140782 0.00719551 -0.0124867 -0.0158595 -0.00727636 0.0417096 -0.00971394 0.0236925 0.0230651 0.0305809 0.0225251 -0.0115589 -0.00863461 0.0270637 0.0218669 0.0319593 0.0498151 0.0136336 -0.0227227 0.0229792 -0.0412106 0.0706468 0.029889 -0.00380939 0.0185027 -0.00651669 0.00168207 -0.0132162 -0.0388557 -0.0128096 -0.0338742 -0.043173 -0.0513189
internal_weight=1461 752 708 312 709 561 148 396 368 324 529 490 89 59 160 164 292 144 46 437 405 268 231 154 78 76 114 124 44 44 39 340 49 318 77 49 40 91 65 45 53
internal_count=1461 752 708 312 709 561 148 396 368 324 529 490 89 59 160 164 292 144 46 437 405 268 231 154 78 76 114 124 44 44 39 340 49 318 77 49 40 91 65 45 53
cat_boundaries=0 1
cat_threshold=1
is_linear=0
shrinkage=0.129519


Tree=19
num_leaves=41
num_cat=1
split_feature=9 10 17 1 1 14 0 13 11 19 9 0 11 1 11 13 13 1 15 16 1 1 15 15 13 1 15 15 0 0 1 1 1 13 9 9 14 1 0 0
split_gain=11.0802 10.0854 9.17219 5.70868 9.07881 5.28755 7.47326 5.08656 4.05734 3.66896 5.11846 4.40237 4.33922 3.41856 3.26275 2.82192 7.34393 5.36431 2.69485 2.54037 3.72155 2.47109 5.66578 4.55005 3.24985 2.13333 1.83203 4.33838 1.76078 4.14156 4.42272 3.08571 2.17786 1.71429 1.54864 2.17179 1.24804 1.23891 0.806126 0.730827
threshold=0.99818282439137029 -0.26867065956352881 1.0000000180025095e-35 1.5000000000000002 3.5000000000000004 -0.96350018336582322 2.5000000000000004 0.99286655449081762 0.88119114410046628 0 0.99466373373798567 1.5000000000000002 0.75011860976965206 7.5000000000000009 0.97650828179861848 -0.048360679752653547 -0.25205062154687574 5.5000000000000009 0.59868754826434312 0.94211777295804799 8.5000000000000018 18.500000000000004 0.98331511241808744 0.99683609994235911 -0.58830395921125322 2.5000000000000004 -0.92436682192247444 -0.44312992910900667 4.5000000000000009 1.5000000000000002 14.500000000000002 17.500000000000004 18.500000000000004 0.038694985031638006 0.9893236546938301 0.98213580174693116 -0.9859468191523747 12.500000000000002 1.5000000000000002 3.5000000000000004
decision_type=2 2 2 2 2 2 2 2 2 9 2 2 2 2 2 2 2 2 2 2 2 2 2 2 2 2 2 2 2 2 2 2 2 2 2 2 2 2 2 2
left_child=1 2 7 -3 33 6 -6 15 13 10 34 12 18 25 -10 16 21 -17 -11 20 -13 -1 24 -24 -23 -4 -15 -28 29 31 -31 -19 -30 -5 35 -7 -8 -29 -39 -27
right_child=-2 3 8 4 5 9 36 -9 14 11 -12 19 -14 26 -16 17 -18 28 -20 -21 -22 22 23 -25 -26 39 27 37 32 30 -32 -33 -34 -35 -36 -37 -38 38 -40 -41
leaf_value=0.0014344275148510904 0.024626896746964461 0.012862944076407517 0.0013907275116349035 -0.036291566843409957 0.015065898716133232 0.0029730693096987966 -0.0059998074293382397 0.029776344049386158 -0.010050603613213312 0.001341595734225156 -0.0034759314099658831 -0.017343769282182672 0.0062774915209075945 -0.0018353376800744174 -1.6984703776631077e-05 -0.0092612823333998937 0.023089927650510034 0.0045749720948063234 -0.004013197357018476 0.0044969109198625566 -0.0036250369657188268 -0.0038756167808880232 0.011496282427665672 0.0010892229748796077 0.002170371063444987 -0.017279366461061246 0.010140007295423331 0.0017182915953788942 0.0063404234529818998 0.0019823717024072944 0.012404886274599382 -0.0046988153906498435 -0.0038443912643148369 -0.042546483961411093 0.0098769089676629951 -0.00097309754454714362 0.001571704215030237 -0.0011446187788376433 0.00099306616627089757 -0.0047755693820382156
leaf_weight=37 28 24 20 21 21 84 20 20 34 105 20 42 19 27 26 22 22 28 38 35 314 19 23 20 22 21 20 20 29 31 40 20 19 27 20 20 19 19 46 19
leaf_count=37 28 24 20 21 21 84 20 20 34 105 20 42 19 27 26 22 22 28 38 35 314 19 23 20 22 21 20 20 29 31 40 20 19 27 20 20 19 19 46 19
internal_value=0.00257088 0.000994215 0.0137239 -0.00828048 -0.0101363 -0.00667272 0.0302211 0.0272285 -0.00513965 -0.00984866 0.00841033 -0.0144933 0.003198 0.00404747 -0.0345384 0.0234071 0.0371349 0.0130204 -0.00452864 -0.0221938 -0.0254672 0.0246193 0.0123352 0.0451811 -0.022113 -0.0215865 0.0156993 0.0234368 0.0209402 0.0293867 0.0492538 0 0 -0.0647596 0.0188012 0.0124538 -0.003321 0.0106663 0.0019926 -0.0388557
internal_weight=1461 1433 604 829 805 757 60 352 252 697 144 553 162 192 60 332 143 189 143 391 356 121 84 43 41 60 132 105 167 119 71 48 48 48 124 104 39 85 65 40
internal_count=1461 1433 604 829 805 757 60 352 252 697 144 553 162 192 60 332 143 189 143 391 356 121 84 43 41 60 132 105 167 119 71 48 48 48 124 104 39 85 65 40
cat_boundaries=0 1
cat_threshold=48
is_linear=0
shrinkage=0.129519


Tree=20
num_leaves=34
num_cat=0
split_feature=9 10 13 9 0 0 15 23 0 26 5 15 13 13 15 13 26 9 22 9 0 14 5 9 0 10 0 0 26 13 15 5 16
split_gain=9.34279 8.88664 6.29377 4.97831 4.95317 7.58519 5.18284 4.76787 5.97275 4.28573 4.01608 4.36773 3.87692 4.29627 3.41333 3.25662 3.08482 3.26235 2.75556 2.95238 2.74576 2.65604 2.45927 2.24134 2.59354 2.03398 1.99763 1.96204 1.49339 1.49161 1.16264 0.758165 0.623077
threshold=0.99907018497641642 -0.34234976856068172 0.98540325053957545 0.878110924644389 4.5000000000000009 1.5000000000000002 -0.88619840451485199 1.0000000180025095e-35 2.5000000000000004 -10.499999999999998 64.500000000000014 0.24685605472551267 0.32614245703617079 1.0000000180025095e-35 -0.81426931664987068 -0.98994109942595798 21.500000000000004 0.24372619187392147 1.0000000180025095e-35 -0.49064630004295678 5.5000000000000009 -0.97313470967538551 60.500000000000007 -0.32614396506100213 3.5000000000000004 -0.79382744783423187 2.5000000000000004 3.5000000000000004 6.5000000000000009 -0.60897148302369042 0.70290942831342285 176.50000000000003 -0.9243908642368559
decision_type=2 2 2 2 2 2 2 2 2 2 2 2 2 2 2 2 2 2 2 2 2 2 2 2 2 2 2 2 2 2 2 2 2
left_child=1 2 3 4 5 18 -7 9 -9 22 11 -11 13 -8 -6 -12 17 -13 19 -1 29 -17 26 27 -25 -22 -3 -23 -19 -16 -21 -31 -14
right_child=-2 7 -4 -5 14 6 12 8 -10 10 15 16 32 -15 20 21 -18 28 -20 30 25 23 -24 24 -26 -27 -28 -29 -30 31 -32 -33 -34
leaf_value=0.0060043347588543735 0.023957319299448165 0.0047422936262754836 0.025919737397079919 0.0071448015678333152 0.010272418845544159 -0.0089336889669198484 0.0055375455047662519 0.014748626641148697 -0.0024102054987033537 -0.042897908537400622 -0.020737281853404874 -0.016591533669510949 0.013699963463006204 -0.0034320739506058275 -0.004339990402259011 0.001698957483127288 0.0050226366136245666 -0.0027868184278760891 -0.010836545183936137 -0.00078137894349539748 -0.00053737811455066174 -0.0044925805542984469 -0.0014030506431447834 0.0039664867388766447 -0.0011072689768566136 0.0029436801227070643 0.00027876598047655638 -0.00031723666403456863 2.5010685491648971e-05 -0.0059566754403334076 -0.0055503569817079886 -0.0069299826727471361 0.010977115468589968
leaf_weight=28 20 26 28 36 26 34 106 22 35 29 24 26 20 24 20 36 24 41 20 69 32 165 25 128 88 27 33 129 42 20 27 19 32
leaf_count=28 20 26 28 36 26 34 106 22 35 29 24 26 20 24 20 36 24 41 20 69 32 165 25 128 88 27 33 129 42 20 27 19 32
internal_value=0.00274818 0.00152798 0.0141377 0.0110331 0.00770947 0.0158301 0.0311805 -0.00667624 0.0295395 -0.00920602 -0.0123857 -0.030381 0.039852 0.0278964 -0.0125921 -0.00727125 -0.0204504 -0.0297062 -0.00719551 0 -0.0219524 -0.00521872 0.0185027 -0.00761877 0.0023985 -0.00219524 0.0329286 -0.0149784 -0.0171652 -0.0417096 -0.0107933 -0.0564571 0.0697411
internal_weight=1461 1441 568 540 504 360 216 873 57 816 732 162 182 130 144 570 133 109 144 124 118 546 84 510 216 59 59 294 83 59 96 39 52
internal_count=1461 1441 568 540 504 360 216 873 57 816 732 162 182 130 144 570 133 109 144 124 118 546 84 510 216 59 59 294 83 59 96 39 52
is_linear=0
shrinkage=0.129519


Tree=21
num_leaves=40
num_cat=0
split_feature=9 1 1 1 10 9 1 13 10 26 5 9 16 16 9 10 0 0 0 9 0 12 13 13 0 0 10 1 13 11 15 15 15 0 15 16 26 11 15
split_gain=11.213 12.5167 4.69595 4.69559 4.63922 4.51737 4.59193 7.94319 3.51169 3.17424 7.95105 2.89879 2.8001 2.31953 2.81481 2.28569 2.24545 3.05112 2.19369 2.8298 3.59574 3.24934 2.50761 4.52521 1.72938 3.1704 2.22983 1.37963 1.25589 1.17826 1.08651 1.45385 1.49679 1.32221 2.30577 0.87487 0.673684 1 0.654971
threshold=0.34235194516023087 29.500000000000004 1.5000000000000002 5.5000000000000009 -0.84313311835787952 0.99865421017599987 6.5000000000000009 0.99618957151386123 -0.83375966452616657 19.500000000000004 16.500000000000004 0.8697513045430848 -0.58830565934393986 -0.10410050826484603 0.65233619298682533 0.68274389090025245 5.5000000000000009 4.5000000000000009 3.5000000000000004 -0.90163369914317004 1.5000000000000002 -0.97507822412530132 -0.23955531300190366 0.8105267828206012 3.5000000000000004 1.0000000180025095e-35 -0.18493013702746816 22.500000000000004 0.12546058073178443 -0.85227431625818906 -0.48031983407552653 -0.98523971305672664 -0.86976336936302323 4.5000000000000009 -0.035471551146965145 -0.83375966452616734 -1.0000000180025095e-35 -0.94139628442229051 -0.22701068973476937
decision_type=2 2 2 2 2 2 2 2 2 2 2 2 2 2 2 2 2 2 2 2 2 2 2 2 2 2 2 2 2 2 2 2 2 2 2 2 2 2 2
left_child=2 5 -1 4 -4 6 7 11 -8 10 -5 12 -2 14 36 18 17 -16 19 21 -21 -12 35 -24 25 -15 -26 -27 29 -6 31 -17 -33 34 -32 -20 -10 -38 -28
right_child=1 -3 3 9 28 -7 8 -9 13 -11 15 -13 -14 24 16 30 -18 -19 22 20 -22 -23 23 -25 26 27 38 -29 -30 -31 33 32 -34 -35 -36 -37 37 -39 -40
leaf_value=0.010058470966730767 -0.0041340075351342679 0.026942650513386721 0.00092719279889351132 -0.021572060398193933 -0.0012401248240166965 0.012705120546650637 0.0066151246872914815 0.023985903285156342 0.002749213654744623 0.0043444697886875477 0.010775662295223516 0.0017318207474474379 -0.016200288318227916 -0.0031892650043802563 0.0042603757939737681 -0.0097161144365821607 0.0065152769972231812 -0.0015722317884031532 -0.0011531522992123146 -8.7101155446915178e-05 0.0042799336201152097 -0.0026378624832663839 0.00106084701728344 -0.0038034561752763488 0.0051465602484286367 0.0085086721522298625 -0.00082189357892743027 0.0086240108060299196 -0.012078553018750297 -0.036088013963012873 0.0022882370707454666 0.0030439907723984381 -0.0016265233548951965 -0.015023007012425597 -0.013046518118289848 -0.0034477897923910162 0.0010883446948163605 -0.0015467176845568153 -0.0020980377408245259
leaf_weight=28 28 28 27 22 19 19 24 19 19 33 20 25 29 25 107 20 22 23 39 94 94 89 93 36 22 55 36 21 33 33 33 23 61 21 20 55 20 25 21
leaf_count=28 28 28 27 22 19 19 24 19 19 33 20 25 29 25 107 20 22 23 39 94 94 89 93 36 22 55 36 21 33 33 33 23 61 21 20 55 20 25 21
internal_value=0.00310279 0.01733 -0.00594657 -0.00763639 -0.0323798 0.0129519 0.0106897 -0.014106 0.0166525 -0.0039561 -0.00575641 -0.03159 -0.0477176 0.0137369 0.0227858 -0.00334004 0.0323798 0.0259038 0.000996301 0.00828574 0.0179122 -0.00831774 -0.00871205 0.00301207 0.0028782 0.014106 -0.0114764 0.0272672 -0.0472364 -0.0597781 -0.016008 -0.00747226 0 -0.0280041 -0.0171063 -0.0248015 0 -0.00863461 -0.0249949
internal_weight=1461 568 893 865 112 540 521 101 420 753 720 82 57 396 216 698 152 130 520 297 188 109 223 129 180 101 79 76 85 52 178 104 84 74 53 94 64 45 57
internal_count=1461 568 893 865 112 540 521 101 420 753 720 82 57 396 216 698 152 130 520 297 188 109 223 129 180 101 79 76 85 52 178 104 84 74 53 94 64 45 57
is_linear=0
shrinkage=0.129519


Tree=22
num_leaves=36
num_cat=0
split_feature=9 1 1 14 1 1 1 10 1 1 15 14 21 11 26 10 1 15 1 2 15 0 0 0 15 1 15 16 11 16 11 0 15 0 26
split_gain=7.57516 10.4115 4.28773 4.10953 3.51026 4.92308 3.4174 4.66408 4.07852 3.35183 4.15821 2.93889 3.32562 2.86497 5.14549 4.46069 2.67025 2.62074 2.49209 2.41125 2.28963 2.55663 2.05714 2.6011 2.28571 2.04346 4.00476 2.51905 1.63568 1.37619 1.31986 3.27173 2.49509 0.720238 0.4
threshold=0.34235194516023087 29.500000000000004 1.5000000000000002 0.99397208639875323 1.5000000000000002 11.500000000000002 27.500000000000004 -0.26037106507032776 29.500000000000004 14.500000000000002 -0.81426931664987068 0.87291090774974645 13.500000000000002 0.45272350407489786 21.500000000000004 0.98770287048522643 9.5000000000000018 0.11158264161743262 12.500000000000002 12.500000000000002 -0.56192038168531944 4.5000000000000009 3.5000000000000004 5.5000000000000009 0.54219933886002003 4.5000000000000009 0.44023743748979649 -0.75013812021657844 -0.75015329512557205 0.95691861501572162 -0.95244167294248061 5.5000000000000009 -0.83377653105606597 3.5000000000000004 -19.499999999999996
decision_type=2 2 2 2 2 2 2 2 2 2 2 2 2 2 2 2 2 2 2 2 2 2 2 2 2 2 2 2 2 2 2 2 2 2 2
left_child=2 4 -1 6 -2 17 7 9 29 18 -11 12 30 14 15 16 -9 19 22 34 -12 -22 24 -24 -4 -19 -27 -28 -21 -8 33 32 -32 -7 -6
right_child=1 -3 3 -5 5 11 8 13 -10 10 20 -13 -14 -15 -16 -17 -18 25 -20 28 21 -23 23 -25 -26 26 27 -29 -30 -31 31 -33 -34 -35 -36
leaf_value=0.0087557063970446335 0.025403910957190325 0.023453061427891435 -0.00042052774961858072 -0.021651116638990359 -0.00013302318431708144 0.0065857284933109553 0.0039302534165852332 -0.006889498035811013 -0.0010220117008944807 0.0056507832303491412 -0.0027123654745468892 0.0069743953398567187 0.0047503805277535676 -0.0069193493007857322 0.0040293164288500473 -0.020280023298005091 -0.00098168849902942139 -0.015436492054629294 -0.0039000090302438459 0.00036318214284259884 0.002284401012641245 -0.0018202069715498889 -0.0042280565305122201 0.0025973955330851873 0.0061695566432622626 -0.0037271975973762373 -0.0009040099141851539 0.004868832248487367 0.008767961873759866 0.014791762151522295 0.0093691603989412044 0.0059514641194320182 -0.00074871590627517031 0.00094738321938915484 -0.0054451837977787911
leaf_weight=28 20 28 50 25 20 32 35 96 34 22 29 32 34 36 20 31 246 29 32 23 79 33 37 19 20 24 32 28 24 21 25 28 145 24 20
leaf_count=28 20 28 50 25 20 32 35 96 34 22 29 32 34 36 20 31 246 29 32 23 79 33 37 19 20 24 32 28 24 21 25 28 145 24 20
internal_value=0.00381199 0.0155058 -0.00362596 -0.00524066 0.0115128 0.00946486 -0.00370055 -0.0065623 0.0201474 0.00524532 0.0182757 0.0194279 0.0152905 -0.0153974 -0.0121939 -0.0156256 -0.0113613 -0.00647596 -0.00819741 0.0104211 0.0101043 0.0185027 0 -0.0185027 0.0148022 -0.0194852 -0.00925137 0.00863461 0.030313 0.0416312 0.0101984 0.0052331 -0.00152375 0.0277541 -0.0129519
internal_weight=1461 568 893 865 540 520 840 750 90 321 163 320 288 429 393 373 342 200 158 87 141 112 126 56 70 113 84 60 47 56 254 198 170 56 40
internal_count=1461 568 893 865 540 520 840 750 90 321 163 320 288 429 393 373 342 200 158 87 141 112 126 56 70 113 84 60 47 56 254 198 170 56 40
is_linear=0
shrinkage=0.129519


Tree=23
num_leaves=38
num_cat=1
split_feature=9 5 13 1 11 20 26 15 5 11 0 0 0 2 1 14 15 13 16 1 15 16 9 16 11 26 5 0 1 15 0 14 14 0 15 5 1
split_gain=8.47095 4.78488 4.89983 6.80357 4.70068 4.53896 5.10337 2.85557 2.88095 2.62582 2.84612 2.74286 4.01111 2.51386 2.46386 4.06128 3.02563 2.67628 3.28693 2.31397 2.57536 2.34604 7.02576 2.30957 1.75822 1.87389 7.36173 3.247 1.49854 5.1456 1.54286 1.47364 1.51331 1.46025 1.15714 0.871111 0.4
threshold=0.99818282439137029 259.50000000000006 0.99700008544936913 6.5000000000000009 -0.63920832810365547 0 -6.4999999999999991 -0.79384350655589164 338.50000000000006 -0.93545056548590078 1.5000000000000002 4.5000000000000009 1.5000000000000002 17.500000000000004 1.5000000000000002 0.99397208639875323 0.77241981449888963 -0.16375645203002628 -0.37048168396330278 26.500000000000004 -0.1563279112617614 0.84658398682345026 -0.99275805973510278 0.77108682076304746 0.99683609994235911 6.5000000000000009 28.500000000000004 1.5000000000000002 13.500000000000002 -0.79384350655589164 2.5000000000000004 0.61406596158459648 -0.5778134271400196 4.5000000000000009 -0.98523971305672664 324.50000000000006 5.5000000000000009
decision_type=2 2 2 2 2 9 2 2 2 2 2 2 2 2 2 2 2 2 2 2 2 2 2 2 2 2 2 2 2 2 2 2 2 2 2 2 2
left_child=1 2 3 14 9 6 -6 8 -3 11 -11 12 -5 -12 -1 16 17 -16 -19 21 -21 23 36 31 25 26 -7 -27 30 -30 -8 32 33 -9 -10 -34 -23
right_child=-2 7 -4 4 5 24 28 19 34 10 13 -13 -14 -15 15 -17 -18 18 -20 20 -22 22 -24 -25 -26 27 -28 -29 29 -31 -32 -33 35 -35 -36 -37 -38
leaf_value=0.0048607199017216534 0.0149485462562496 -0.016419036558385267 0.019590668139511758 -0.0014617649509380969 0.0071647252661151441 -0.009491182101723358 0.0027271094434312168 -0.0015864306226904925 -0.0075653696903355133 0.0090781032212966344 0.00093262432110254284 -0.0026285223246447081 0.01074844652372493 0.0063352442687535241 -0.0035194829301312455 -0.016989495010801707 0.0030900751079070781 -0.016746867140058203 0.00013079713126521152 0.007403067728772081 -0.00060205599224174807 -0.016300126994177499 -0.017653371999568634 0.0046473123643072552 0.001327322278074897 0.0069470928900524876 -0.00045754260497558348 -0.000405195092548794 0.011215715975710696 0.0010489158848198655 -0.0012666588980255343 0.0051743214596150465 -0.012262157757107492 0.0022088556329061693 0.00024094777809512561 -0.0076893183300485056 0.00040799400796000159
leaf_weight=24 28 28 24 24 27 19 40 93 20 20 22 24 36 29 20 26 19 36 57 33 34 20 21 20 28 21 256 50 21 129 56 20 20 35 36 25 20
leaf_count=24 28 28 24 24 27 19 40 93 20 20 22 24 36 29 20 26 19 36 57 33 34 20 21 20 28 21 256 50 21 129 56 20 20 35 36 25 20
internal_value=0.00345739 0.00207881 0.00693853 0.00552826 0.0106587 0.00580534 0.0185027 -0.00944728 -0.0308379 0.0309175 0.0492538 0.0154189 0.0302211 0.0330147 -0.0170794 -0.0229528 -0.0137369 -0.0217776 -0.0125341 -0.00417804 0.0173981 -0.00945395 -0.031849 -0.00304036 -0.00346308 -0.00598932 -0.0108325 0.0127695 0.012636 0.0207231 0 -0.00738192 -0.01123 -0.00404747 -0.0138771 -0.0316602 0
internal_weight=1461 1433 1008 984 802 647 273 425 84 155 71 84 60 51 182 158 132 113 93 341 67 274 61 213 374 346 275 71 246 150 96 193 173 128 56 45 40
internal_count=1461 1433 1008 984 802 647 273 425 84 155 71 84 60 51 182 158 132 113 93 341 67 274 61 213 374 346 275 71 246 150 96 193 173 128 56 45 40
cat_boundaries=0 1
cat_threshold=8
is_linear=0
shrinkage=0.129519


Tree=24
num_leaves=40
num_cat=0
split_feature=9 10 0 10 16 16 16 10 0 1 10 13 9 15 0 15 13 13 14 15 15 15 22 15 26 0 16 10 10 9 0 5 10 0 9 5 1 2 10
split_gain=6.82492 5.26572 5.20595 4.55158 4.39365 3.79152 4.95918 3.47394 2.98222 2.92929 2.56263 2.48624 2.46468 2.46257 2.32857 2.85989 2.21044 3.5007 2.69474 2.19834 6.00826 2.59848 1.97532 1.67673 1.64528 1.62335 1.54114 1.48456 3.37253 1.41616 1.82254 3.02735 1.27116 1.22561 1.08377 1.01299 1.33929 0.730827 0.421303
threshold=0.99907018497641642 0.74298546529340237 3.5000000000000004 0.64414586362404946 0.17435360825960225 0.069825392779418613 -0.056952064366225942 0.65720762023595369 1.5000000000000002 23.500000000000004 0.47369649395226454 0.96851391983472068 0.87397152483179585 -0.38044538728672533 5.5000000000000009 -0.92923668111203817 -0.32614245703617067 0.63920832810365569 0.59349884098449612 -0.9873387547174689 -0.90163369914317004 -0.77243410105675281 1.0000000180025095e-35 0.7172936132855442 12.500000000000002 1.5000000000000002 0.19126587156512256 0.86869874770991873 0.95436825032516992 0.15951094710994368 4.5000000000000009 324.50000000000006 0.94909129669788206 1.0000000180025095e-35 0.95998215779580554 259.50000000000006 14.500000000000002 43.500000000000007 0.9863035000474919
decision_type=2 2 2 2 2 2 2 2 2 2 2 2 2 2 2 2 2 2 2 2 2 2 2 2 2 2 2 2 2 2 2 2 2 2 2 2 2 2 2
left_child=1 2 4 10 5 6 7 11 27 16 19 12 -1 -11 15 -10 18 25 33 -4 26 -22 -23 29 -25 -18 -21 -3 -29 30 31 -17 -16 -6 -35 -19 -37 -12 -30
right_child=-2 8 3 -5 9 -7 -8 -9 14 13 37 -13 -14 -15 32 23 17 35 -20 20 21 22 -24 24 -26 -27 -28 28 38 -31 -32 -33 -34 34 -36 36 -38 -39 -40
leaf_value=0.0018372582186803449 0.014767896820333045 -0.0040544051854572438 0.0104711353504687 0.0026548418422950716 -0.00031468282076648943 0.00760459857768769 -0.0067945927449449177 -0.0066917641669893861 -0.017332005859265701 0.0082762880840743149 -0.0040238167977412085 0.012311053672162351 0.0072894333707790547 0.0019614651007506421 0.0033810276474567813 -0.018081157927885668 -0.0047865471608840348 0.0022206988597426886 -0.0055575987579765413 -0.0092356014649178191 0.0098583380822450072 -3.2236501806116665e-06 -0.0062168940062615795 -0.001742064672972644 -0.0077318801248661626 -0.0013809574832498483 -0.0058596501991543225 0.0051589396119767466 -0.00053533046769629823 0.0016811333176126029 -0.014462638715333027 0.00095481132298697242 -0.0071179416990262501 0.0032013879171062889 0.0081315815692145823 0.0006326926865654717 -0.0067392785852079954 -0.010210119126527896 8.5751194445014153e-05
leaf_weight=234 20 30 22 28 21 20 27 32 25 20 21 22 27 27 27 20 25 22 19 26 28 280 28 31 21 21 20 27 19 23 23 53 21 26 29 32 24 19 21
leaf_count=234 20 30 22 28 21 20 27 32 25 20 21 22 27 27 27 20 25 22 19 26 28 280 28 31 21 21 20 27 19 23 23 53 21 26 29 32 24 19 21
internal_value=0.00257088 0.00152798 0.00588723 -0.00439048 0.0136119 0.0228984 0.019693 0.0242591 -0.0125341 0.000973828 -0.00758445 0.0288329 0.0253083 0.030313 -0.020171 -0.0264325 -0.0053227 -0.0167121 0.00954352 -0.00448829 -0.00678111 -0.000770947 -0.00420517 -0.0204504 -0.039852 -0.0450501 -0.0506814 0.00667624 0.0173981 -0.0119724 -0.0188882 -0.00887117 0.00539663 0.0204504 0.0306136 0 -0.00925137 -0.0388557 -0.00647596
internal_weight=1461 1441 1100 472 628 362 342 315 341 266 444 283 261 47 244 196 219 124 95 404 382 336 308 171 52 46 46 97 67 119 96 73 48 76 55 78 56 40 40
internal_count=1461 1441 1100 472 628 362 342 315 341 266 444 283 261 47 244 196 219 124 95 404 382 336 308 171 52 46 46 97 67 119 96 73 48 76 55 78 56 40 40
is_linear=0
shrinkage=0.129519


Tree=25
num_leaves=35
num_cat=1
split_feature=9 2 11 10 0 23 26 15 15 5 0 21 11 11 16 0 0 14 19 11 12 13 13 9 0 13 11 15 0 0 15 13 13 11
split_gain=6.76066 5.08532 3.65965 8.68103 3.44901 4.89309 5.41439 3.36596 3.05906 3.89347 8.72727 10.4631 6.63724 4.87013 7.11371 2.21386 2.304 2.03514 1.76852 2.61224 2.1765 1.69607 1.61592 3.41502 1.59862 7.82481 2.84117 1.43753 1.02607 2.5 2.28792 1.93919 1.57576 0.75888
threshold=0.99907018497641642 44.500000000000007 -0.8431462759492121 -0.83375966452616657 2.5000000000000004 1.0000000180025095e-35 -19.499999999999996 0.9890126429527718 -0.98292201184843975 166.50000000000003 4.5000000000000009 13.500000000000002 0.82048548965790546 0.95752911693909504 -0.37048168396330278 3.5000000000000004 1.5000000000000002 -0.98371105771731127 0 -0.20075075429075126 -0.6391983530350368 -0.98994109942595798 -0.36848248253529964 -0.091260668982868137 3.5000000000000004 0.12546058073178443 -0.46801289393397988 -0.98523971305672664 4.5000000000000009 5.5000000000000009 -0.86976336936302323 -0.63920832810365547 -0.82170904822926072 -0.96688789938088693
decision_type=2 2 2 2 2 2 2 2 2 2 2 2 2 2 2 2 2 2 9 2 2 2 2 2 2 2 2 2 2 2 2 2 2 2
left_child=1 2 3 -1 5 6 -4 18 -6 10 11 12 -10 14 -12 16 -5 -11 19 -8 -20 -3 27 -24 25 -19 -26 -23 30 -30 -29 32 -32 -17
right_child=-2 21 4 15 8 -7 7 -9 9 17 13 -13 -14 -15 -16 33 -18 24 20 -21 -22 22 23 -25 26 -27 -28 28 29 -31 31 -33 -34 -35
leaf_value=0.019655832116204013 0.012855171435933789 -0.015133872225854456 0.0052810018837919697 0.00024221555552082704 0.0075554793482179696 0.013495425219840021 0.014155071689533423 0.0063036959943288682 -0.0045819396337556974 -0.0026017733026591598 -0.019415836512461569 0.0059504115754630809 -0.017043438018816619 0.0025212078105677632 0.00051969475364488447 0.0025388446348986447 0.0047777570927129949 0.0066736066260893335 -0.0026684413639243058 0.0011237797008106598 1.2960373687032413e-05 -0.0043406828714868386 -0.017116639941862855 -0.0011151907592483027 0.0037472562611671058 -0.0041636112452886186 -0.00039786455310177613 0.0061612046360454784 -0.013838314680946828 0.004924645777816811 0.00073058093583062804 0.0030487359730110744 -0.013825933272057594 -0.0044658625142083418
leaf_weight=20 20 20 22 35 35 22 21 26 90 24 22 19 23 20 90 26 36 34 56 126 184 20 22 24 24 37 186 21 20 20 26 35 22 33
leaf_count=20 20 20 22 35 35 22 21 26 90 24 22 19 23 20 90 26 36 34 56 126 184 20 22 24 24 37 186 21 20 20 26 35 22 33
internal_value=0.00292548 0.00188751 0.00524066 0.0241769 0.00256353 0.0110531 0.00803912 0.00470409 -0.00385984 -0.0061459 -0.0176617 -0.0412106 -0.0561632 0.00588723 -0.00462568 0.0119556 0.0273632 0.00382188 0.00167337 0.0123744 -0.00518077 -0.0157675 -0.0123352 -0.0337876 0.00691383 0.0237148 0.00123352 -0.00631801 -0.00179888 -0.0194279 0.00498151 -0.00468141 -0.0215865 -0.00658572
internal_weight=1461 1441 1211 150 1061 457 435 413 604 569 264 132 113 132 112 130 71 305 387 147 240 230 210 46 281 71 210 164 144 40 104 83 48 59
internal_count=1461 1441 1211 150 1061 457 435 413 604 569 264 132 113 132 112 130 71 305 387 147 240 230 210 46 281 71 210 164 144 40 104 83 48 59
cat_boundaries=0 1
cat_threshold=37
is_linear=0
shrinkage=0.129519


Tree=26
num_leaves=25
num_cat=0
split_feature=1 1 14 5 12 8 15 15 23 11 11 12 1 2 15 1 12 1 0 2 11 12 9 0
split_gain=7.60083 5.12148 5.33876 4.92883 3.2003 3.13661 3.11802 3.00638 3.03985 3.11259 3.17869 2.79894 1.87989 4.63185 2.84058 4.97101 2.88022 1.78182 3.64034 2.07914 3.50303 1.6 1.55258 1.01215
threshold=1.5000000000000002 26.500000000000004 0.99397208639875323 314.50000000000006 0.44313120970497338 1.0000000180025095e-35 -0.99760529321244107 -0.98292201184843975 1.0000000180025095e-35 0.99898004730802425 -0.83377653105606597 0.4737052552177024 29.500000000000004 34.500000000000007 0.94135275643221283 28.500000000000004 -0.33223242633771066 11.500000000000002 4.5000000000000009 50.500000000000007 -0.99054481509840819 -0.6652727025667432 -0.056952163117076689 3.5000000000000004
decision_type=2 2 2 2 2 2 2 2 2 2 2 2 2 2 2 2 2 2 2 2 2 2 2 2
left_child=11 2 3 6 12 22 -2 21 9 10 -9 -1 14 -14 15 16 -3 23 19 20 -19 -8 -6 -5
right_child=1 4 -4 17 5 -7 7 8 -10 -11 -12 -13 13 -15 -16 -17 -18 18 -20 -21 -22 -23 -24 -25
leaf_value=0.017446242590419304 -0.0045398532832945492 0.012174316150378856 -0.014504925232773811 -0.010978660252173733 -0.00073793144992526376 -0.0039397211965536685 0.015043866744100496 0.001997262597747193 0.0043649558171564417 0.0012315630839315455 -0.00024999005962555808 0.0059693287375008793 0.020267887246745483 0.00090454445673265405 0.004690428501887901 -0.0059406301767309117 -0.0013294202054366208 -0.0037023294462069371 -0.0077691481156153888 -0.0023248119192126695 0.0052560828903307124 0.002301260304724067 0.0025928259264924704 -0.0092825828962988643
leaf_weight=27 24 29 26 26 24 21 20 131 30 20 764 21 19 20 23 21 19 22 35 30 33 20 37 19
leaf_count=27 24 29 26 26 24 21 20 131 30 20 764 21 19 20 23 21 19 22 35 30 33 20 37 19
internal_value=0.00328009 0.00155826 -0.00172692 -0.000441292 0.0200663 0 0.00295237 0.00407624 0.00260409 0.00127396 0.000144714 0.0539663 0.032627 0.0564571 0.0225251 0.00938545 0.0323798 -0.021194 -0.0129519 0.00152375 0.0164843 0.0388557 0.0148629 -0.043173
internal_weight=1461 1413 1200 1174 213 82 1009 985 945 915 895 48 131 39 92 69 48 165 120 85 55 40 61 45
internal_count=1461 1413 1200 1174 213 82 1009 985 945 915 895 48 131 39 92 69 48 165 120 85 55 40 61 45
is_linear=0
shrinkage=0.129519


Tree=27
num_leaves=25
num_cat=1
split_feature=9 1 14 10 1 14 0 26 10 9 13 1 1 10 20 0 15 15 15 11 0 15 9 5
split_gain=6.79275 3.05728 4.82661 3.53088 4.24706 4.04864 7.47326 2.93989 4.03373 2.72727 2.28536 2.20687 2.95914 2.29039 1.93464 3.20423 1.89699 1.66054 4.58429 3.09608 2.68025 1.3261 0.648043 0.4
threshold=0.99907018497641642 1.5000000000000002 0.99397208639875323 -0.099822328936730778 3.5000000000000004 -0.96350018336582322 2.5000000000000004 21.500000000000004 0.99024581825578073 1.0000000180025095e-35 -0.94842669772944921 3.5000000000000004 13.500000000000002 -0.99465740988130902 0 1.0000000180025095e-35 0.070900298346092461 1.0000000180025095e-35 0.75014982656592355 0.94135275643221283 1.0000000180025095e-35 0.98523515750423463 0.82899317702918729 234.50000000000003
decision_type=2 2 2 2 2 2 2 2 2 2 2 2 2 2 9 2 2 2 2 2 2 2 2 2
left_child=1 9 3 11 16 6 -6 8 10 -1 -7 -3 13 -13 -15 -16 -5 19 -19 20 -14 -20 -8 -21
right_child=-2 2 -4 4 5 7 22 -9 -10 -11 -12 12 17 14 15 -17 -18 18 21 23 -22 -23 -24 -25
leaf_value=0.0117222616323995 0.0098938301356510713 0.0065963502762256092 -0.011479540324464656 -0.040710934787353804 0.011701829933727115 -0.002353393446567533 0.0022274875159841567 0.0035083399049558638 -0.012972548439228732 0.00013445998611646737 -0.00018344660883564954 -0.01780708192163161 -0.0016060353276863076 -0.014432311027783145 0.0036474393284415762 -0.00025578362398906022 -0.0046692478761331101 0.0020215128993223003 0.00030032709885685323 -0.00053903713975358134 0.0011076710810303196 0.0020571098865340216 -0.0016363565202723175 -0.0023029614064750377
leaf_weight=24 20 25 37 19 21 68 20 30 33 20 489 19 27 20 25 154 21 36 93 20 161 40 19 20
leaf_count=24 20 25 37 19 21 68 20 30 33 20 489 19 27 20 25 154 21 36 93 20 161 40 19 20
internal_value=0.00274818 0.00170775 0.000648986 0.00190469 -0.0043173 -0.00190469 0.0302211 -0.00501364 -0.00702477 0.0353234 -0.00441807 0.00890444 0.00737101 -0.004753 -0.00065085 0.00361785 -0.0453317 0.0140285 0.0237579 0.0068168 0.0137786 0.0126598 -0.003321 -0.0259038
internal_weight=1461 1441 1397 1360 720 680 60 620 590 44 557 640 615 218 199 179 40 397 169 228 188 133 39 40
internal_count=1461 1441 1397 1360 720 680 60 620 590 44 557 640 615 218 199 179 40 397 169 228 188 133 39 40
cat_boundaries=0 1
cat_threshold=1
is_linear=0
shrinkage=0.129519


Tree=28
num_leaves=14
num_cat=0
split_feature=9 12 12 1 11 5 13 1 16 10 14 1 9
split_gain=6.76066 3.9734 3.75726 3.68706 3.10409 2.75546 3.36001 3.1608 2.83574 2.78496 2.74927 3.34023 2.59102
threshold=0.99907018497641642 0.99421661762139257 0.98802988639542011 1.5000000000000002 0.99898004730802425 216.50000000000003 -0.98803388382128643 29.500000000000004 0.9456351743229523 0.47369649395226454 -0.97313470967538551 5.5000000000000009 1.0000000180025095e-35
decision_type=2 2 2 2 2 2 2 2 2 2 2 2 2
left_child=1 2 3 -1 5 7 -7 8 9 -5 -8 -12 -3
right_child=-2 12 -4 4 -6 6 10 -9 -10 -11 11 -13 -14
leaf_value=0.01317875155097532 0.0086123897058033652 -0.00084761678086332944 0.0041797661875484244 0.00076064515117804492 0.00095301969693590194 -0.017111020940042927 0.0019466705437464137 0.0090106262379418683 -0.0021209221165653111 -0.00027031451840479578 -0.018652729589593905 -0.00041999328993469682 -0.005849741521461854
leaf_weight=36 20 25 24 500 20 24 32 31 21 208 39 457 24
leaf_count=36 20 25 24 500 20 24 32 31 21 208 39 457 24
internal_value=0.00292548 0.00188751 0.00316354 0.00227227 0.00116684 0.000394875 -0.00656981 0.00545344 0.003731 0.00512223 -0.00441543 -0.00678931 -0.0343622
internal_weight=1461 1441 1392 1368 1332 1312 552 760 729 708 528 496 49
internal_count=1461 1441 1392 1368 1332 1312 552 760 729 708 528 496 49
is_linear=0
shrinkage=0.129519


Tree=29
num_leaves=24
num_cat=0
split_feature=1 14 1 11 0 0 10 10 11 9 11 0 16 26 14 16 0 15 10 14 9 26 15
split_gain=4.91999 4.90054 2.97019 3.05911 2.9472 3.03086 4.16937 4.09193 3.58596 2.80259 3.45856 2.92568 5.14341 4.04976 2.57143 2.4381 2.3225 2.22181 3.26586 3.1862 3.51795 1.96367 1.2933
threshold=1.5000000000000002 0.99397208639875323 30.500000000000004 0.99898004730802425 5.5000000000000009 2.5000000000000004 0.41202506375868281 0.31595530242620651 -0.83377653105606597 -0.16799356919963601 0.95239763423914636 1.5000000000000002 0.13824519700499568 11.500000000000002 0.86003374851170211 -0.49065906150552457 1.5000000000000002 0.68823599250537171 0.28313308994381586 0.57253657439026184 0.91248814248966259 -14.499999999999998 -0.79384350655589164
decision_type=2 2 2 2 2 2 2 2 2 2 2 2 2 2 2 2 2 2 2 2 2 2 2
left_child=15 2 3 4 5 9 7 8 -7 10 16 13 -13 -11 17 -1 -2 19 -19 20 -6 -8 -23
right_child=1 -3 -4 -5 14 6 21 -9 -10 11 -12 12 -14 -15 -16 -17 -18 18 -20 -21 -22 22 -24
leaf_value=0.016193591814668819 0.0006921999510779588 -0.0078297797447801736 0.0076890529146798753 0.0008295853996666253 0.00086628562022979228 0.010459859878879882 -0.003738050912229431 0.0091988992292530714 -0.00031929984980119024 -9.5733816892219247e-05 -0.0032282969794921322 0.00038210512626965081 0.011113053416602363 0.0023990298550465709 0.0038556162230302558 0.0021776724291707266 -0.0022583329387586954 0.0035319776919500211 0.0017463302680037361 -0.010916834153958796 -0.003059311569191404 -0.012210442112881538 -0.00096929399124563872
leaf_weight=20 153 37 20 20 84 49 25 21 296 190 26 53 52 19 27 28 79 19 20 19 20 35 149
leaf_count=20 153 37 20 20 84 49 25 21 296 190 26 53 52 19 27 28 79 19 20 19 20 35 149
internal_value=0.00239358 0.00100829 0.00225905 0.00152825 0.000775564 -0.0016938 -0.00833428 0 -0.00337876 0.00498151 -0.00502012 0.0131994 0.0308379 0.00433796 0.0157616 0.043173 0 0.00959401 0.036531 0.001053 0.00996301 -0.0229292 -0.0183016
internal_weight=1461 1413 1376 1356 1336 1147 575 366 345 572 258 314 105 209 189 48 232 162 39 123 104 209 184
internal_count=1461 1413 1376 1356 1336 1147 575 366 345 572 258 314 105 209 189 48 232 162 39 123 104 209 184
is_linear=0
shrinkage=0.129519


Tree=30
num_leaves=26
num_cat=0
split_feature=1 16 1 16 13 14 13 16 11 0 13 16 10 10 10 2 1 14 0 15 13 11 1 9 1
split_gain=4.91999 3.78563 5.06527 4.29215 4.01008 3.46297 8.53965 3.13699 3.10934 2.90637 4.225 2.4381 1.89507 2.16631 2.91033 1.80541 1.65259 1.64436 1.34444 1.30042 1.33862 0.82451 1.5428 0.771429 0.606061
threshold=1.5000000000000002 0.99024581825578073 26.500000000000004 0.96294028059917813 -0.96688789938088693 0.92602487724513793 0.10944349140632857 0.99777677850226498 0.99898004730802425 4.5000000000000009 0.26140895925106966 -0.49065906150552457 -0.099822328936730778 -0.20180761162458913 -0.26037106507032776 22.500000000000004 25.500000000000004 0.06768135347655746 2.5000000000000004 0.82048548965790546 -0.56724474810852887 0.72692958206603386 7.5000000000000009 0.98213580174693116 19.500000000000004
decision_type=2 2 2 2 2 2 2 2 2 2 2 2 2 2 2 2 2 2 2 2 2 2 2 2 2
left_child=11 2 5 4 -4 8 -7 -3 12 10 18 -1 13 14 15 -2 19 -11 -6 20 -14 22 -8 -15 -21
right_child=1 7 3 -5 9 6 21 -9 -10 17 -12 -13 16 23 -16 -17 -18 -19 -20 24 -22 -23 -24 -25 -26
leaf_value=0.014096211632145245 0.0019902553861609784 -0.018453009828397607 -0.0020115017320497903 0.013279073065649591 0.01047254460147545 -0.0090771317896280474 0.00016834199405787998 0.00042828719377344739 0.00072213820716704338 -0.0060216440195845463 6.9673083114970508e-05 0.0018956221558746678 -0.0013766666108770609 0.0050053136494629972 -0.0063770346007168861 0.00013678934200053302 0.0038837990181397582 0.0033139044953392188 0.0027312815774587227 -0.0046184026335829567 0.00041828583205394512 0.0027332823956450559 -0.0034534623295680734 0.0020816711836257524 -0.0006804419915936421
leaf_weight=20 107 30 33 32 36 37 29 19 20 19 36 28 185 28 28 290 21 21 24 40 271 20 19 20 48
leaf_count=20 107 30 33 32 36 37 29 19 20 19 36 28 185 28 28 290 21 21 24 40 271 20 19 20 48
internal_value=0.00239358 0.00100829 0.00227893 0.0212643 0.0130286 -0.0010023 -0.0234368 -0.0343622 0.00122419 0.0228563 0.0350781 0.043173 0.000249555 0.00629797 0.00335226 0.00619865 -0.00481399 -0.00647596 0.056125 -0.00619025 -0.0034084 0.00380939 -0.00539663 0.0323798 -0.0206053
internal_weight=1461 1413 1364 201 169 1163 105 49 1058 136 96 48 1038 473 425 397 565 40 60 544 456 68 48 48 88
internal_count=1461 1413 1364 201 169 1163 105 49 1058 136 96 48 1038 473 425 397 565 40 60 544 456 68 48 48 88
is_linear=0
shrinkage=0.129519


Tree=31
num_leaves=14
num_cat=0
split_feature=1 14 1 8 16 0 22 14 1 0 15 14 11
split_gain=3.85394 3.43862 3.06115 4.43212 2.94639 2.91667 2.82291 2.81385 2.80682 1.88365 4.00479 3.08455 1.66387
threshold=1.5000000000000002 0.99397208639875323 30.500000000000004 1.0000000180025095e-35 -0.99763124042248752 3.5000000000000004 1.0000000180025095e-35 0.9716298204432684 27.500000000000004 2.5000000000000004 -0.9873387547174689 -0.97313470967538551 0.97650828179861848
decision_type=2 2 2 2 2 2 2 2 2 2 2 2 2
left_child=5 2 3 4 -2 -1 7 9 -9 11 -11 -6 -8
right_child=1 -3 -4 -5 6 -7 12 8 -10 10 -12 -13 -14
leaf_value=0.010373841965350494 0.00085993727573221437 -0.0056400110013305159 0.0058287142469290575 -0.0053138585157463565 0.0033557007897934009 -2.4465074777915505e-05 -0.0066133090525469654 0.00011130783333756282 0.019555327605433881 0.0068311799659502622 -0.00028588791257184808 0.00025870780964889649 0.00094891781754168493
leaf_weight=28 32 37 20 19 36 20 34 34 21 39 647 472 22
leaf_count=28 32 37 20 19 36 20 34 34 21 39 647 472 22
internal_value=0.00168437 0.000458313 0.00150604 0.000764125 0.00164684 0.0377764 0.000694739 0.00197027 0.0306136 0.00065085 -0.00377607 0.00662893 -0.0277541
internal_weight=1461 1413 1376 1356 1337 48 1305 1249 55 1194 686 508 56
internal_count=1461 1413 1376 1356 1337 48 1305 1249 55 1194 686 508 56
is_linear=0
shrinkage=0.129519


Tree=32
num_leaves=26
num_cat=0
split_feature=1 1 12 14 16 5 12 5 16 16 9 15 15 1 8 1 11 10 5 26 10 26 11 15 11
split_gain=3.81616 3.16959 3.97238 3.63067 3.3542 3.35332 2.22355 2.20365 2.45655 4.10008 2.25898 2.14658 2.69056 2.62227 1.76603 2.2137 2.7963 1.46107 1.36666 1.4299 4.3049 2.20061 1.32967 1.02657 0.728139
threshold=1.5000000000000002 26.500000000000004 -0.33223242633771066 0.99397208639875323 -0.99763124042248752 88.500000000000014 0.4737052552177024 216.50000000000003 0.84658398682345026 0.77108682076304746 -0.99275805973510278 -0.87603313289604434 -0.79384350655589164 13.500000000000002 1.0000000180025095e-35 27.500000000000004 0.78325454425165997 -0.82413948779581736 200.50000000000003 19.500000000000004 0.97062204580664158 9.5000000000000018 0.074116354202380164 0.97113435722967201 -0.78326178756187226
decision_type=2 2 2 2 2 2 2 2 2 2 2 2 2 2 2 2 2 2 2 2 2 2 2 2 2
left_child=6 3 5 4 -2 -3 -1 18 9 11 -10 13 -13 -9 15 -4 17 -17 19 20 21 -6 24 -20 -7
right_child=1 2 14 -5 7 22 -8 8 10 -11 -12 12 -14 -15 -16 16 -18 -19 23 -21 -22 -23 -24 -25 -26
leaf_value=0.010606981301855561 0.00074855893416494708 -0.00032636475546891328 -0.011233241261066534 -0.0069340249010852052 5.2248979922833861e-05 0.0027612870033664329 9.9847626986178167e-05 -0.00068876883158290657 -0.00096517917047731394 0.0039195254477217088 -0.0098997254258970276 -0.014274327407240843 -0.00058950977845999156 0.0042443929740352939 -0.0027250884327475167 0.016621387700815959 -0.00035220915407464912 0.0028001146880123843 0.0045585874941854636 0.0011709659301655426 -0.012281959870430393 0.0026206168066989456 0.018081730249535025 0.00039718369637552632 0.0019499457553380077
leaf_weight=27 32 20 27 26 558 22 21 86 36 20 21 19 262 22 24 20 21 23 19 33 24 21 36 21 20
leaf_count=27 32 20 27 26 558 22 21 86 36 20 21 19 262 22 24 20 21 23 19 33 24 21 36 21 20
internal_value=0.00186167 0.000641638 0.0152018 -0.00194279 -0.000882584 0.0343622 0.0377764 -0.00204146 -0.00889402 -0.00538344 -0.034084 -0.00832385 -0.0142886 0.00719551 -0.00112625 0.00711644 0.0202374 0.039157 0.00268235 0.00122188 -0.000214791 0.00201325 0.0464941 0.0259038 0.0308379
internal_weight=1461 1413 213 1200 1174 98 48 1142 466 409 57 389 281 108 115 91 64 43 676 636 603 579 78 40 42
internal_count=1461 1413 213 1200 1174 98 48 1142 466 409 57 389 281 108 115 91 64 43 676 636 603 579 78 40 42
is_linear=0
shrinkage=0.129519


Tree=33
num_leaves=14
num_cat=0
split_feature=9 9 16 12 13 14 14 13 11 0 15 10 18
split_gain=3.48931 3.25663 3.0684 2.89338 2.58547 2.53722 3.30994 2.20945 5.40192 2.01573 3.1083 2.25003 1.23077
threshold=0.99818282439137029 0.99466373373798567 -0.99763124042248752 -0.96687281075841669 0.95045175947417582 0.99895983886342388 0.99397208639875323 0.98540325053957545 -0.83377653105606597 2.5000000000000004 0.83377267583920489 0.98770287048522643 1.0000000180025095e-35
decision_type=2 2 2 2 2 2 2 2 2 2 2 2 2
left_child=1 2 -1 4 -4 6 7 9 -9 10 -5 -11 -6
right_child=-2 -3 3 5 12 -7 -8 8 -10 11 -12 -13 -14
leaf_value=0.00065160622028060137 0.0057524939783797444 -0.0023173701813723846 0.0053170788241610912 -9.0714797779963021e-05 -0.0030008113200565146 0.0082825373212835687 -0.0071577413111803597 0.010226453951583199 -0.00044775959018139371 -0.00021379448019859221 0.0022811967558996919 -0.004331977849153892 0.0046121653689799487
leaf_weight=32 28 20 20 414 26 21 28 20 32 659 103 32 26
leaf_count=32 28 20 20 414 26 21 28 20 32 659 103 32 26
internal_value=0.000975161 9.03832e-05 0.000824963 -9.37865e-05 0.0251843 -0.00148418 -0.00221228 -0.00123352 0.0249075 -0.00235879 0.00375781 -0.00693518 0.00996301
internal_weight=1461 1433 1413 1381 72 1309 1288 1260 52 1208 517 691 52
internal_count=1461 1433 1413 1381 72 1309 1288 1260 52 1208 517 691 52
is_linear=0
shrinkage=0.129519


Tree=34
num_leaves=14
num_cat=0
split_feature=9 23 0 10 12 14 14 0 1 26 5 5 11
split_gain=2.20917 2.11029 5.57223 3.32938 2.6325 3.27401 3.20255 3.5219 3.01459 2.56928 2.43932 2.35111 2.24593
threshold=0.99818282439137029 1.0000000180025095e-35 2.5000000000000004 0.63089349388778826 0.99421661762139257 -0.99698452691574591 -0.97313470967538551 2.5000000000000004 1.5000000000000002 19.500000000000004 16.500000000000004 182.50000000000003 0.99683609994235911
decision_type=2 2 2 2 2 2 2 2 2 2 2 2 2
left_child=1 4 -3 -4 5 -1 7 -7 -8 10 -10 -6 -12
right_child=-2 2 3 -5 11 6 8 -9 9 -11 12 -13 -14
leaf_value=-0.025654496065621788 0.0050074358709245965 0.011022078967849879 0.0010943129308300108 -0.007789716320469345 -0.0082260639100876689 0.0077824644373131087 0.0077913288584274985 0.0005618117877709347 -0.010671491025978029 0.0015544068197094511 -7.9678473557119196e-05 -0.0046665699752498893 0.00056721073910096789
leaf_weight=20 28 26 23 21 20 25 22 35 24 35 1125 25 32
leaf_count=20 28 26 23 21 20 25 22 35 24 35 1125 25 32
internal_value=0.000975161 0.00027115 0.0222033 -0.00588723 -0.000855225 0.000196539 0.000997836 0.0302211 -0.000418479 -0.00127815 -0.00230305 -0.0316602 -0.00145527
internal_weight=1461 1433 70 44 1363 1318 1298 60 1238 1216 1181 45 1157
internal_count=1461 1433 70 44 1363 1318 1298 60 1238 1216 1181 45 1157
is_linear=0
shrinkage=0.129519


Tree=35
num_leaves=33
num_cat=0
split_feature=22 11 10 1 0 14 26 1 0 1 14 14 14 11 11 0 1 11 1 0 0 5 10 10 14 26 2 10 10 0 5 1
split_gain=2.28313 2.73795 2.88842 3.82592 3.90095 2.65098 2.06355 3.13213 2.01164 3.3892 2.73615 4.11941 4.7806 2.12666 2.5559 3.27515 6.04281 4.21898 1.63625 1.46286 3.41333 1.40482 1.05754 1.44118 1.5 1.43233 1.74874 2.68889 2.61911 1.09714 0.647773 0.1
threshold=1.0000000180025095e-35 0.99831452020184308 0.67007489853957602 28.500000000000004 1.5000000000000002 0.10623691595609522 19.500000000000004 12.500000000000002 3.5000000000000004 1.5000000000000002 0.94843163125622032 0.85337989217000254 0.76696511442552651 0.91593490216309192 0.34235194516023087 4.5000000000000009 14.500000000000002 -0.93545056548590078 16.500000000000004 4.5000000000000009 1.5000000000000002 194.50000000000003 0.87291090774974645 0.83258597624099873 -0.43345952615077699 14.500000000000002 51.500000000000007 0.98332250088165762 0.92843842216862604 3.5000000000000004 204.50000000000003 22.500000000000004
decision_type=2 2 2 2 2 2 2 2 2 2 2 2 2 2 2 2 2 2 2 2 2 2 2 2 2 2 2 2 2 2 2 2
left_child=1 2 3 8 -5 -6 22 -8 9 -1 11 12 -11 14 15 16 -10 -17 21 20 -2 -16 23 24 29 26 27 28 -24 -4 -20 -26
right_child=19 -3 6 4 5 -7 7 -9 13 10 -12 -13 -14 -15 18 17 -18 -19 30 -21 -22 -23 25 -25 31 -27 -28 -29 -30 -31 -32 -33
leaf_value=0.0068995262996087584 -0.0087983565062292116 0.00080171840961791108 -0.011224288586849316 0.0051224933978443916 -0.00063577941812209592 0.016243627102457209 0.0021608527861327947 -0.0018572468192285627 -0.0050052547174043961 0.00059608017835742098 -0.0037083964228655894 0.0043204291895876917 -0.0015565868153637062 0.0024901153097264418 -0.0075882779000264406 -0.0074308321302333146 0.0021028618741145083 0.00095759804465571764 -0.0016105253945172414 -0.0054774754957986581 0.0036825001867731347 0.0013815705391221726 0.0017543053229205799 -0.011992932716797943 0.0014936775356294554 -0.0075124370576669297 -0.0056174117591861169 0.0026854222256890298 -0.0010469707994097523 -1.9444886712418957e-05 -0.0029396149118872681 0.00064589931221828987
leaf_weight=19 20 22 35 21 34 20 23 21 47 413 36 36 21 35 29 32 39 137 26 20 30 32 55 36 20 20 29 24 65 25 19 20
leaf_count=19 20 22 35 21 34 20 23 21 47 413 36 36 21 35 29 32 39 137 26 20 30 32 55 36 20 20 29 24 65 25 19 20
internal_value=0.000620557 0.00176913 0.00104069 0.00468141 0.0328115 0.014391 -0.00868091 0.0176617 0.00239069 0.0076478 0.00563127 0.00826718 0.0047749 -0.00457896 -0.00753435 -0.000507918 -0.0210845 0.00996301 -0.0244376 -0.0222033 -0.0103615 -0.0106163 -0.0122039 -0.0209516 -0.0129519 -0.00603975 -0.002246 0.00359775 -0.0043173 -0.0259038 -0.043173 0.00647596
internal_weight=1461 1391 1369 996 75 54 373 44 921 525 506 470 434 396 361 255 86 169 106 70 50 61 329 136 100 193 173 144 120 60 45 40
internal_count=1461 1391 1369 996 75 54 373 44 921 525 506 470 434 396 361 255 86 169 106 70 50 61 329 136 100 193 173 144 120 60 45 40
is_linear=0
shrinkage=0.129519


Tree=36
num_leaves=14
num_cat=0
split_feature=11 14 14 26 10 9 1 9 10 9 13 9 9
split_gain=2.88835 2.12778 2.54318 2.33502 2.89625 1.68421 1.60464 1.57759 3.63501 2.77692 2.15971 2.14126 1.39186
threshold=0.99898004730802425 0.99895983886342388 0.99397208639875323 19.500000000000004 0.99024581825578073 0.15951094710994368 30.500000000000004 0.34235194516023087 -0.83375966452616657 0.46800856592688467 0.96263194477712155 0.27694220057652758 0.22700754078277599
decision_type=2 2 2 2 2 2 2 2 2 2 2 2 2
left_child=1 2 3 4 6 -5 7 11 9 -9 -10 12 -1
right_child=-2 -3 -4 5 -6 -7 -8 8 10 -11 -12 -13 -14
leaf_value=-4.1965554863099595e-05 0.00069788052587107423 0.0077004183862824042 -0.0058925071535756339 0.0031905675162220014 -0.008913985458386375 0.00013991843283888959 0.0027469782447058027 0.00022401408836879755 0.00060979714491330578 0.0081241227223890402 -0.0020101860864629615 -0.00085704814223288325 0.00076224513558206461
leaf_weight=726 20 21 28 19 31 19 20 32 434 20 44 28 19
leaf_count=726 20 21 28 19 31 19 20 32 434 20 44 28 19
internal_value=0.00292548 0.00224704 0.00164179 0.00241918 0.00153051 0.034084 0.00244745 0.00188861 0.00733127 0.039852 0.00379345 -0.00184309 -0.000521554
internal_weight=1461 1441 1420 1392 1354 38 1323 1303 530 52 478 773 745
internal_count=1461 1441 1420 1392 1354 38 1323 1303 530 52 478 773 745
is_linear=0
shrinkage=0.129519


Tree=37
num_leaves=20
num_cat=0
split_feature=16 15 12 26 10 16 16 5 9 16 12 16 16 12 12 13 5 13 1
split_gain=1.53258 3.77607 2.82844 1.99363 2.62871 2.03196 4.10817 3.33333 2.18684 2.18325 2.81004 2.24405 1.98971 2.35192 2.7 1.6 1.23205 1.13778 0.963333
threshold=0.99024581825578073 0.056949529780582459 -0.99054309756674508 21.500000000000004 0.99024581825578073 0.92104391872432934 0.77108682076304746 178.50000000000003 -0.92274349529687905 0.55478649335567887 0.84659964483890704 0.66367808336324619 0.81304046271159391 -0.96687281075841669 0.95753409784554566 0.17647005552944342 257.50000000000006 -0.016126489383873798 16.500000000000004
decision_type=2 2 2 2 2 2 2 2 2 2 2 2 2 2 2 2 2 2 2
left_child=2 17 -1 4 5 6 8 -7 16 10 -10 -11 -8 -14 -15 -9 -4 -2 -18
right_child=1 -3 3 -5 -6 7 12 15 9 11 -12 -13 13 14 -16 -17 18 -19 -20
leaf_value=0.0070088167676177664 0.0052801175417866528 -0.04751576907120978 -0.0057067835054129346 0.0021225346674711241 -0.0077594536743514769 -0.0052618751679714901 0.00425385084843062 -0.00058697859804488633 0.00012692271265627873 -0.0038675612967476601 0.0012893889231980265 0.0020990237162796309 0.0048726150905986296 -0.0029385440309365146 0.00069593984943167422 0.0038075251027293901 0.00038404994054977497 -0.00051608167612096308 -0.0034420150237937002
leaf_weight=32 20 20 24 30 33 20 31 20 900 45 30 49 28 30 24 20 30 25 50
leaf_count=32 20 20 24 30 33 20 31 20 900 45 30 49 28 30 24 20 30 25 50
internal_value=0.00150707 -0.0179334 0.00241225 0.00151929 0.000776727 0.00169241 0.0028179 -0.0215865 0.000459288 0.0022767 0.00417804 -0.0165344 0.0263623 0.015795 0 0 -0.0174353 0.0028782 -0.00971394
internal_weight=1461 65 1396 1364 1334 1301 1241 60 1128 1024 930 94 113 82 54 40 104 45 80
internal_count=1461 65 1396 1364 1334 1301 1241 60 1128 1024 930 94 113 82 54 40 104 45 80
is_linear=0
shrinkage=0.129519


Tree=38
num_leaves=26
num_cat=1
split_feature=1 16 12 14 14 13 13 0 19 26 26 11 9 9 13 12 26 12 0 13 9 11 0 11 9
split_gain=2.18493 2.79024 3.04394 2.68127 3.78947 2.07838 2.85607 3.55239 1.94405 2.63546 3.13303 4.08464 2.80728 3.28482 1.92661 1.71261 1.59186 1.47273 3.05608 1.79587 1.34554 1.26393 0.877922 1.26326 0.21006
threshold=26.500000000000004 -0.71202943263366203 0.44313120970497338 0.99397208639875323 0.99895983886342388 -0.99866344543967311 -0.95628930279329516 2.5000000000000004 0 -1.4999999999999998 -26.499999999999996 0.93544191479114935 0.95242846126021108 0.92922379131507438 0.99398759792145908 0.56192200557241578 -6.4999999999999991 -0.38441749230002448 1.5000000000000002 0.058024361988385058 0.98667101781630184 -0.091260668982868137 4.5000000000000009 0.89115239534193136 -0.022576249993022598
decision_type=2 2 2 2 2 2 2 2 9 2 2 2 2 2 2 2 2 2 2 2 2 2 2 2 2
left_child=3 -2 17 5 -5 -1 7 -7 16 10 -10 -12 13 14 -11 -4 -8 18 -3 -20 22 -17 23 -18 -23
right_child=1 2 15 4 -6 6 8 -9 9 12 11 -13 -14 -15 -16 21 20 -19 19 -21 -22 24 -24 -25 -26
leaf_value=0.0035948169929603769 -0.0049721408936954136 0.0087353732985879524 -0.0030096977673094755 -0.0093051449136676376 0.0066866278516899838 0.0011723054648410472 0.0041126548531950522 -0.0072874642845788219 0.002489908248464756 3.3362258285260727e-06 -0.020981972977793781 -9.0183390794846706e-05 -0.0009757972809407567 0.0058968293463088602 0.0048199134859733808 0.004449720205892781 0.0020373343183394455 0.010544126832383848 0.002404799377072362 -0.0024936387338512682 0.0028435478828842294 0.0001043482902621296 0.0026203927641595712 -0.0024265114603411898 -0.00047554618108554047
leaf_weight=23 21 27 19 19 19 26 25 37 23 840 19 36 19 28 32 22 36 20 34 29 25 19 22 19 22
leaf_count=23 21 27 19 19 19 26 25 37 23 840 19 36 19 28 32 22 36 20 34 29 25 19 22 19 22
internal_value=0.00186167 0.0139856 0.0188882 -0.000207563 -0.034084 0.000856325 0.000109115 -0.0267262 0.00161323 -0.000385856 -0.023247 -0.0400332 0.00155028 0.00259038 0.00118825 0 0.0160717 0.0329685 0.0259038 0.0102793 0.0101584 0.0102793 0.00168207 -0.00706468 -0.003159
internal_weight=1461 213 192 1248 38 1210 1187 63 1124 997 78 55 919 900 872 82 127 110 90 63 102 63 77 55 41
internal_count=1461 213 192 1248 38 1210 1187 63 1124 997 78 55 919 900 872 82 127 110 90 63 102 63 77 55 41
cat_boundaries=0 1
cat_threshold=48
is_linear=0
shrinkage=0.129519


Tree=39
num_leaves=30
num_cat=0
split_feature=16 15 1 0 9 13 0 0 26 14 1 14 14 15 14 12 15 26 0 15 1 16 10 14 15 15 11 13 10
split_gain=2.19178 3.16068 2.41822 3.4046 2.64906 2.5621 2.47999 2.90566 3.91807 4.5413 3.54523 5.82063 2.85106 2.91892 3.39364 2.51282 2.47231 2.46428 4.69618 2.50145 2.45568 3.34519 2.37088 2.98208 2.10388 2.86549 2.14286 1.77778 0.875758
threshold=0.99024581825578073 0.056949529780582459 27.500000000000004 5.5000000000000009 -0.85227431625818906 0.99618957151386123 5.5000000000000009 3.5000000000000004 6.5000000000000009 0.85674247252130387 7.5000000000000009 -0.15739011478661016 0.86003374851170211 0.68823599250537171 0.58306623471453534 -0.3744658827978154 -0.86330057456837561 2.5000000000000004 1.5000000000000002 -0.99323793665845683 16.500000000000004 0.20601069966728894 0.063390085881955258 0.20811768697615499 -0.9484047710472957 -0.53948791442211719 0.61237135649459018 -0.016126489383873798 0.86869874770991873
decision_type=2 2 2 2 2 2 2 2 2 2 2 2 2 2 2 2 2 2 2 2 2 2 2 2 2 2 2 2 2
left_child=2 27 5 4 -4 6 7 17 9 10 11 -9 13 14 20 -11 -12 19 -19 -1 21 -8 23 -6 26 -26 -21 -2 -24
right_child=1 -3 3 -5 22 -7 12 8 -10 15 16 -13 -14 -15 -16 -17 -18 18 -20 24 -22 -23 28 -25 25 -27 -28 -29 -30
leaf_value=-0.0028623707389180469 0.0043942385811401342 -0.040834888029542285 0.0020877658248808864 -0.002619884282766684 0.012228628268926282 0.004312966108609052 0.001548517607436077 -0.017899108755511976 0.0026169754586556257 -0.0069634215121085587 0.0016661624105285737 0.0001521413803284345 0.0032564453504935432 0.002829489833926206 -0.0074492025987998919 -0.0027885245471115333 -0.00056207698313426855 1.8727886795584094e-05 -0.0087711070381699084 0.00099092250940749729 0.0086146766805102991 -0.0050061262990756398 -0.0025124467314396048 9.2646148765536043e-05 -0.0010206654496692123 0.00050744069906402656 0.006244335096900238 -0.0011359462667580539 0.0014352959284653546
leaf_weight=36 20 20 24 23 36 19 38 27 23 26 36 25 27 37 20 24 188 25 27 28 33 20 20 26 155 409 20 25 24
leaf_count=36 20 20 24 23 36 19 38 27 23 26 36 25 27 37 20 24 188 25 27 28 33 20 20 26 155 409 20 25 24
internal_value=0.00132977 -0.0219186 0.00241225 0.0177771 0.0259038 0.000520994 -0.000211633 -0.00259285 -0.0122468 -0.0158919 -0.00938545 -0.039852 0.0140621 0.00700103 -0.00350052 -0.0518077 -0.00231284 0.00222033 -0.0249075 0.00439725 0.00711644 -0.00893235 0.0171063 0.0334243 0.00634898 0.00413359 0.0323798 -0.0028782 -0.00588723
internal_weight=1461 65 1396 153 130 1243 1224 1049 349 326 276 52 175 148 111 50 224 700 52 648 91 58 106 62 612 564 48 45 44
internal_count=1461 65 1396 153 130 1243 1224 1049 349 326 276 52 175 148 111 50 224 700 52 648 91 58 106 62 612 564 48 45 44
is_linear=0
shrinkage=0.129519


Tree=40
num_leaves=32
num_cat=1
split_feature=16 15 16 15 13 0 24 1 26 0 15 0 1 0 26 11 13 0 15 15 16 11 13 13 1 20 13 13 1 5 0
split_gain=2.19178 3.16068 2.50655 2.45098 1.93502 2.58713 5.67896 3.74783 4.54431 3.62963 3.40493 6.40346 3.21249 5.4266 2.44088 2.41204 5.16865 2.52711 2.26639 3.27262 2.2277 2.05714 1.87872 1.77778 1.76721 2.54717 1.53098 3.21612 4.07008 1.6 1.33333
threshold=0.99024581825578073 0.056949529780582459 0.9593627910328778 -0.18281597401273728 -0.7912172255939699 3.5000000000000004 1.0000000180025095e-35 28.500000000000004 2.5000000000000004 1.5000000000000002 0.95846562273089031 1.5000000000000002 7.5000000000000009 5.5000000000000009 11.500000000000002 0.49812943072827087 -0.47370388626641718 1.0000000180025095e-35 -0.98523971305672664 -0.92436682192247444 0.84658398682345026 -0.79384350655589164 -0.82170904822926072 -0.016126489383873798 28.500000000000004 0 -0.97603817029354423 -0.95628930279329516 9.5000000000000018 335.50000000000006 2.5000000000000004
decision_type=2 2 2 2 2 2 2 2 2 2 2 2 2 2 2 2 2 2 2 2 2 2 2 2 2 9 2 2 2 2 2
left_child=2 23 4 -4 22 7 12 8 10 -10 15 -12 13 21 -8 17 -17 -6 -14 -20 -21 -7 24 -2 25 -1 29 -28 -29 -27 -5
right_child=1 -3 3 30 5 6 14 -9 9 -11 11 -13 18 -15 -16 16 -18 -19 19 20 -22 -23 -24 -25 -26 26 27 28 -30 -31 -32
leaf_value=-0.0088043244885413034 0.0038251005527865419 -0.035545988204912657 0.012726023262038803 -0.0025787614198781658 -0.00097168871561973346 -0.00095245027312910828 0.0078630904980349151 0.0065359270617763006 7.4875852065799025e-06 -0.0076350807451034623 0.0011033262952163956 -0.0051291728912579463 0.0053048066147105876 0.0016139823751860616 0.0016123570603229981 0.0039037045808980246 0.00048954817267064137 0.00044699574558959879 -0.0079078593549492399 8.0825655852335127e-05 -0.00697656065719053 -0.013516754081138772 -0.003585211571300199 -0.00098881947638451077 -0.0041855682851798179 0.0075712173689084184 -0.004195957733953916 0.0056344159988091485 -5.4635074431720378e-05 -0.0052605344264686016 0.0016821000278786124
leaf_weight=26 20 20 20 24 74 21 19 28 27 27 22 20 20 23 27 38 137 230 21 263 35 24 24 25 23 20 27 19 113 20 24
leaf_count=26 20 20 20 24 74 21 19 28 27 27 22 20 20 23 27 38 137 230 21 263 35 24 24 25 23 20 27 19 113 20 24
internal_value=0.00132977 -0.0219186 0.00241225 0.0266657 0.00117035 0.00367952 -0.00371688 0.00923603 0.00698277 -0.028782 0.0106897 -0.0246703 -0.00859218 -0.0342845 0.0394189 0.0137901 0.0259038 0.0068168 -0.00343856 -0.00609024 -0.00260777 -0.0604423 -0.00857112 -0.0028782 -0.00522255 -0.00172692 0.00325425 -0.00244376 0.00588723 0.0259038 0.0107933
internal_weight=1461 65 1396 68 1328 1056 453 603 575 54 521 42 407 68 46 479 175 304 339 319 298 45 272 45 248 225 199 159 132 40 48
internal_count=1461 65 1396 68 1328 1056 453 603 575 54 521 42 407 68 46 479 175 304 339 319 298 45 272 45 248 225 199 159 132 40 48
cat_boundaries=0 1
cat_threshold=1
is_linear=0
shrinkage=0.129519


Tree=41
num_leaves=25
num_cat=0
split_feature=2 2 14 15 15 15 1 16 1 9 13 1 15 1 13 0 0 13 13 13 13 0 1 13
split_gain=1.48973 1.9206 2.30974 1.75202 2.9011 2.67608 2.09514 2.95777 3.67282 3.97452 2.01775 1.73237 2.37761 2.75998 1.4087 2.3602 1.32298 1.95889 2.04343 2.30471 1.15714 3.22165 0.947368 0.252962
threshold=44.500000000000007 43.500000000000007 -0.99698452691574591 0.63672638633070444 0.67799886003753596 0.58220321383339935 1.5000000000000002 0.99083579680342215 29.500000000000004 0.99466373373798567 -0.98994109942595798 5.5000000000000009 0.73648824221803999 15.500000000000002 -0.36848248253529964 2.5000000000000004 1.0000000180025095e-35 -0.60897148302369042 -0.72400001285547189 -0.85001289022095461 -0.97009963647103548 3.5000000000000004 13.500000000000002 0.10944349140632857
decision_type=2 2 2 2 2 2 2 2 2 2 2 2 2 2 2 2 2 2 2 2 2 2 2 2
left_child=1 2 -1 5 -5 6 -4 8 9 -8 -6 23 -13 -14 16 -16 -2 18 19 20 -18 -22 -19 -12
right_child=14 -3 3 4 10 -7 7 -9 -10 -11 11 12 13 -15 15 -17 17 22 -20 -21 21 -23 -24 -25
leaf_value=-0.0072158452291437329 -0.0034863640423332095 0.0011983744587760812 0.0043304642570377826 -0.0034461819361058786 0.0044243065548198908 0.0027392500889951814 0.00027260735263315425 -0.0037706263503525391 0.0081751481760543084 -0.0030329706396067212 -0.0050264269885933362 0.002705614994278867 -0.0011205483016375204 6.5177995650794556e-06 0.00056756970570095142 -0.0090936771197816495 0.00069802412179646039 0.00043951631768368181 -0.010104934051441354 0.0054214935891412101 -0.017144826940633177 0.002783427034358397 0.0057537524077762425 -0.006319791185001894
leaf_weight=25 26 28 24 20 20 28 673 28 27 25 20 30 27 235 19 27 30 19 21 27 22 20 19 21
leaf_count=25 26 28 24 20 20 28 673 28 27 25 20 30 27 235 19 27 30 19 21 27 22 20 19 21
internal_value=0.00168437 0.00347208 0.00269159 0.00351835 -0.0038196 0.00691841 0.00550081 0.0043001 0.00589535 0.00408227 -0.00110073 -0.00350052 0 -0.00395478 -0.00788377 -0.0281563 -0.00281563 0.00163948 -0.00647596 0.00130827 -0.0107933 -0.0246703 0.0272672 -0.028431
internal_weight=1461 1231 1203 1178 373 805 777 753 725 698 353 333 292 262 230 46 184 158 120 99 72 42 38 41
internal_count=1461 1231 1203 1178 373 805 777 753 725 698 353 333 292 262 230 46 184 158 120 99 72 42 38 41
is_linear=0
shrinkage=0.129519


Tree=42
num_leaves=24
num_cat=1
split_feature=2 16 16 5 15 15 15 13 13 19 12 1 14 1 1 1 1 1 13 0 0 16 5
split_gain=2.0289 2.15299 3.10703 2.43813 1.9119 2.00196 2.76709 1.86036 1.84131 2.31056 1.6 1.33333 1.2425 1.58194 1.27655 1.69023 1.27877 1.1102 1.09862 0.946003 0.823129 0.782534 0.282195
threshold=41.500000000000007 0.99083579680342215 0.99777677850226498 281.50000000000006 0.99758684199993464 -0.99760529321244107 -0.98292201184843975 -0.98994109942595798 -0.95628930279329516 0 -0.6652727025667432 26.500000000000004 -0.97313470967538551 22.500000000000004 7.5000000000000009 10.500000000000002 17.500000000000004 25.500000000000004 -0.96688789938088693 2.5000000000000004 3.5000000000000004 0.43540432083943342 319.50000000000006
decision_type=2 2 2 2 2 2 2 2 2 9 2 2 2 2 2 2 2 2 2 2 2 2 2
left_child=1 3 -3 4 5 -1 10 -8 11 -10 -7 -9 -2 14 18 -16 21 -15 -14 -18 -19 22 -17
right_child=12 2 -4 -5 -6 6 7 8 9 -11 -12 -13 13 17 15 16 19 20 -20 -21 -22 -23 -24
leaf_value=-0.0042808387653586371 0.00048206688314524266 -0.004680667247597913 0.0023672076548064882 0.0010198092707465847 -0.002098999919663308 0.010052746218232992 0.0038512741481934311 -0.0028934639397647987 0.0017712590591212325 1.5028020493506927e-05 0.0010446911481977092 3.3200226542598415e-05 -4.9180923329064878e-05 -0.0092804417255523981 0.0022944607119348166 -0.0061385527993801231 -0.001395492976027723 -0.0024070391574041094 -0.014279665634774124 0.0033448002843532742 0.0032470012172060099 -0.0036384542515801484 0.00026664555553812807
leaf_weight=24 36 27 26 27 24 20 28 24 138 765 20 24 23 36 24 19 26 28 19 34 21 20 28
leaf_count=24 36 27 26 27 24 20 28 24 138 765 20 24 23 36 24 19 26 28 19 34 21 20 28
internal_value=0.000975161 0.00350052 -0.0219938 0.00473562 0.00376297 0.00459464 0.00546548 0.00410122 0.00313243 0.00444639 0.0388557 -0.0215865 -0.00824963 -0.0111815 -0.00469759 0.000857743 -0.00509918 -0.0259038 -0.0246703 0.00863461 -0.0132162 -0.0173981 -0.00826718
internal_weight=1461 1147 53 1094 1067 1043 1019 979 951 903 40 48 314 278 193 151 127 85 42 60 49 67 47
internal_count=1461 1147 53 1094 1067 1043 1019 979 951 903 40 48 314 278 193 151 127 85 42 60 49 67 47
cat_boundaries=0 1
cat_threshold=48
is_linear=0
shrinkage=0.129519


Tree=43
num_leaves=20
num_cat=1
split_feature=19 16 9 9 0 16 14 14 8 1 9 10 9 9 0 16 16 9 1
split_gain=1.75175 2.27779 3.76721 2.13783 1.70366 1.89536 1.96574 1.35817 1.49979 1.88296 1.36042 2.5 1.40093 1.10527 1.25422 4.88926 1.46641 0.608696 1.84453
threshold=0 -0.97876680704815899 -0.48314718476766416 -0.35846811432664222 4.5000000000000009 -0.89597723455588485 1.0000000180025095e-35 -0.99698452691574591 1.0000000180025095e-35 29.500000000000004 0.99466373373798567 -0.013976481981245098 0.9893236546938301 0.98213580174693116 5.5000000000000009 -0.13611530350477188 0.68743175015171565 -0.12546116083924147 18.500000000000004
decision_type=9 2 2 2 2 2 2 2 2 2 2 2 2 2 2 2 2 2 2
left_child=1 -1 4 -4 5 -3 -7 -2 9 10 12 -12 13 14 16 -16 -9 18 -5
right_child=7 2 3 17 -6 6 -8 8 -10 -11 11 -13 -14 -15 15 -17 -18 -19 -20
leaf_value=0.00088874958766442188 -0.0037281873428992056 0.0043038194315395779 0.0014543908174262318 -0.0084228045570291232 -0.006100553756551848 -0.00023933196781919991 -0.01066229377885795 2.6224185903091505e-06 -0.00084247061038836832 0.009014441093275833 -0.003183029540731977 0.00041328114258388593 0.0046462228994679656 -0.0019250170384307662 0.0035494359729998097 -2.5228039364632376e-05 0.00115175072263859 -0.00086691881948102009 0.0042364493205008921
leaf_weight=19 36 20 36 33 29 26 23 714 34 21 20 20 20 20 63 83 185 36 23
leaf_count=19 36 20 36 33 29 26 23 714 34 21 20 20 20 20 63 83 185 36 23
internal_value=0.00115246 -0.00863461 -0.0126081 0.00202374 -0.031719 -0.020648 -0.0343622 0.00316931 0.00395143 0.00474677 0.00402948 -0.0194279 0.00489427 0.0042565 0.00483373 0.0159681 0.00302548 -0.0084469 0
internal_weight=1461 245 226 128 98 69 49 1216 1180 1146 1125 40 1085 1065 1045 146 899 92 56
internal_count=1461 245 226 128 98 69 49 1216 1180 1146 1125 40 1085 1065 1045 146 899 92 56
cat_boundaries=0 1
cat_threshold=192
is_linear=0
shrinkage=0.129519


Tree=44
num_leaves=42
num_cat=0
split_feature=10 0 1 15 15 15 15 15 15 10 15 15 12 0 11 11 11 13 13 10 0 15 13 5 10 0 9 25 1 15 9 5 13 1 9 15 5 5 9 2 5
split_gain=1.54415 2.92838 2.85789 2.5652 4.70283 6.93041 4.82597 3.29969 2.70826 2.4461 2.93053 2.76898 3.27722 2.50627 2.08461 4.87852 1.95905 2.17364 2.82005 2.57464 2.34239 2.10036 1.92157 1.79688 1.6994 1.48852 5.00359 3.14623 2.27388 1.729 2.14472 1.85635 2.43315 1.64835 1.03547 0.938889 2.48786 1.27116 0.784203 0.57112 0.47451
threshold=0.67007489853957602 3.5000000000000004 24.500000000000004 0.9923637143631393 0.94601698252975897 0.88618201382888007 0.67799886003753596 0.51295437088821561 0.39034993933883777 -0.80417042486635371 0.97362002771214617 -0.53130155919828825 -0.98212955754013376 1.5000000000000002 0.98213580174693116 0.95752911693909504 -0.93545056548590078 0.038694985031638006 0.62671365618031138 -0.45273527932988084 1.5000000000000002 0.78125476209224975 -0.62923355930120228 216.50000000000003 -0.9575230291762723 1.0000000180025095e-35 0.091259403071267911 1.0000000180025095e-35 13.500000000000002 0.84487857356050267 0.14250626876356548 358.50000000000006 -0.60897148302369042 7.5000000000000009 0.37446826358596375 -0.87603313289604434 333.50000000000006 342.50000000000006 -0.97876850416056749 4.5000000000000009 136.50000000000003
decision_type=2 2 2 2 2 2 2 2 2 2 2 2 2 2 2 2 2 2 2 2 2 2 2 2 2 2 2 2 2 2 2 2 2 2 2 2 2 2 2 2 2
left_child=1 2 14 4 5 6 7 8 24 13 11 -11 -13 -4 15 16 40 20 19 -19 21 -18 -22 -8 -3 26 -2 29 -29 30 31 32 35 -34 -31 37 -37 -27 -20 -32 -1
right_child=25 3 9 -5 -6 -7 23 -9 -10 10 -12 12 -14 -15 -16 -17 17 18 38 -21 22 -23 -24 -25 -26 27 -28 28 -30 34 39 -33 33 -35 -36 36 -38 -39 -40 -41 -42
leaf_value=0.0017312737611293655 -0.0034463078719420533 0.00061481633598418569 -0.0023431032564080797 -0.0062035139576041547 0.0025661607556151734 -0.0063354753983020772 0.0019464327304042847 -0.0053955847943596398 0.0023272306558832557 0.004980711497276291 -0.00061274277477083396 0.0054988778394909586 0.0059108709376424276 0.01294047815811252 0.0013549807942142334 -0.0022161964967551745 -0.0015145203106581963 -0.0053952347647068591 -0.0017375036075042093 -0.00066167833305194124 0.00013107641218137152 0.0012379388110917695 0.0029727948726646206 0.00033557949920487299 -0.00068360319790420254 -0.013634012319433531 0.0071090913974002235 -0.0019352303145559557 -0.0029021298127043784 -7.8341385470761363e-05 -0.0099842492233896945 -0.00078646611405678777 7.0956330297131595e-05 0.0035711049547727703 0.0037921935729379069 -0.00013590930157811006 -0.0053104152438705355 0.0013229573237763591 0.00033197577639536367 -9.6684886739832479e-05 0.002389148148427439
leaf_weight=20 31 38 21 22 24 26 29 36 21 25 19 21 26 19 31 19 68 29 41 38 51 30 51 19 245 21 25 25 19 28 20 25 24 28 25 51 21 27 69 19 34
leaf_count=20 31 38 21 22 24 26 29 36 21 25 19 21 26 19 31 19 68 29 41 38 51 30 51 19 245 21 25 25 19 28 20 25 24 28 25 51 21 27 69 19 34
internal_value=0.00132977 0.00386624 0.0097351 -0.00394189 -0.00177423 -0.00500557 -0.000667624 -0.00609502 -0.0017042 0.0266948 0.0384288 0.0503686 0.0688932 0 0.00511614 0.0028782 0.00570966 0.00240486 -0.00804921 -0.0289968 0.0116567 -0.00264325 0.0253959 0.0377764 -0.00503431 -0.00566022 0.0138771 -0.00894577 -0.0412106 -0.00403347 -0.00878096 -0.00328729 0.00150604 0.0249075 0.0171063 -0.00863461 -0.0179888 0.00539663 0.00470979 -0.036531 0.028782
internal_weight=1461 1072 612 460 438 414 388 340 304 131 91 72 47 40 481 450 431 377 177 67 200 98 102 48 283 389 56 333 44 289 236 197 172 52 53 120 72 48 110 39 54
internal_count=1461 1072 612 460 438 414 388 340 304 131 91 72 47 40 481 450 431 377 177 67 200 98 102 48 283 389 56 333 44 289 236 197 172 52 53 120 72 48 110 39 54
is_linear=0
shrinkage=0.129519


Tree=45
num_leaves=17
num_cat=0
split_feature=8 14 1 13 13 13 2 2 14 14 0 23 15 15 5 5
split_gain=1.52976 3.89797 3.34669 2.05482 3.4433 2.45489 2.3453 1.4466 1.40405 1.82754 2.98043 1.72657 4.66667 1.38416 1.04142 0.100251
threshold=1.0000000180025095e-35 -0.048361937605030693 29.500000000000004 -0.99866344543967311 -0.95628930279329516 -0.93993263901404311 31.500000000000004 51.500000000000007 0.61406596158459648 0.65396026341540281 5.5000000000000009 1.0000000180025095e-35 0.50092966123391813 -0.9873387547174689 96.500000000000014 333.50000000000006
decision_type=2 2 2 2 2 2 2 2 2 2 2 2 2 2 2 2
left_child=2 -2 3 -1 6 -6 14 8 11 -10 -11 13 -13 -7 -5 -8
right_child=1 -3 -4 4 5 7 15 -9 9 10 -12 12 -14 -15 -16 -17
leaf_value=0.00085035589585906956 0.00035615739944601051 -0.0063593820421992591 0.0053005606152196297 -0.00095233509100611823 0.0041642920974907282 0.0010481449554540442 0.0050101874174546326 -0.00057378733348081661 0.0071663262962935771 1.6080896592171497e-05 0.0027863903508423566 -0.0015899229849614964 0.0054551138965434724 -0.0001674362835535787 -0.0047863694717526191 -0.011818920275714949
leaf_weight=23 23 25 28 24 24 47 19 28 24 301 52 21 21 751 29 21
leaf_count=23 23 25 28 24 24 47 19 28 24 301 52 21 21 751 29 21
internal_value=0.00115246 -0.0215865 0.00192491 0.00102867 0.000380379 0.00214334 -0.0236755 0.00135241 0.00202207 0.0085888 0.00623747 -0.000925137 0.0246703 -0.00227227 -0.0415439 0
internal_weight=1461 48 1413 1385 1362 1269 93 1245 1217 377 353 840 42 798 53 40
internal_count=1461 48 1413 1385 1362 1269 93 1245 1217 377 353 840 42 798 53 40
is_linear=0
shrinkage=0.129519


Tree=46
num_leaves=20
num_cat=0
split_feature=1 16 1 14 17 16 26 10 14 26 26 15 10 1 11 10 1 15 9
split_gain=1.9202 2.91667 2.64571 1.90515 4.29469 1.65 1.43271 4.41978 1.31537 1.98585 4.24019 1.529 1.27536 1.9544 4.54567 2.62535 1.14035 1.04348 0.834325
threshold=1.5000000000000002 -0.49065906150552457 5.5000000000000009 0.9716298204432684 1.0000000180025095e-35 -0.64251154504523245 19.500000000000004 0.98770287048522643 -0.96350018336582322 -16.499999999999996 -6.4999999999999991 -0.86976336936302323 0.48877522411129343 3.5000000000000004 0.77241981449888963 -0.49065906150552335 4.5000000000000009 0.12545535980491204 0.039769539193789956
decision_type=2 2 2 2 2 2 2 2 2 2 2 2 2 2 2 2 2 2 2
left_child=1 -1 5 6 -5 -2 7 8 18 -10 -11 -12 13 15 16 -7 -15 -14 -4
right_child=2 -3 3 4 -6 12 -8 -9 9 10 11 -13 17 14 -16 -17 -18 -19 -20
leaf_value=0.0046464573310195881 -0.005910737953049687 -0.00037048717444949187 0.00087916989096639925 0.010671982776686163 -0.00022813043262670836 0.0040267932567135713 0.0010139796868966937 -0.0089182379394746984 -0.0030105261593284236 0.0022345956847176895 0.00050518134807664157 -5.4508055376992631e-05 -0.030966561990878251 -0.024475977861919497 0.0068518531862359336 -0.0030252373630899883 -0.0028622647801734321 -0.00030454749732590638 0.00083986951094850814
leaf_weight=20 27 28 28 22 31 32 31 24 36 32 157 824 27 20 19 25 19 23 36
leaf_count=20 27 28 28 22 31 32 31 24 36 32 157 824 27 20 19 25 19 23 36
internal_value=0.00150707 0.0269832 0.000641638 0.00286406 0.0268813 -0.0134916 0.00177423 0.00102522 0.00221102 0.00111122 0.00217357 0.000660138 -0.00863461 -0.00112625 -0.0178647 0.0159059 -0.043173 -0.0259038 0.0202374
internal_weight=1461 48 1413 1221 53 192 1168 1137 1113 1049 1013 981 165 115 58 57 39 50 64
internal_count=1461 48 1413 1221 53 192 1168 1137 1113 1049 1013 981 165 115 58 57 39 50 64
is_linear=0
shrinkage=0.129519


Tree=47
num_leaves=45
num_cat=1
split_feature=19 11 10 11 5 26 0 0 1 0 0 16 11 11 0 5 10 2 0 16 5 17 11 16 16 15 0 1 0 11 0 0 14 1 14 15 0 11 14 1 11 5 1 5
split_gain=1.36203 2.65404 1.90382 2.06588 1.62101 3.69519 3.4872 2.42956 5.72804 4.38718 2.17778 1.47516 1.30223 1.80465 2.01064 1.23457 1.67573 1.96663 0.834853 6.74198 5.40245 3.81863 3.42053 2.1213 1.55949 2.75865 3.82011 4.67699 4.06957 1.89508 3.27869 2.47709 2.25783 3.69989 3.0482 2.17777 1.40663 0.812178 1.6 0.732462 0.677352 0.652497 0.463768 1.11371
threshold=0 0.85223490906209554 0.6174544326165855 0.98091558679606183 62.500000000000007 6.5000000000000009 4.5000000000000009 2.5000000000000004 10.500000000000002 4.5000000000000009 1.5000000000000002 -0.99763124042248752 -0.20075075429075126 -0.030099068566675696 1.0000000180025095e-35 259.50000000000006 -0.32613736746952132 12.500000000000002 1.0000000180025095e-35 0.27280117299209999 188.50000000000003 1.0000000180025095e-35 -0.89405649444168434 -0.20390612787663429 -0.75013812021657844 -0.51296385841321468 4.5000000000000009 20.500000000000004 5.5000000000000009 0.55656748448714433 3.5000000000000004 2.5000000000000004 0.91852788691372023 21.500000000000004 0.10623691595609522 -0.99467753128998015 1.5000000000000002 0.71503381463111937 -0.11264892825599858 20.500000000000004 0.17646842360078757 204.50000000000003 23.500000000000004 359.50000000000006
decision_type=9 2 2 2 2 2 2 2 2 2 2 2 2 2 2 2 2 2 2 2 2 2 2 2 2 2 2 2 2 2 2 2 2 2 2 2 2 2 2 2 2 2 2 2
left_child=1 12 -3 -4 5 7 10 8 -2 -9 -7 -6 -1 -14 -15 16 -16 -18 19 21 -21 22 -13 -24 25 -20 27 36 -28 32 31 41 33 35 -35 -26 -27 -32 -39 -17 -19 -31 -34 -44
right_child=4 2 3 -5 11 6 -8 9 -10 -11 -12 18 13 14 15 39 17 40 24 20 -22 -23 23 -25 29 26 28 -29 -30 30 37 -33 42 34 -36 -37 -38 38 -40 -41 -42 -43 43 -45
leaf_value=0.00094930892524886434 0.0078483991263773069 0.022196025730027023 -0.0011809384108899448 0.0013012581127387246 0.00060599012632060853 0.0007803880406894875 0.0014392884517722586 -0.0096268971179638944 -0.00079684064491886847 -0.004320457375299248 -0.0039141643048059976 -0.0046725049770309961 -0.0021206500163554712 0.0044854837649928644 -0.0074339241041870337 -0.0052542879725978415 -0.0012684547199566128 0.0033849938265641034 -0.0062979491717499586 -0.0052195421668241064 -0.00017674174354280343 -0.0041999762245463123 0.0073840167243815723 0.0048716605956951988 0.00053627608047390459 -0.0079550822619498321 -0.0083884415219203975 0.0069184662536032919 0.00016082540300106722 0.0023641811098984969 0.00094260874798351383 0.010978785546945759 -0.00063965603926531534 0.00024755961785657266 0.0065907600323794387 -6.8438547744268031e-05 0.0030073495942843642 -0.0024782107271994714 0.0017797511241827667 -0.00041214634950612793 0.0064631554189773727 0.0050274667142231966 -0.0035357878501658768 -0.00019858317381611911
leaf_weight=37 19 20 22 24 24 24 23 28 25 31 36 22 20 25 35 20 32 21 28 19 29 26 21 19 20 19 28 26 29 21 21 20 23 77 30 292 65 20 20 34 20 20 25 21
leaf_count=37 19 20 22 24 24 24 23 28 25 31 36 22 20 25 35 20 32 21 28 19 29 26 21 19 20 19 28 26 29 21 21 20 23 77 30 292 65 20 20 34 20 20 25 21
internal_value=0.000620557 0.00809495 0.0313986 0.0168938 -0.00145026 -0.0125341 0.00780236 -0.0289218 -0.00588723 -0.0461 -0.00863461 0.000671084 0.00212326 -0.00187709 0.00207785 -0.003198 0.00479701 0.0159681 -0.00013764 -0.00952347 -0.0485697 0.0117745 0.0292463 0.0518077 0.00144804 -0.00863461 -0.00232669 0.0117745 -0.0295395 0.00467118 0.0191094 0.040342 0.00106163 0.00463672 0.0254196 -0.00249075 -0.00308379 -0.00212326 -0.0129519 -0.019188 0.034749 0.022113 -0.020648 -0.0281563
internal_weight=1461 310 66 46 1151 186 83 103 44 59 60 965 244 207 187 162 108 73 941 136 48 88 62 40 805 195 167 110 57 610 122 61 488 419 107 312 84 61 40 54 41 41 69 46
internal_count=1461 310 66 46 1151 186 83 103 44 59 60 965 244 207 187 162 108 73 941 136 48 88 62 40 805 195 167 110 57 610 122 61 488 419 107 312 84 61 40 54 41 41 69 46
cat_boundaries=0 1
cat_threshold=49
is_linear=0
shrinkage=0.129519


Tree=48
num_leaves=28
num_cat=0
split_feature=13 9 8 14 16 0 12 14 14 12 10 11 11 0 26 26 0 25 13 14 9 14 12 0 0 10 9
split_gain=1.44462 2.17421 1.91535 2.67055 2.01667 1.52871 4.16414 2.61858 3.46154 7.05425 2.92184 1.78876 4.47514 3.83664 3.57465 4.1808 3.62574 1.97938 2.25251 1.45724 1.27509 1.92063 1.0084 0.9 0.771429 0.596221 0.1
threshold=-0.95628930279329516 0.99761913169647187 1.0000000180025095e-35 -0.9859468191523747 -0.48313741114591613 5.5000000000000009 0.80800279670863706 1.0000000180025095e-35 -0.4450496004250572 -0.65234411079832233 -0.6391983530350368 0.95239763423914636 0.92919371535393525 1.0000000180025095e-35 -15.499999999999998 -6.4999999999999991 2.5000000000000004 1.0000000180025095e-35 0.9916835347852474 -0.97313470967538551 -0.42180583328916638 0.041917749823953861 -0.4887808742013065 2.5000000000000004 2.5000000000000004 0.95436825032516992 1.0000000180025095e-35
decision_type=2 2 2 2 2 2 2 2 2 2 2 2 2 2 2 2 2 2 2 2 2 2 2 2 2 2 2
left_child=1 20 3 4 -2 11 7 8 9 -7 -9 12 17 -13 -15 -16 -17 18 19 -5 21 24 -12 -20 -1 -8 -6
right_child=2 -3 -4 5 26 6 25 10 -10 -11 22 13 -14 14 15 16 -18 -19 23 -21 -22 -23 -24 -25 -26 -27 -28
leaf_value=-0.0034405881468302204 -0.017753474156626894 0.0032362428741474973 -0.00059672186659994592 0.0011342723199838178 -0.00019344020577380277 -0.0023255067383291393 -0.00097429987204369179 -0.0012961873322494808 -0.00072534201589114671 0.010926047470520072 0.0044731401835391739 0.0027669563676831778 0.008136788020925009 -0.0088585529065633231 0.0017766349204871592 -0.0052333831600163694 -3.9714878264383962e-05 -0.0035630761504679021 0.0020109755918834753 7.4017990486516948e-07 -0.003542617119669958 0.0021734685690154485 0.0052232060272810075 0.0059951665033131478 -0.00042464009368659668 -0.00017286285073331149 -0.0004242612938645045
leaf_weight=20 24 32 36 24 20 19 20 20 20 26 30 22 25 19 20 25 37 20 20 818 20 36 21 20 28 19 20
leaf_count=20 24 32 36 24 20 19 20 20 20 26 30 22 25 19 20 25 37 20 20 818 20 36 21 20 28 19 20
internal_value=-0.000620557 -0.0133329 0.000684252 0.0015072 -0.0242848 0.00285471 0.0140621 0.024761 0.00597781 0.0259038 0.0419569 0.000986813 0.00293409 -0.013689 -0.024365 -0.012636 -0.0292463 0.00143591 0.00234955 0.000922939 -0.0224168 -0.0154189 0.0584106 0.0323798 -0.0323798 -0.023247 -0.00647596
internal_weight=1461 136 1325 1289 64 1225 175 136 65 45 71 1050 927 123 101 82 62 902 882 842 104 84 51 40 48 39 40
internal_count=1461 136 1325 1289 64 1225 175 136 65 45 71 1050 927 123 101 82 62 902 882 842 104 84 51 40 48 39 40
is_linear=0
shrinkage=0.129519


Tree=49
num_leaves=17
num_cat=0
split_feature=16 11 12 9 1 1 1 26 5 16 16 14 0 1 10 9
split_gain=1.39861 1.89652 1.4402 1.86212 1.17657 1.06334 2.0809 1.66867 3.13972 1.65834 3.09531 3.10742 2.0213 1.37658 1.12149 1.02657
threshold=0.99083579680342215 0.022575206119361854 -0.99273797715557011 0.99466373373798567 2.5000000000000004 1.5000000000000002 5.5000000000000009 19.500000000000004 16.500000000000004 -0.64251154504523245 -0.56190251903049515 -0.093401838931009493 1.5000000000000002 6.5000000000000009 0.67007489853957602 -0.42180583328916638
decision_type=2 2 2 2 2 2 2 2 2 2 2 2 2 2 2 2
left_child=2 4 -1 5 -2 -4 9 8 -8 -7 -11 -12 -13 15 -15 -10
right_child=1 -3 3 -5 -6 6 7 -9 13 10 11 12 -14 14 -16 -17
leaf_value=0.010195056641159916 -0.0016718581433486954 -0.0012497710138019049 0.0017505157505940687 -0.000993588643081332 0.0028435629046025326 -0.0056572018597524512 -0.0066380193495551628 0.00088579532064287422 0.0088170873904833379 0.0018878948315748808 -0.010793243584369724 0.0014406732773487307 -0.0016107582976685017 0.00020006781534534282 -0.00028877412935740293 0.00019575358905809368
leaf_weight=24 22 20 32 20 19 27 22 34 19 20 30 19 50 822 260 21
leaf_count=24 22 20 32 20 19 27 22 34 19 20 30 19 50 822 260 21
internal_value=8.8651e-05 -0.0191094 0.000925137 0.000376509 -0.003159 0.000955156 0.000391297 0.00219897 0.00135859 -0.0141939 -0.00761877 -0.0170076 -0.00187709 0.00230872 0.00143644 0.0259038
internal_weight=1461 61 1400 1376 41 1356 1324 1178 1144 146 119 99 69 1122 1082 40
internal_count=1461 61 1400 1376 41 1356 1324 1178 1144 146 119 99 69 1122 1082 40
is_linear=0
shrinkage=0.129519


Tree=50
num_leaves=15
num_cat=0
split_feature=8 14 1 13 0 12 1 1 23 15 13 13 0 14
split_gain=1.38997 3.89797 3.51483 2.38348 2.41523 1.53988 2.05565 2.53449 1.88978 2.82609 2.02045 1.48917 1.22917 3.44048
threshold=1.0000000180025095e-35 -0.048361937605030693 29.500000000000004 -0.95628930279329516 4.5000000000000009 0.99421661762139257 1.5000000000000002 2.5000000000000004 1.0000000180025095e-35 0.50092966123391813 0.98803388382128687 -0.93993263901404311 2.5000000000000004 0.016126237724388103
decision_type=2 2 2 2 2 2 2 2 2 2 2 2 2 2
left_child=2 -2 3 4 12 6 -5 -8 10 -10 11 -9 13 -1
right_child=1 -3 -4 5 -6 -7 7 8 9 -11 -12 -13 -14 -15
leaf_value=-0.0026147992273751761 0.00022055959910489186 -0.0057714616615486963 0.0045094484967491332 0.0038157555313020389 0.0016155236038840235 -0.0014216515091613636 -0.0098206680110642635 0.0025813919944698053 -0.002727497211950133 0.003736580188966371 0.0026643389254484952 -2.0726372395626632e-05 -0.0027014267478837474 0.0063601727456151442
leaf_weight=21 23 25 28 28 33 37 28 24 26 20 30 1076 35 27
leaf_count=21 23 25 28 28 33 37 28 24 26 20 30 1076 35 27
internal_value=8.8651e-05 -0.0215865 0.000824963 -9.35156e-05 -0.0178647 0.00153096 0.00231284 0.00150604 0.00242298 0.0281563 0.00137542 0.000470979 -0.029649 -0.0161899
internal_weight=1461 48 1413 1385 116 1269 1232 1204 1176 46 1130 1100 83 48
internal_count=1461 48 1413 1385 116 1269 1232 1204 1176 46 1130 1100 83 48
is_linear=0
shrinkage=0.129519


Tree=51
num_leaves=41
num_cat=0
split_feature=13 13 9 10 13 16 0 1 12 13 1 9 26 1 26 11 16 0 1 0 14 12 15 1 0 1 1 17 9 0 0 9 0 0 14 0 0 0 0 9
split_gain=1.57244 3.32945 1.98601 1.95152 2.21542 2.62016 2.05004 4.12087 4.97374 2.6101 2.38549 2.36467 2.48377 2.81604 2.35453 2.89056 2.21387 2.16018 2.77577 2.08333 1.70562 1.65484 1.6 1.42116 4.73166 2.07395 1.7944 1.6 1.35087 1.36111 1.8935 1.50502 0.877922 1.32376 0.714165 2.25882 2.17786 1.44048 0.652497 0.546559
threshold=-0.7912172255939699 -0.82170904822926072 -0.39036798905311365 -0.62587551141915865 0.98540325053957545 -0.98294757715375081 1.0000000180025095e-35 20.500000000000004 -0.62588708731544751 0.35946433354369983 1.5000000000000002 0.878110924644389 -15.499999999999998 19.500000000000004 -6.4999999999999991 0.90623151893102627 0.99083579680342215 2.5000000000000004 18.500000000000004 3.5000000000000004 0.25829437498066693 -0.13185729634369439 1.0000000180025095e-35 16.500000000000004 4.5000000000000009 12.500000000000002 26.500000000000004 1.0000000180025095e-35 -0.35041564478062465 2.5000000000000004 4.5000000000000009 0.9916835347852474 4.5000000000000009 1.5000000000000002 -0.048361937605030693 4.5000000000000009 2.5000000000000004 2.5000000000000004 4.5000000000000009 -0.10837695015263894
decision_type=2 2 2 2 2 2 2 2 2 2 2 2 2 2 2 2 2 2 2 2 2 2 2 2 2 2 2 2 2 2 2 2 2 2 2 2 2 2 2 2
left_child=1 2 20 4 5 22 7 8 -5 -10 -8 12 13 -12 -14 16 -16 -13 38 -17 34 -7 -2 25 26 32 27 -25 -4 31 -31 -30 33 -23 35 36 -1 -36 -19 -9
right_child=3 -3 28 6 -6 21 10 39 9 -11 11 17 14 -15 15 19 -18 18 -20 -21 -22 23 -24 24 -26 -27 -28 -29 29 30 -32 -33 -34 -35 37 -37 -38 -39 -40 -41
leaf_value=-0.0022761326644816513 0.0013062003521347202 -0.0035324535758973555 0.0015190328385623244 -0.0034010484089940013 0.0020382798568429521 0.0070294491128936407 0.0088576829770438039 0.0051133767274307981 -0.00091514254207373982 0.0048822684545917682 -0.021670570409532054 0.003242922403665941 0.0010230564101834825 -0.00040470700711074008 -0.00013862522930714008 -0.0029717983500188194 -0.011270195674777234 0.0017870964501564149 -0.0031011596453744176 -0.00093835327797129112 -0.0040846842830753911 0.00047433536845359049 0.00095630934516857549 0.00037337430026143469 -0.0024300619487696777 -0.0022264137352432795 -0.0012375204197837952 0.0032534510681862957 -0.00055093616407321229 -0.0015401246117476544 0.0014062823663645229 0.0057408891857504271 0.0017713409308974615 -0.00052373987140441277 0.0068513416190219313 -0.0033897939204476095 0.006034454336859103 -0.00088946184856929689 0.00079198256058126077 0.012494999897846953
leaf_weight=29 20 24 20 30 28 20 25 19 30 19 19 37 31 21 451 24 19 20 31 24 32 21 20 36 36 36 19 24 23 32 31 26 22 34 21 20 19 27 21 20
leaf_count=29 20 24 20 30 28 20 25 19 30 19 19 37 31 21 451 24 19 20 31 24 32 21 20 36 36 36 19 24 23 32 31 26 22 34 21 20 19 27 21 20
internal_value=0.000620557 -0.0076689 -0.00370055 0.0027986 0.0114764 0.00809495 -0.000462018 0.0153667 -0.00163948 0.0237892 -0.0030454 -0.00445338 -0.00769638 -0.0388557 -0.00542612 -0.00750111 -0.00440916 0.0130707 0 -0.0377764 -0.0140021 0.00313353 0.0388557 0 0.0101363 -0.0103157 0.0278712 0.0388557 0.00784965 0.00231284 -0.0102793 0.0185027 0.00168207 -0.00706468 -0.00669927 -0.0152375 0 0.00539663 0.022113 0.0498151
internal_weight=1461 304 280 1157 316 288 841 118 79 49 723 698 589 40 549 518 470 109 72 48 148 248 40 228 115 113 79 60 132 112 63 49 77 55 116 68 48 48 41 39
internal_count=1461 304 280 1157 316 288 841 118 79 49 723 698 589 40 549 518 470 109 72 48 148 248 40 228 115 113 79 60 132 112 63 49 77 55 116 68 48 48 41 39
is_linear=0
shrinkage=0.129519


Tree=52
num_leaves=36
num_cat=1
split_feature=15 19 26 26 15 1 0 0 13 3 16 15 15 10 16 1 1 0 13 11 11 0 10 15 15 3 15 0 16 26 11 16 11 11 1
split_gain=1.91207 2.4133 2.4895 4.01897 2.42 2.39934 3.62987 3.97639 3.18251 3.04505 2.96945 2.55428 2.4402 2.75695 2.38596 2.18169 2.4456 1.91041 3.26205 4.3672 3.07064 3.0137 3.63636 3.95508 3.66974 2.04848 1.51956 2.88095 1.76736 1.00571 0.99273 0.924071 0.820812 0.702051 0.593939
threshold=0.82048548965790546 0 21.500000000000004 5.5000000000000009 0.78125476209224975 10.500000000000002 4.5000000000000009 3.5000000000000004 -0.3383112583645268 3.5000000000000004 -0.28107536821332468 -0.98292201184843975 -0.94137016754773739 -0.26037106507032776 0.88522326341139235 28.500000000000004 26.500000000000004 2.5000000000000004 0.26140895925106966 0.58481550752069722 -0.80418297442179421 3.5000000000000004 -0.89404254237865755 0.9923637143631393 0.96231527631374336 4.5000000000000009 -0.87603313289604434 2.5000000000000004 -0.974133491899698 5.5000000000000009 0.95239763423914636 0.30778899014954259 -0.44601212255510619 -0.2530974457044447 21.500000000000004
decision_type=2 9 2 2 2 2 2 2 2 2 2 2 2 2 2 2 2 2 2 2 2 2 2 2 2 2 2 2 2 2 2 2 2 2 2
left_child=1 15 3 4 5 6 7 8 -3 -8 -11 -7 -13 -14 -9 16 26 18 19 25 -19 -22 -23 24 31 -2 27 -1 -28 -20 32 -24 34 -34 -30
right_child=17 2 -4 -5 -6 11 9 14 -10 10 -12 12 13 -15 -16 -17 -18 20 29 -21 21 22 23 -25 -26 -27 28 -29 30 -31 -32 -33 33 -35 -36
leaf_value=0.0045742199197390462 0.0027109617025384467 -0.0011036672477256252 0.0048744339726631107 -0.005757629668896749 0.0018192967050590706 0.0088580482158585223 -0.004878276566328138 -0.0042028267780246549 0.00022543179220133023 0.0029206279471160989 0.0012160057394401875 -0.0038886784645467526 0.00064284040436758249 0.00019282592971449055 -0.00016574855230937782 -0.0038775556527575698 0.0057207865407196299 -0.0040134415000914391 -0.0030339524116154331 -0.0019075946049873121 -0.0028497840127903705 -0.00069711842607464447 -6.4233563162546957e-05 -0.003193574927832329 0.0064458938966387366 0.005240679264370612 0.001055368071238647 -0.0042727110336843385 -0.0058256467569608346 0.0019535211833017771 -0.0054141532164597005 0.0010143049753762502 0.0018840135012138241 -0.0044611271977143506 -0.0037737168409516207
leaf_weight=24 24 41 20 20 25 21 24 32 157 28 46 28 222 259 19 22 20 20 28 24 36 22 22 20 19 20 21 32 24 22 22 27 24 26 20
leaf_count=24 24 41 20 20 25 21 24 32 157 28 46 28 222 259 19 22 20 20 28 24 36 22 22 20 19 20 21 32 24 22 22 27 24 26 20
internal_value=0.00132977 0.00363138 0.00653038 0.00561905 0.00689237 0.00575969 -0.00261278 -0.0109233 -0.00261655 0.0185027 0.0315047 0.0112413 0.00941495 0.0115786 -0.043173 -0.00792974 -0.0042565 -0.00820896 0.00439048 0.0228563 -0.0171652 -0.0106454 0 0.0117745 0.0266657 0.0470979 -0.00872409 0.00925137 -0.0160717 -0.0207231 -0.0223309 0.00792974 -0.0165344 -0.00518077 -0.0294362
internal_weight=1461 1177 942 922 902 877 347 249 198 98 74 530 509 481 51 235 213 284 118 68 166 146 110 88 68 44 193 56 137 50 116 49 94 50 44
internal_count=1461 1177 942 922 902 877 347 249 198 98 74 530 509 481 51 235 213 284 118 68 166 146 110 88 68 44 193 56 137 50 116 49 94 50 44
cat_boundaries=0 1
cat_threshold=192
is_linear=0
shrinkage=0.129519


Tree=53
num_leaves=36
num_cat=0
split_feature=15 15 16 16 13 10 9 0 13 12 26 0 13 13 13 13 13 13 15 10 12 12 14 14 11 11 13 0 12 9 15 0 12 15 15
split_gain=1.99803 3.92278 1.92743 2.48438 1.68227 3.4518 1.42774 1.31306 3.06275 2.31054 1.75754 3.28912 6.88525 3.04943 2.36919 3.97244 2.19387 2.63158 1.96599 1.83923 1.83176 2.18501 1.82406 1.74592 2.81827 1.70194 2.82857 2.01688 2.76571 1.89041 1.24002 1.18528 2.48242 2.32324 1.81565
threshold=0.87966017529557439 0.90620637762200806 0.30778899014954259 0.22700242376684068 0.98540325053957545 -0.022575793296316444 -0.90163369914317004 5.5000000000000009 -0.50742764154523201 1.0000000180025095e-35 2.5000000000000004 3.5000000000000004 0.90936929868688132 -0.63920832810365547 0.5267437926028592 0.32614245703617079 0.71504042705586623 0.81801561569001935 0.62585923293574564 -0.98521978256641018 0.99421661762139257 0.98214091065324427 0.93081762381485633 -0.92105882467153488 0.63920241694561786 -0.72696319516528884 -0.97009963647103548 1.5000000000000002 0.29958852271690523 0.97875492728876534 -0.28106805777503757 2.5000000000000004 0.56192200557241578 0.94908416543986196 0.9890126429527718
decision_type=2 2 2 2 2 2 2 2 2 2 2 2 2 2 2 2 2 2 2 2 2 2 2 2 2 2 2 2 2 2 2 2 2 2 2
left_child=4 -2 3 6 7 -6 -3 10 9 -9 11 13 14 25 15 19 -16 -18 -12 -13 21 22 -15 -10 30 26 -1 28 -27 -29 -25 32 -8 -33 -35
right_child=1 2 -4 -5 5 -7 31 8 23 -11 18 12 -14 20 16 -17 17 -19 -20 -21 -22 -23 -24 24 -26 27 -28 29 -30 -31 -32 33 -34 34 -36
leaf_value=0.001035804244257602 -0.0076074944935693055 -0.0021234599304511014 0.0009468101752418181 -0.0020746721213487575 0.0016951280001954061 -0.0042665821993268524 0.004742194130341687 -0.0033125848951898428 -0.001971678220574773 0.0014380270913077788 -0.0035355965513656621 0.0009017151356878946 -0.0034019099392442929 0.00069362055383232271 0.0021755641949657827 -0.0094962975176745082 -0.0012209672821141945 0.00080635017843535401 0.00088293306118104431 -0.00042066351626037521 -0.0026695120255753953 0.0018698342788186569 -0.00091090733231860414 -5.1316030880602953e-05 0.0068567566673043943 -0.0017536639920291042 -0.0095441970582309799 0.00018515190218141781 0.0052546916721463929 0.0070088880288002265 0.0012153042933834028 -0.0035622806600278958 -0.00017775009448400621 0.0012695361073758549 -0.0011722517613248222
leaf_weight=20 28 24 28 20 36 32 25 26 23 33 28 19 27 338 23 20 19 19 21 190 22 21 52 28 23 50 35 46 20 27 31 19 30 26 32
leaf_count=20 28 24 28 20 36 32 25 26 23 33 28 19 27 338 23 20 19 19 21 190 22 21 52 28 23 50 35 46 20 27 31 19 30 26 32
internal_value=0.000975161 -0.0100489 -0.00380939 -0.00883085 0.00305619 0.0228563 -0.003321 0.00189649 0.012636 -0.0109762 0.000129909 0.00136624 -0.00939729 0.00677358 -0.00357294 -0.00961496 0.0191094 0 -0.0237892 -0.00433796 0.0128622 0.0148112 0.0126198 0.0259038 0.034749 -0.00654137 -0.0259038 0.000905728 -0.0148022 0.0159681 0.0197572 0.00196241 0.0164843 -0.00841033 0.00446618
internal_weight=1461 232 204 176 1229 68 156 1161 164 59 997 948 317 631 290 229 61 38 49 209 433 411 390 105 82 198 55 143 70 73 59 132 55 77 58
internal_count=1461 232 204 176 1229 68 156 1161 164 59 997 948 317 631 290 229 61 38 49 209 433 411 390 105 82 198 55 143 70 73 59 132 55 77 58
is_linear=0
shrinkage=0.129519


Tree=54
num_leaves=22
num_cat=0
split_feature=16 1 15 15 15 1 1 12 1 11 1 13 0 11 13 21 9 16 1 12 2
split_gain=1.94702 2.14171 1.48303 1.2972 2.64445 1.8134 1.97783 3.24 2.79871 6.94286 2.34463 3.31418 3.29447 3.52274 2.8693 1.88153 1.04575 1.46944 2.812 2.28828 0.842396
threshold=-0.99465740988130913 16.500000000000004 -0.99885295938472651 0.87966017529557439 0.90620637762200806 1.5000000000000002 2.5000000000000004 -0.45274365290664581 3.5000000000000004 0.056949529780582459 5.5000000000000009 0.97742141165890761 4.5000000000000009 0.074116354202380164 0.95721252614869612 11.000000000000002 0.92922379131507438 0.30778899014954259 21.500000000000004 -0.6391983530350368 30.500000000000004
decision_type=2 2 2 2 2 2 2 2 2 2 2 2 2 2 2 2 2 2 2 2 2
left_child=1 -1 -2 5 -5 15 7 -7 9 -8 12 14 13 -10 -12 -4 17 18 -6 -20 -21
right_child=2 -3 3 4 16 6 8 -9 10 -11 11 -13 -14 -15 -16 -17 -18 -19 19 20 -22
leaf_value=-0.00042265062716321286 0.00092516743543147718 0.0011458107625552921 0.0064565642138995618 -0.0066221783035554085 -0.0025462658253260577 -0.013338856546842729 0.0055815420928842117 2.1952134894095208e-05 -0.0071035260156580692 -0.010664384425199335 0.00010030295248028024 0.0045988442426535565 0.00070584778681351008 -6.7040271027960256e-05 -0.0021178159093328442 -8.9199048315291273e-05 0.00033481579931021423 0.0015727842734540908 -0.0014791225150405673 0.00063172445666531132 -0.0010933219276322024
leaf_weight=19 24 29 21 28 21 20 28 25 35 20 875 28 28 33 24 20 24 20 35 81 23
leaf_count=19 24 29 21 28 21 20 28 25 35 20 875 28 28 33 24 20 24 20 35 81 23
internal_value=0.00132977 0.0269832 0.000458313 -9.32463e-05 -0.00893235 0.00167916 0.000696339 -0.0259038 0.00181399 0.0323798 0.000379822 0.00237522 -0.0188882 -0.0342845 0.00100849 0.028431 -0.00380939 -0.00719551 -0.0113329 -0.00465896 0.00498151
internal_weight=1461 48 1413 1389 232 1157 1116 45 1071 48 1023 927 96 68 899 41 204 180 160 139 104
internal_count=1461 48 1413 1389 232 1157 1116 45 1071 48 1023 927 96 68 899 41 204 180 160 139 104
is_linear=0
shrinkage=0.129519


Tree=55
num_leaves=16
num_cat=1
split_feature=16 1 10 14 10 10 12 12 2 2 1 26 10 19 1
split_gain=1.73767 2.14171 1.17493 2.82676 1.85955 3.34798 1.02367 2.97619 1.21906 2.11605 1.41328 4.33575 1.2 0.88076 0.4
threshold=-0.99465740988130913 16.500000000000004 0.99855310097228323 0.9953013416090124 0.99249573635719013 0.9863035000474919 0.93992883619806145 0.96688398750826543 5.5000000000000009 6.5000000000000009 22.500000000000004 11.500000000000002 -0.99628250747696534 0 5.5000000000000009
decision_type=2 2 2 2 2 2 2 2 2 2 2 2 2 9 2
left_child=1 -1 3 4 5 6 8 -8 10 -10 11 -2 14 -11 -9
right_child=2 -3 -4 -5 -6 -7 7 12 9 13 -12 -13 -14 -15 -16
leaf_value=-0.00036790927887628261 -0.003369867237415853 0.00099740633111049422 -0.001237289299885852 0.0023730380673588031 0.002299941408427274 -0.0062900616286725832 0.0020450516631899331 -0.001072429718536518 0.0012025351590501795 0.00028498213630910986 0.00050620054591936651 0.00080434778604185429 -0.0014570479282857696 -2.1110275149519853e-05 0.00048812458809804475
leaf_weight=19 30 29 25 32 32 20 24 20 28 208 36 32 20 886 20
leaf_count=19 30 29 25 32 32 20 24 20 28 208 36 32 20 886 20
internal_value=0.00274818 0.0269832 0.00192491 0.00242615 0.00152825 0.000782593 0.00158919 0.0154189 0.000636979 0.00184698 -0.0132162 -0.0250682 0 0.000947124 0.0129519
internal_weight=1461 48 1413 1388 1356 1324 1304 84 1220 1122 98 62 60 1094 40
internal_count=1461 48 1413 1388 1356 1324 1304 84 1220 1122 98 62 60 1094 40
cat_boundaries=0 1
cat_threshold=112
is_linear=0
shrinkage=0.129519


Tree=56
num_leaves=21
num_cat=0
split_feature=11 14 1 16 1 11 1 14 0 10 14 9 23 9 0 9 8 13 1 1
split_gain=1.51162 1.06334 1.05271 2.14603 1.54087 5.76 1.39407 1.66471 3.19624 2.05487 1.33492 0.789013 1.54337 1.93604 2.33634 1.50013 1.29212 1.41598 1.17571 0.768254
threshold=0.99683609994235911 0.99895983886342388 2.5000000000000004 -0.49440184119708153 3.5000000000000004 0.056949529780582459 5.5000000000000009 -0.97313470967538551 4.5000000000000009 -0.45273527932988084 -0.0032254488771075993 -0.43733984355855576 1.0000000180025095e-35 -0.98523971305672664 1.0000000180025095e-35 -0.35846811432664222 1.0000000180025095e-35 0.9800658150361089 23.500000000000004 21.500000000000004
decision_type=2 2 2 2 2 2 2 2 2 2 2 2 2 2 2 2 2 2 2 2
left_child=1 2 3 -1 5 -4 7 -6 9 -9 -5 12 13 19 -15 18 17 -17 -13 -8
right_child=-2 -3 4 10 6 -7 11 8 -10 -11 -12 15 -14 14 -16 16 -18 -19 -20 -21
leaf_value=0.00090093503733093072 0.000594206266393797 0.0032325685753982593 0.0053412756287352144 -0.00097262283240870601 0.00052640945648216547 -0.0092804082770127569 0.0010544692258332299 -0.0082738184119173375 0.00097206867394346015 -0.0036077575650519484 -0.0087295258213627505 0.00096399332170388023 0.0065098810966570083 -0.00276175527180339 -0.00015540257527900907 0.00014878256045532372 -0.0024568341135238979 0.0052973134929524468 0.00091940641565431999 0.0012134693645260328
leaf_weight=35 36 21 25 24 23 20 20 19 23 31 21 20 19 44 281 697 27 20 19 36
leaf_count=35 36 21 25 24 23 20 20 19 23 31 21 20 19 44 281 697 27 20 19 36
internal_value=0.00257088 0.0019087 0.001476 -0.0129519 0.00234778 0.0259038 0.00151899 -0.0134916 -0.0230651 -0.0414461 -0.0316602 0.00273709 -0.00194279 -0.0037394 -0.00757189 0.00512783 0.00382987 0.00487729 0.029889 0.0185027
internal_weight=1461 1425 1404 80 1324 45 1279 96 73 50 45 1183 400 381 325 783 744 717 39 56
internal_count=1461 1425 1404 80 1324 45 1279 96 73 50 45 1183 400 381 325 783 744 717 39 56
is_linear=0
shrinkage=0.129519


Tree=57
num_leaves=27
num_cat=1
split_feature=11 15 19 11 11 9 9 0 0 9 0 10 10 0 5 15 9 15 11 1 15 15 1 0 1 0
split_gain=1.53214 1.36729 1.27795 2.94253 1.86505 1.1558 2.99427 2.23687 5.71547 1.89718 1.7614 3.25992 1.26208 1.10057 1.09091 0.827143 0.9 0.893222 2.4381 1.00392 0.789664 1.64208 0.9 0.784314 1.58684 0.363636
threshold=0.99683609994235911 -0.99885295938472651 0 0.85223490906209554 0.95752911693909504 0.878110924644389 0.85673801594079257 2.5000000000000004 1.5000000000000002 0.9893236546938301 4.5000000000000009 0.011826144619637501 -0.15101602693478736 1.5000000000000002 82.500000000000014 -0.97410815583833232 0.34235194516023087 -0.84080672043737914 -0.53585195597499147 5.5000000000000009 -0.75860107497549967 -0.66205087126731677 19.500000000000004 3.5000000000000004 18.500000000000004 5.5000000000000009
decision_type=2 2 9 2 2 2 2 2 2 2 2 2 2 2 2 2 2 2 2 2 2 2 2 2 2 2
left_child=1 -1 3 13 -5 6 15 8 9 12 11 -9 -7 -3 -12 16 -4 18 19 -17 22 -22 -19 -15 -25 -16
right_child=-2 2 5 4 -6 7 -8 10 -10 -11 14 -13 -14 23 25 17 -18 20 -20 -21 21 -23 -24 24 -26 -27
leaf_value=0.00079120295947122021 0.00051724517822208352 0.0011806785796772349 -0.013499182056462415 0.012522319856727545 0.00014572778734937367 -0.00061705055734440886 -0.005229604721031525 -0.0031268559762033608 0.006596596410103836 -0.0021086488050504645 -0.0021227932954102605 0.00079618744246230861 0.0050389463703339396 -0.0031225330301762962 0.0011097207093516605 -0.0016317853858556842 -0.00033024388143612459 -0.00011684155999226598 0.0033117707640506013 0.00059838696249964283 0.004003481278755776 -9.143555630257823e-05 -0.0064749252799246584 0.0031487639361210728 -0.0058954600554474391 0.00032264690752696352
leaf_weight=24 36 31 20 32 26 23 20 34 33 19 22 29 20 34 22 34 20 20 20 30 44 775 20 31 20 22
leaf_count=24 36 31 20 32 26 23 20 34 33 19 22 29 20 34 22 34 20 20 20 30 44 775 20 31 20 22
internal_value=0.00239358 0.00172692 0.00120182 0.0112625 0.0357294 -0.000314113 -0.00219524 0.00809495 0.0231771 0 -0.00301207 -0.0185027 0.0150604 0 0.0117745 -0.00118583 -0.0194279 -0.000412044 0.0123352 0 -0.00165857 -0.000790715 -0.0194279 -0.00761877 0.00253959 0.0235489
internal_weight=1461 1425 1401 174 58 1227 1003 224 95 62 129 63 43 116 66 983 40 943 84 64 859 819 40 85 51 44
internal_count=1461 1425 1401 174 58 1227 1003 224 95 62 129 63 43 116 66 983 40 943 84 64 859 819 40 85 51 44
cat_boundaries=0 1
cat_threshold=17
is_linear=0
shrinkage=0.129519


Tree=58
num_leaves=23
num_cat=0
split_feature=15 2 1 1 14 12 26 0 12 5 24 1 14 16 14 14 0 13 0 13 5 1
split_gain=1.35473 1.22754 1.62325 1.94099 1.20155 2.04848 1.22038 2.8966 2.08929 1.71892 1.83997 1.68791 1.545 1.13904 1.03612 1.79955 0.641401 1.40423 1.83521 0.769231 0.4 0.0218623
threshold=-0.99885295938472651 41.500000000000007 28.500000000000004 26.500000000000004 -0.98992565105027064 0.9962940241937881 8.5000000000000018 4.5000000000000009 0.98448590438035632 26.500000000000004 1.0000000180025095e-35 10.500000000000002 0.9953013416090124 -0.85227283847737434 -0.92600560940762588 -0.85672464624562206 1.0000000180025095e-35 -0.85001289022095461 4.5000000000000009 -0.97009963647103548 307.50000000000006 18.500000000000004
decision_type=2 2 2 2 2 2 2 2 2 2 2 2 2 2 2 2 2 2 2 2 2 2
left_child=-1 4 3 14 5 -2 8 11 9 -6 12 -8 13 -11 20 -16 -17 19 -19 -18 -3 -13
right_child=1 2 -4 -5 6 -7 7 -9 -10 10 -12 21 -14 -15 15 16 17 18 -20 -21 -22 -23
leaf_value=0.00068872702784713289 -0.0086820854097967026 0.0011620384139695032 -0.0010007377689305354 0.002463502313725387 -0.0037789260334734156 0.0015031635717281879 -0.0081778809952951295 0.00064397919903487965 0.0040625727124212656 0.00022415088622638091 0.0098103183069737764 -0.0019540762225747077 0.0028243642587312172 3.7271390833349343e-05 -0.0020789391075713517 -0.0013325305286348904 0.00025306660704614044 0.0014878927226195323 -0.0021044804067678422 -0.0087870495573284801 -0.0017505790223388588 -0.0011457867102899644
leaf_weight=24 24 20 30 24 19 20 21 23 24 188 21 20 32 720 24 27 20 72 37 32 20 19
leaf_count=24 24 20 30 24 19 20 21 23 24 188 21 20 32 720 24 27 20 72 37 32 20 19
internal_value=0.00186167 0.00135197 -0.00592571 -0.00281563 0.003321 -0.0176617 0.00417035 -0.0109233 0.00541813 0.00449352 0.00525624 -0.0259038 0.00440916 0.00342341 -0.00616758 -0.00977503 -0.00551145 -0.0024134 0.00594125 -0.019926 0.0129519 -0.00996301
internal_weight=1461 1437 306 276 1131 44 1087 83 1004 980 961 60 940 908 252 212 188 161 109 52 40 39
internal_count=1461 1437 306 276 1131 44 1087 83 1004 980 961 60 940 908 252 212 188 161 109 52 40 39
is_linear=0
shrinkage=0.129519


Tree=59
num_leaves=16
num_cat=0
split_feature=1 1 12 12 16 14 16 15 9 2 12 5 26 15 13
split_gain=1.13049 3.37483 2.30087 1.86667 1.07338 1.0676 1.11192 2.13384 1.87045 1.6199 1.37441 1.74545 1.06966 1.23018 0.952381
threshold=1.5000000000000002 2.5000000000000004 -0.45274365290664581 -0.47748501237563551 -0.99465740988130913 0.9953013416090124 0.96851671873169776 0.091260247011684809 0.99466373373798567 38.500000000000007 -0.96687281075841669 269.50000000000006 19.500000000000004 -0.87603313289604434 0.66607499652289859
decision_type=2 2 2 2 2 2 2 2 2 2 2 2 2 2 2
left_child=3 2 -2 -1 14 6 8 9 10 -8 11 -6 13 -12 -3
right_child=1 4 -4 -5 5 -7 7 -9 -10 -11 12 -13 -14 -15 -16
leaf_value=0.0027472529542601791 -0.0092793678134063477 0.00039600611384321748 -0.00012747476997247326 -0.00014253587757297518 0.0047724450027051895 0.0025419805505197549 0.0036033216999940649 -0.0036162274911617589 -0.0013274198815109886 0.0013315255705084494 0.00031455412850647411 -2.7589808209460094e-05 0.00093751035675458932 -8.8257048909340491e-05 0.00046187569672537156
leaf_weight=20 23 28 25 28 20 21 25 36 20 19 222 24 34 896 20
leaf_count=20 23 28 25 28 20 21 25 36 20 19 222 24 34 896 20
internal_value=0.00203897 0.00137494 -0.0323798 0.0215865 0.00256192 0.00186854 0.00139913 0.0161899 0.00042605 0.0353234 0.00108294 0.0235489 0.00022486 -0.000463396 0.0215865
internal_weight=1461 1413 48 48 1365 1317 1296 80 1216 44 1196 44 1152 1118 48
internal_count=1461 1413 48 48 1365 1317 1296 80 1216 44 1196 44 1152 1118 48
is_linear=0
shrinkage=0.129519


Tree=60
num_leaves=13
num_cat=0
split_feature=1 12 1 0 14 12 12 1 12 26 10 8
split_gain=1.15109 1.86667 1.53681 2.56085 1.05788 1.01074 1.51344 1.95014 1.3598 1.03867 1.51427 0.946089
threshold=1.5000000000000002 -0.47748501237563551 2.5000000000000004 2.5000000000000004 0.9953013416090124 -0.99467580659249177 -0.97876680704815899 25.500000000000004 -0.96687281075841669 21.500000000000004 0.99024581825578073 1.0000000180025095e-35
decision_type=2 2 2 2 2 2 2 2 2 2 2 2
left_child=1 -1 3 -2 5 -4 7 -7 -8 10 11 -10
right_child=2 -3 4 -5 -6 6 8 -9 9 -11 -12 -13
leaf_value=0.0023914310977759586 -0.0080967129617563697 -0.00012407475243513262 0.0016020941061507788 0.00076957930869253274 0.0022127454004654701 -0.001123287705512401 0.0020132463393591252 0.0012078480711885107 6.2791839513497567e-05 0.0014240147726152716 -0.0011273075349800617 -0.00073465922289723932
leaf_weight=20 21 28 32 27 21 25 24 23 1142 32 35 31
leaf_count=20 21 28 32 27 21 25 24 23 1142 32 35 31
internal_value=0.00186167 0.0215865 0.00119161 -0.0215865 0.0019926 0.00154189 0.000987189 -0.0215865 0.00184442 0.00125341 0.000643307 0.00143542
internal_weight=1461 48 1413 48 1365 1344 1312 48 1264 1240 1208 1173
internal_count=1461 48 1413 48 1365 1344 1312 48 1264 1240 1208 1173
is_linear=0
shrinkage=0.129519


Tree=61
num_leaves=20
num_cat=0
split_feature=14 1 16 16 12 12 1 26 1 26 15 15 15 14 14 14 11 14 26
split_gain=1.09267 0.994118 2.14603 1.5254 0.978473 0.91491 1.25348 0.813626 2.04167 4.00238 0.85653 3.46816 1.62411 1.4758 1.88798 1.31782 3.51012 2.06887 0.771429
threshold=0.99895983886342388 2.5000000000000004 -0.49440184119708153 0.9974810894942604 -0.99467580659249177 -0.97876680704815899 25.500000000000004 -6.4999999999999991 15.500000000000002 -16.499999999999996 -0.86330057456837561 -0.89595393124644551 -0.81426931664987068 -0.75860677497576967 -0.48502901968055928 -0.6588267442005078 0.46800856592688467 -0.60896197981157163 -21.499999999999996
decision_type=2 2 2 2 2 2 2 2 2 2 2 2 2 2 2 2 2 2 2
left_child=1 2 -1 -4 -3 6 -6 8 9 -7 11 13 -12 -9 -15 16 -14 -17 -10
right_child=-2 4 3 -5 5 7 -8 10 18 -11 12 -13 15 14 -16 17 -18 -19 -20
leaf_value=0.00042604672168171305 0.0025095857000871848 0.0013945922457090471 -0.0042934537148300944 -0.00026178478209132539 -0.00097780044118108236 -0.0079133449412954471 0.0010514086205092171 0.0010947380250537844 0.00029404573758817906 0.0013495524004964311 -0.0067575499841273298 0.0051802583200214756 -7.8131180493047294e-05 -0.003113194004223171 5.4659094083965519e-05 0.0018788243185841804 -0.0075831296743519919 8.5627788977634729e-05 0.0049184039004649032
leaf_weight=35 21 32 24 21 25 28 23 31 20 20 22 19 228 20 142 21 19 682 28
leaf_count=35 21 32 24 21 25 28 23 31 20 20 22 19 228 20 142 21 19 682 28
internal_value=0.00150707 0.00107933 -0.0129519 -0.0316602 0.00190469 0.00136541 -0.0161899 0.00202374 0.0134916 -0.00539663 0.00109391 0.00855315 -0.000533001 0.00335542 -0.001599 0.000272672 -0.00786554 0.00313204 0.0323798
internal_weight=1461 1440 80 45 1360 1328 48 1280 96 48 1184 212 972 193 162 950 247 703 48
internal_count=1461 1440 80 45 1360 1328 48 1280 96 48 1184 212 972 193 162 950 247 703 48
is_linear=0
shrinkage=0.129519


Tree=62
num_leaves=29
num_cat=0
split_feature=9 9 0 11 16 10 10 1 15 15 1 13 16 1 0 5 15 26 5 15 11 11 0 11 14 11 14 10
split_gain=1.20423 1.88541 1.33141 2.2097 3.02964 2.79505 3.28262 1.87069 1.7702 3.01248 1.45541 1.27315 1.21141 3.29159 2.2457 5.20434 5.38295 3.56324 3.58875 3.24425 1.45296 2.90631 2.86368 2.16626 2.11575 1.27878 1.1139 0.720238
threshold=0.99818282439137029 0.99466373373798567 5.5000000000000009 0.95752911693909504 -0.75862080580648772 -0.22700609751797862 -0.53495380374625956 30.500000000000004 -0.71201091358925084 0.070900298346092461 18.500000000000004 0.56988919965813623 -0.031174269516804496 1.5000000000000002 1.0000000180025095e-35 66.500000000000014 -0.55298179881746712 -16.499999999999996 56.500000000000007 0.7172936132855442 0.49812943072827087 0.37446826358596375 2.5000000000000004 0.30983042691905766 0.41593973716973393 -0.69057042736241547 -0.58829477852304357 -0.21022037796396445
decision_type=2 2 2 2 2 2 2 2 2 2 2 2 2 2 2 2 2 2 2 2 2 2 2 2 2 2 2 2
left_child=1 2 7 4 -4 6 10 12 -7 -10 -6 -11 13 -1 15 -15 -17 18 -16 -19 21 23 26 25 -24 -14 -22 -23
right_child=-2 -3 3 -5 5 8 -8 -9 9 11 -12 -13 20 14 17 16 -18 19 -20 -21 22 27 24 -25 -26 -27 -28 -29
leaf_value=0.001693849641835351 0.00079134716261621072 -0.0011657365195096635 -0.0026701379770413666 0.0017220072660458414 0.0011242475626037094 -0.0020373577400612524 0.004181657213857758 0.0025136485872821186 0.0071964993353938744 -0.00083196553913995105 -0.0011615668430082469 0.00038122354008435011 0.0018760341393997636 0.0085319020519287418 -0.0078783259903615777 -0.0042507106994493565 0.0021845463033957299 -1.8092258072467875e-05 -0.001184511888836689 -0.0011759975864863075 0.0011874478615786297 -0.0011482438242043961 0.004163692315918289 0.0038437004444125257 0.00013221033871592224 -3.1833219013951558e-05 -0.0013143385501922548 -0.0075718475108686378
leaf_weight=26 28 20 27 20 22 26 23 20 20 19 20 24 19 21 19 22 51 331 22 104 19 24 30 26 26 385 35 32
leaf_count=26 28 20 27 20 22 26 23 20 20 19 20 24 19 21 19 22 51 331 22 104 19 24 30 26 26 385 35 32
internal_value=0.00115246 0.000632682 0.00119161 0.0109544 0.00644018 0.0134565 0.0338742 -0.000427456 -0.00145527 0.0102793 0.0123352 -0.00903622 -0.00108657 -0.00521554 -0.00727125 0.0110229 -0.0053227 -0.010884 -0.0473851 -0.00744363 0.0030424 0 0.0164843 0.00361449 0.0370055 0.00128237 -0.00479701 -0.0277541
internal_weight=1461 1433 1413 201 181 154 65 1212 89 63 42 43 1192 596 570 94 73 476 41 435 596 486 110 430 56 404 54 56
internal_count=1461 1433 1413 201 181 154 65 1212 89 63 42 43 1192 596 570 94 73 476 41 435 596 486 110 430 56 404 54 56
is_linear=0
shrinkage=0.129519


Tree=63
num_leaves=25
num_cat=2
split_feature=9 9 0 1 16 1 1 11 2 11 10 26 1 20 19 1 9 0 26 26 13 0 8 16
split_gain=1.31922 1.76651 1.0018 2.95368 2.87937 2.93312 2.22383 4.30797 1.68421 1.21319 2.64002 3.23826 2.2459 1.65084 1.59416 3.31501 5.07611 1.63548 1.49181 4.70983 1.30919 4.26667 1.31274 1.1632
threshold=0.99818282439137029 0.99466373373798567 5.5000000000000009 27.500000000000004 0.61067742788105595 8.5000000000000018 20.500000000000004 0.51295437088821561 30.500000000000004 0.95239763423914636 -0.73865259438682551 -16.499999999999996 15.500000000000002 0 1 5.5000000000000009 0.96687895796550427 2.5000000000000004 -26.499999999999996 -3.4999999999999996 0.98192675877128088 2.5000000000000004 1.0000000180025095e-35 0.83374617138413387
decision_type=2 2 2 2 2 2 2 2 2 2 2 2 2 9 9 2 2 2 2 2 2 2 2 2
left_child=1 2 9 4 5 8 7 -7 -4 14 -11 -12 -13 -14 15 -1 -17 -18 -16 -20 22 -22 -21 -6
right_child=-2 -3 3 -5 23 6 -8 -9 -10 10 11 12 13 -15 18 16 17 -19 19 20 21 -23 -24 -25
leaf_value=-0.0016298190558745277 0.00068885255392387725 -0.0010147513210407935 -0.0023243039865503117 -0.0013939142717208882 -0.0012755678132009395 0.0094701619181891909 0.00058595726719236384 0.00043587195943328738 0.0030205476105868235 -0.0053043034732136512 -0.0054873147154884238 0.0015034781035345652 0.00019941640308119337 -0.00016466515136938139 0.0094987836929936766 0.01322689342638768 0.0043803196545555119 -0.002902128704179377 -0.0030749043630272956 -6.0410404339684868e-05 -0.0006602104338919167 0.0015244783324731737 -0.0015282517460074086 0.00033745686858558261
leaf_weight=19 28 20 19 20 22 36 32 26 19 21 20 30 19 33 19 30 30 32 20 855 30 30 24 27
leaf_count=19 28 20 19 20 22 36 32 26 19 21 20 30 19 33 19 30 30 32 20 855 30 30 24 27
internal_value=-8.8651e-05 -0.000632682 -9.16625e-05 0.00837686 0.0135959 0.0235489 0.0358244 0.0501364 -0.0068168 -0.0014961 -0.013689 -0.00507918 0.00631801 -0.00996301 -0.000118934 0.0139153 0.0253407 0.00417804 -0.00183529 -0.00256607 -0.0012414 0.0172692 -0.00250492 -0.0132162
internal_weight=1461 1433 1413 201 181 132 94 62 38 1212 123 102 82 52 1089 111 92 62 978 959 939 60 879 49
internal_count=1461 1433 1413 201 181 132 94 62 38 1212 123 102 82 52 1089 111 92 62 978 959 939 60 879 49
cat_boundaries=0 1 2
cat_threshold=1 112
is_linear=0
shrinkage=0.129519


Tree=64
num_leaves=27
num_cat=0
split_feature=13 15 1 1 14 13 9 13 0 1 15 15 12 9 14 13 5 12 13 0 11 10 10 26 11 24
split_gain=1.60113 1.26917 2.12671 3.03592 2.96343 1.85097 1.88322 1.59546 1.8049 7.82222 4.16534 4.07547 3.83554 2.87699 2.75529 1.42857 1.2898 1.19342 1.03419 0.986231 3.83218 3.12842 1.45307 1.52909 1.24163 0.952381
threshold=-0.99866344543967311 -0.035471551146965145 29.500000000000004 28.500000000000004 -0.99590385478523458 -0.95628930279329516 0.97875492728876534 -0.97009963647103548 4.5000000000000009 12.500000000000002 -0.71201091358925084 -0.45273187757906502 -0.58481178939031186 -0.76141707087277943 -0.6967548280657393 -0.98994109942595798 314.50000000000006 0.42763731121559989 0.98192675877128088 1.5000000000000002 0.93315540453694978 0.47369649395226454 0.3484035575467645 -5.4999999999999991 0.97650828179861848 1.0000000180025095e-35
decision_type=2 2 2 2 2 2 2 2 2 2 2 2 2 2 2 2 2 2 2 2 2 2 2 2 2 2
left_child=-1 2 3 4 -2 15 16 -6 11 12 -11 14 -10 -13 -9 -3 18 -4 19 20 21 -7 24 -24 -21 -20
right_child=1 5 17 -5 7 6 -8 8 9 10 -12 13 -14 -15 -16 -17 -18 -19 25 22 -22 -23 23 -25 -26 -27
leaf_value=0.00052324362974059339 -0.0070385715794789618 0.0001224112221346802 0.0075951921796765911 -0.0012079716152985608 0.0022965182346437458 -0.0004429333001038798 0.0033508741359756173 0.0010385744874936991 -0.0020275903018468597 -0.0059451517202599247 -0.00063123571892845253 0.0038587684776207913 0.0034731423337758765 0.0012089090351602096 -0.0002547272251135882 -0.0012528902780266729 -0.0056058189222469856 0.00026629256899866069 -0.0026645034866130909 0.00017119513779258714 -0.0014187262836215637 0.0019249942740553188 0.00047433662847677811 -0.00023021894698223189 0.00090070523237372412 0.0038014190262811711
leaf_weight=24 19 20 23 29 25 95 24 83 19 38 82 19 26 87 235 36 29 19 28 225 25 43 20 148 20 20
leaf_count=24 19 20 23 29 25 95 24 83 19 38 82 19 26 87 235 36 29 19 28 225 25 43 20 148 20 20
internal_value=-0.000797859 -0.00135197 0.00257566 0.000782593 0.00265995 -0.00512422 -0.00325233 0.00421886 0.00285866 -0.00863461 -0.0259038 0.00733127 0.0374166 0.0293251 0 -0.0277541 -0.00456193 0.0308379 -0.003321 -0.00179888 -0.0103297 -0.00187709 0.00156803 -0.00770947 0.00792974 -0.0215865
internal_weight=1461 1437 704 662 633 733 677 614 589 165 120 424 45 106 318 56 653 42 624 576 163 138 413 168 245 48
internal_count=1461 1437 704 662 633 733 677 614 589 165 120 424 45 106 318 56 653 42 624 576 163 138 413 168 245 48
is_linear=0
shrinkage=0.129519


Tree=65
num_leaves=19
num_cat=0
split_feature=9 9 0 0 0 10 0 1 9 14 16 26 5 22 0 0 14 1
split_gain=1.21982 2.48901 2.28017 2.3811 3.24628 2.17986 2.24267 1.62365 1.33333 1.29428 1.50592 1.29234 1.33928 0.796361 2.51905 4.9 2.13194 1.28302
threshold=0.878110924644389 0.83849049182116964 1.0000000180025095e-35 2.5000000000000004 1.5000000000000002 0.24997576770840005 4.5000000000000009 19.500000000000004 0.97508442350096225 -0.99324539968045167 0.99083579680342215 21.500000000000004 12.500000000000002 1.0000000180025095e-35 3.5000000000000004 1.5000000000000002 0.98253174896492901 28.500000000000004
decision_type=2 2 2 2 2 2 2 2 2 2 2 2 2 2 2 2 2 2
left_child=1 9 -2 4 -4 6 8 -8 -5 -1 11 12 -11 16 15 -15 17 -14
right_child=2 -3 3 5 -6 -7 7 -9 -10 10 -12 -13 13 14 -16 -17 -18 -19
leaf_value=0.0006970568516215176 -0.0018736653329958705 -0.0023818534408000052 6.8224720881190858e-05 -0.004888111618942247 0.0051010368423187874 0.0014536916756731897 0.00055989115174713739 -0.0015714237812436901 -0.0005950685011428292 -0.0010578475786062066 -0.0021166262828675288 0.001166431529629445 -9.0568192686968958e-06 -0.0048699372334522527 -0.0025110903140315205 0.0026983804656226713 0.0065905546067301602 -0.00055485312760213536
leaf_weight=32 32 36 33 20 34 32 25 26 30 24 29 32 917 20 30 20 32 57
leaf_count=32 32 36 33 20 34 32 25 26 30 24 29 32 917 20 30 20 32 57
internal_value=-0.000797859 -0.00242387 0.00781581 0.0129519 0.0328631 0.00292148 -0.00641184 0.012698 -0.0259038 -0.00141136 -0.00211961 -0.00137299 -0.0021194 -0.00144445 -0.0148022 0.00647596 -0.000514987 -0.00159572
internal_weight=1461 1229 232 200 67 133 101 51 50 1193 1161 1132 1100 1076 70 40 1006 974
internal_count=1461 1229 232 200 67 133 101 51 50 1193 1161 1132 1100 1076 70 40 1006 974
is_linear=0
shrinkage=0.129519


Tree=66
num_leaves=16
num_cat=0
split_feature=8 10 26 5 14 14 12 16 12 10 14 17 9 13 16
split_gain=2.08391 1.4881 1.38521 2.14598 1.27965 1.33579 1.46523 1.33406 1.87151 1.82429 1.78759 1.47596 1.34894 1.32719 0.786889
threshold=1.0000000180025095e-35 -0.03976928634766979 21.500000000000004 10.500000000000002 0.98005052076767474 0.93081762381485633 -0.34234976856068172 0.77108682076304746 -0.91597566659893348 0.14888728888808322 -0.99698452691574591 1.0000000180025095e-35 0.75014288946266361 1.0000000180025095e-35 0.99572603683968142
decision_type=2 2 2 2 2 2 2 2 2 2 2 2 2 2 2
left_child=2 -2 3 -1 5 7 -7 8 -5 11 -10 -9 -12 -6 -13
right_child=1 -3 -4 4 13 6 -8 9 10 -11 12 14 -14 -15 -16
leaf_value=-0.0024283727721066428 2.5926729784308616e-05 -0.002408092087340709 0.0006486501973141589 -0.0021775463907252168 0.0048962848921451918 7.7487236808367646e-05 -0.0066021664782020123 -0.00078066787349748417 -0.01214867448920991 0.0040328792009110201 -2.9427659593496e-05 0.00019376665929847782 0.00036244836344867634 -0.00052113588381401258 0.0012683351766369459
leaf_weight=23 20 28 35 32 31 32 29 35 20 19 772 161 168 32 24
leaf_count=23 20 28 35 32 31 32 29 35 20 19 772 161 168 32 24
internal_value=-0.000443255 -0.0269832 0.000458313 -0.000187981 0.00047793 -0.000400988 -0.0191094 0.000526073 -0.00156676 0.00921266 -0.000539663 0.00588723 0.000275573 0.0185027 0.0105016
internal_weight=1461 48 1413 1378 1355 1292 61 1231 992 239 960 220 940 63 185
internal_count=1461 48 1413 1378 1355 1292 61 1231 992 239 960 220 940 63 185
is_linear=0
shrinkage=0.129519


Tree=67
num_leaves=26
num_cat=0
split_feature=13 13 13 2 23 0 13 13 0 13 13 12 11 22 9 5 1 13 1 10 14 13 26 5 26
split_gain=0.861722 1.64937 1.48865 1.5254 1.0782 2.5 1.1652 2.17824 1.92017 4.25696 3.08446 2.72371 1.00649 0.984365 4.42016 2.7415 2.32843 1.14172 1.67142 0.800375 1.02961 0.79147 1.05147 0.880503 2.14603
threshold=0.4071210141943909 0.46801289393398077 0.29239989284795059 25.500000000000004 1.0000000180025095e-35 3.5000000000000004 -0.016126489383873798 -0.061244963218071095 3.5000000000000004 0.19231750359766597 0.21127135955888851 -0.46800559042974538 0.99196248624718542 1.0000000180025095e-35 -0.82415615971448097 233.50000000000003 13.500000000000002 -0.99866344543967311 7.5000000000000009 -0.97111920233974802 -0.6967548280657393 0.55657263146136149 17.500000000000004 26.500000000000004 3.5000000000000004
decision_type=2 2 2 2 2 2 2 2 2 2 2 2 2 2 2 2 2 2 2 2 2 2 2 2 2
left_child=2 -2 4 -4 6 -6 7 13 10 -10 11 -8 19 14 -1 16 -15 -16 -19 -3 -21 -22 23 -23 -25
right_child=1 12 3 -5 5 -7 8 -9 9 -11 -12 -13 -14 15 17 -17 -18 18 -20 20 21 22 -24 24 -26
leaf_value=0.0086617427971033105 -0.0053739482160428129 -0.0017145510403758233 0.00047338395258690515 0.00339204672499787 0.0015339220112590168 -0.0025218677753248682 0.0022856055658087176 0.0026725616342513545 -0.0023426206200992047 0.010476412289845666 -0.0054806977028397609 -0.0023403784891299303 -0.00017716311366679834 -0.0043403516281660176 0.00035712499915109449 -0.0044784246467396297 0.0014386866718083839 -0.0012782605290955725 0.00015828215312759308 0.00084040757010101343 0.0021714424795708748 0.00054986650067627007 -0.0071122363384830724 -1.9685529191908554e-05 -0.0061647454087725585
leaf_weight=20 32 20 36 20 20 20 19 19 37 21 23 33 32 26 19 20 20 90 482 36 24 35 21 315 21
leaf_count=20 32 20 36 20 20 20 19 19 37 21 23 33 32 26 19 20 20 90 482 36 24 35 21 315 21
internal_value=0.000265953 -0.00386624 0.00266039 0.0231284 0.0013414 -0.0194279 0.00234353 0.00446618 -0.00876445 0.00893235 -0.02245 -0.00498151 -0.00205586 0.00325233 0.00487552 -0.0117745 0.00563127 0.00284898 0.00181146 -0.00054881 0.000573094 -0.00124538 -0.00264325 -0.00104732 -0.00308379
internal_weight=1461 536 925 56 869 40 829 696 133 58 75 52 504 677 611 66 46 591 572 472 452 416 392 371 336
internal_count=1461 536 925 56 869 40 829 696 133 58 75 52 504 677 611 66 46 591 572 472 452 416 392 371 336
is_linear=0
shrinkage=0.129519


Tree=68
num_leaves=23
num_cat=0
split_feature=9 9 0 26 9 2 9 26 0 0 1 1 14 9 1 2 15 0 0 5 0 1
split_gain=1.15956 2.31713 1.76596 1.40757 3.51099 2.85692 4.8254 1.80013 1.37419 2.27273 1.36972 1.49603 0.799377 2.04047 1.14286 0.956729 0.909841 3.23025 7.58797 1.64948 1.03498 0.459994
threshold=0.92922379131507438 0.94425825643485939 1.0000000180025095e-35 -26.499999999999996 0.83849049182116964 17.500000000000004 0.89017062131308955 -18.499999999999996 2.5000000000000004 1.5000000000000002 18.500000000000004 13.500000000000002 0.94426316827822931 -0.091260668982868137 7.5000000000000009 50.500000000000007 -0.97410815583833232 2.5000000000000004 4.5000000000000009 339.50000000000006 2.5000000000000004 7.5000000000000009
decision_type=2 2 2 2 2 2 2 2 2 2 2 2 2 2 2 2 2 2 2 2 2 2
left_child=3 -2 -3 -1 7 6 -6 -5 9 -4 11 -10 15 14 -14 16 17 -9 -19 20 -18 -15
right_child=1 2 8 4 5 -7 -8 12 10 -11 -12 -13 13 21 -16 -17 19 18 -20 -21 -22 -23
leaf_value=0.0083695402554424606 0.0083502766142972557 -0.0032792318735090035 -0.000196814365822097 0.0026928900163845329 -0.019422177672168698 0.0012995038571799805 -0.0022129961048498428 0.00075928011970829794 -0.00067129838779150688 0.0043838340901124059 -0.0022484072554797975 0.00020321377089920877 0.00070149495419800955 5.338369549501247e-06 0.0039718379977062655 -0.0021400826059183179 -0.00015747936898831256 -0.014012207617132559 0.0068424704439931294 0.0032727102356605677 0.00015919966126545613 -0.0020025064993099062
leaf_weight=19 20 23 22 20 21 22 36 28 31 22 35 23 28 37 28 34 395 21 19 22 527 28
leaf_count=19 20 23 22 20 21 22 36 28 31 22 35 23 28 37 28 34 395 21 19 22 527 28
internal_value=0.000443255 0.0103027 0.00498151 -0.000907138 -0.00143228 -0.0278712 -0.043173 0.000327344 0.0107121 0.0294362 0.00145527 0.014391 -0.000332954 0.00963366 0.0277541 -0.00148588 -0.0007679 -0.0152375 -0.0388557 0.000274405 -0.000561905 -0.00597781
internal_weight=1461 176 156 1285 1266 79 57 1187 133 44 89 54 1167 121 56 1046 1012 68 40 944 922 65
internal_count=1461 176 156 1285 1266 79 57 1187 133 44 89 54 1167 121 56 1046 1012 68 40 944 922 65
is_linear=0
shrinkage=0.129519


Tree=69
num_leaves=26
num_cat=0
split_feature=15 9 26 9 26 15 2 15 1 0 15 15 1 0 14 0 17 15 26 15 0 1 0 10 5
split_gain=1.38639 1.20835 2.26397 1.6477 2.57253 1.01684 1.66667 1.23135 1.48036 3.78947 1.40987 1.23013 1.00137 0.902256 0.551916 0.871157 3.24 1.76158 1.98158 1.87783 3.08235 1.41767 2.22403 2.20531 1.41538
threshold=-0.99885295938472651 0.75014288946266361 -12.499999999999998 0.70290292807158605 -5.4999999999999991 -0.97410815583833232 36.500000000000007 -0.84080672043737914 14.500000000000002 2.5000000000000004 -0.89595393124644551 -0.79384350655589164 27.500000000000004 3.5000000000000004 -0.98992565105027064 5.5000000000000009 1.0000000180025095e-35 0.72692958206603386 -21.499999999999996 0.85223490906209554 2.5000000000000004 6.5000000000000009 3.5000000000000004 0.28313308994381586 82.500000000000014
decision_type=2 2 2 2 2 2 2 2 2 2 2 2 2 2 2 2 2 2 2 2 2 2 2 2 2
left_child=-1 2 -2 4 -4 6 13 8 10 -10 -7 -9 -13 -6 -3 17 -17 18 -16 -19 -21 -20 23 -23 -24
right_child=1 14 3 -5 5 7 -8 11 9 -11 -12 12 -14 -15 15 16 -18 19 21 20 -22 22 24 -25 -26
leaf_value=0.0015505761169836599 -0.00072269947172043619 -0.011980293041370355 0.002567651211277288 -0.0008023031295776394 0.00048227339027234772 -0.00040655926209357343 -0.010703297020537116 -0.0013279047847945032 -0.00012412433695837988 0.0042886734086527035 0.0010789852906881532 -6.1057093871784879e-05 0.00034819224108310003 -0.0022295330275214436 -0.0020833552123281718 0.0025258619555616358 -0.0042436777366390479 -0.0033531672734169607 -0.00074039635429756442 0.0018784507659132805 -0.002364282729996274 0.0036617719934360603 -0.0022503099644360482 0.016327918407113902 0.000766994461728977
leaf_weight=24 21 20 19 22 19 63 24 28 19 19 19 715 120 21 24 25 20 21 24 27 28 71 20 22 26
leaf_count=24 21 20 19 22 19 63 24 28 19 19 19 715 120 21 24 25 20 21 24 27 28 71 20 22 26
internal_value=0.00150707 0.000991448 -0.0010511 -0.000238087 0.000486001 -0.000371115 -0.0161899 0.000658795 0.0129519 0.034084 0.003159 -0.00105056 -0.000155113 0 0.00789751 0.00925137 0.0259038 0.00640209 0.0131597 -0.0102252 0.00235489 0.0182757 0.0232948 0.034817 0
internal_weight=1461 1437 1109 1088 1066 1047 64 983 120 38 82 863 835 40 328 308 45 263 187 76 55 163 139 93 46
internal_count=1461 1437 1109 1088 1066 1047 64 983 120 38 82 863 835 40 328 308 45 263 187 76 55 163 139 93 46
is_linear=0
shrinkage=0.129519


Tree=70
num_leaves=24
num_cat=0
split_feature=15 0 10 26 14 26 5 5 1 1 0 11 16 9 0 0 15 1 1 25 9 0 1
split_gain=1.56717 1.6 1.00398 1.85258 1.56928 1.1517 3.75547 3 1.46237 2.48109 3.0791 3.42291 1.89819 2.7937 1.71404 1.4863 1.49952 1.09093 1.89714 1.44055 0.965574 1.88809 1.14286
threshold=-0.99589637178820756 2.5000000000000004 0.67007489853957602 -11.499999999999998 -0.68744287537730653 -18.499999999999996 62.500000000000007 60.500000000000007 3.5000000000000004 5.5000000000000009 4.5000000000000009 -0.074117039608866189 0.96851671873169776 0.99466373373798567 4.5000000000000009 4.5000000000000009 0.022576145604933002 28.500000000000004 25.500000000000004 1.0000000180025095e-35 -0.42180583328916638 3.5000000000000004 18.500000000000004
decision_type=2 2 2 2 2 2 2 2 2 2 2 2 2 2 2 2 2 2 2 2 2 2 2
left_child=1 -1 5 -4 -5 7 -7 -2 15 10 11 -10 13 14 -11 16 -8 18 19 20 22 -22 -6
right_child=2 -3 3 4 17 6 8 -9 9 12 -12 -13 -14 -15 -16 -17 -18 -19 -20 -21 21 -23 -24
leaf_value=-0.0020827599133140099 0.0060652141687958707 0.004921740863108229 -0.00056881400094152134 -0.0059923224560033093 0.0041189799428522139 -0.0075939197709540265 -0.00096827192070471433 -0.0016629843905015776 -0.0041451960547599972 0.00023088468891825772 0.00039136200075580077 -0.0022980642650607713 0.0016389070873449874 -0.00069860709326160738 -0.00024522762905718659 0.0015604194965592093 0.0015457031420240506 -0.0013408523021573055 0.0017313311659715553 0.0022350912191643501 -0.0011176923709409117 3.4238956633509712e-05 -0.0053826836083455867
leaf_weight=20 24 20 21 20 28 23 37 24 24 535 19 23 30 19 222 27 33 32 36 23 110 83 28
leaf_count=20 24 20 21 20 28 23 37 24 24 535 19 23 30 19 222 27 33 32 36 23 110 83 28
internal_value=0.000620557 0.0259038 -9.11465e-05 -0.00577907 -0.00359775 0.0019926 0.00104451 0.0215865 0.00227227 0.000594125 -0.0235489 -0.0413359 0.0025711 0.00133525 0.00256643 0.0173582 0.00740109 -0.00152375 0.000841033 -0.00285704 -0.00572173 -0.0100663 0.00925137
internal_weight=1461 40 1421 381 360 1040 992 48 969 872 66 47 806 776 757 97 70 340 308 272 249 193 56
internal_count=1461 40 1421 381 360 1040 992 48 969 872 66 47 806 776 757 97 70 340 308 272 249 193 56
is_linear=0
shrinkage=0.129519


Tree=71
num_leaves=23
num_cat=1
split_feature=15 0 19 26 11 1 9 1 0 0 13 9 9 9 9 26 9 13 9 13 15 0
split_gain=1.61143 1.6 1.20281 2.32175 1.70641 0.954661 1.56535 2.5 1.73559 1.35729 1.29301 0.938535 2.62402 1.41569 1.60952 0.952057 3.27126 2.07901 1.5148 1.17748 1.01386 0.947368
threshold=-0.99589637178820756 2.5000000000000004 0 -7.4999999999999991 0.95566275305367776 29.500000000000004 0.99466373373798567 5.5000000000000009 5.5000000000000009 1.0000000180025095e-35 0.6780270755117429 0.94425825643485939 0.878110924644389 0.89787622492179153 0.92922379131507438 -4.4999999999999991 0.70290292807158605 0.9916835347852474 0.81428061195174062 0.97086220929134248 -0.97410815583833232 2.5000000000000004
decision_type=2 2 9 2 2 2 2 2 2 2 2 2 2 2 2 2 2 2 2 2 2 2
left_child=1 -1 3 -2 5 6 8 -8 9 -5 -11 12 15 -14 -15 16 -4 18 19 20 -17 -19
right_child=2 -3 11 4 -6 -7 7 -9 -10 10 -12 -13 13 14 -16 17 -18 21 -20 -21 -22 -23
leaf_value=-0.0018130026280165957 0.00292880104869391 0.0042842811896804918 -0.0005637380499023657 0.0028603078965347903 -0.0012071532622041916 0.0083889564045467688 0.00065347993408371174 -0.00081164369874110623 0.0046601271944588917 0.00041980495132512113 -0.0010543727197761762 -0.001232183697433023 0.0034117303841103108 -0.0016556952675243737 0.0063580248494053415 -0.0022730621890620106 0.0008518194439790706 0.00018863539080395361 -0.0025028846938090427 -0.00047520041666907398 -1.8735207955933299e-05 0.0013583152959616017
leaf_weight=20 27 20 27 24 19 19 20 20 26 88 55 32 20 28 20 32 34 19 34 35 823 19
leaf_count=20 27 20 27 24 19 19 20 20 26 88 55 32 20 28 20 32 34 19 34 35 823 19
internal_value=0.000265953 0.0259038 -0.000455732 0.00672827 0.00334551 0.00616758 0.00389113 -0.0194279 0.00872409 0.00387782 -0.000905728 -0.00240062 -0.00178074 0.0228563 0.0107933 -0.00341839 -0.0191094 -0.00242344 -0.00364448 -0.00261949 -0.00166633 0.0272672
internal_weight=1461 40 1421 298 271 252 233 40 193 167 143 1123 1091 68 48 1023 61 962 924 890 855 38
internal_count=1461 40 1421 298 271 252 233 40 193 167 143 1123 1091 68 48 1023 61 962 924 890 855 38
cat_boundaries=0 1
cat_threshold=49
is_linear=0
shrinkage=0.129519


Tree=72
num_leaves=24
num_cat=1
split_feature=15 0 19 26 10 26 5 13 0 16 0 17 16 9 0 15 15 14 15 5 0 1 26
split_gain=1.61143 1.6 0.994928 2.28239 1.43069 0.874893 3.50953 1.85566 0.947368 0.876355 2.16919 1.51843 1.25877 0.946003 0.79013 0.773849 0.736171 3.66178 2.77957 0.687831 0.554941 2.04848 0.276383
threshold=-0.99589637178820756 2.5000000000000004 0 -1.4999999999999998 -0.34234976856068172 -4.4999999999999991 46.500000000000007 0.9916835347852474 2.5000000000000004 -0.94139465211055529 4.5000000000000009 1.0000000180025095e-35 -0.91597566659893348 -0.69057362043749781 2.5000000000000004 -0.98523971305672664 -0.84080672043737914 -0.6967548280657393 -0.74153902972098529 255.50000000000003 1.5000000000000002 18.500000000000004 -11.499999999999998
decision_type=2 2 9 2 2 2 2 2 2 2 2 2 2 2 2 2 2 2 2 2 2 2 2
left_child=1 -1 3 22 -5 6 -4 9 -9 10 11 13 -11 -7 -8 -14 17 -17 -18 -6 -21 -22 -2
right_child=2 -3 5 4 19 7 14 8 -10 12 -12 -13 15 -15 -16 16 18 -19 -20 20 21 -23 -24
leaf_value=-0.0015781840759383754 0.011298241503286019 0.0037293847487653489 -0.00049072317911086696 0.0013368999357464739 -0.0050976801740220722 -0.00013637715389759088 0.0022570181959073897 0.00016420349608140507 0.0011823874588286706 -0.0021700172920798241 -0.00099640144415666463 0.0012926790282780916 -0.0023427151638648804 0.0073439768944512842 -0.001716790469647041 0.0019852246360784714 -0.0024475087732126399 -0.0002441745267390906 -4.0309188468288335e-05 0.0011736662164061106 0.0019727167236867843 -0.0028708120607410775 0.00035780141511709222
leaf_weight=20 19 20 27 30 27 26 22 19 19 24 35 25 27 34 28 31 53 80 797 23 22 33 20
leaf_count=20 19 20 27 30 27 26 22 19 19 24 35 25 27 34 28 31 53 80 797 23 22 33 20
internal_value=0.000265953 0.0259038 -0.000455732 0.0084469 0.000959401 -0.00175165 -0.0151386 -0.000885601 0.0272672 -0.00183066 0.00863461 0.0198088 -0.0030716 0.00863461 0.00518077 -0.00235966 -0.00175208 0.00816787 -0.00304751 -0.00616758 0 -0.00706468 0.036531
internal_weight=1461 40 1421 174 135 1247 77 1170 38 1132 120 85 1012 60 50 988 961 111 850 105 78 55 39
internal_count=1461 40 1421 174 135 1247 77 1170 38 1132 120 85 1012 60 50 988 961 111 850 105 78 55 39
cat_boundaries=0 1
cat_threshold=17
is_linear=0
shrinkage=0.129519


Tree=73
num_leaves=27
num_cat=0
split_feature=16 8 14 10 15 1 15 14 14 11 11 1 14 13 26 12 12 12 10 10 12 10 17 9 26 6
split_gain=1.25021 2.33945 2.19634 1.36184 1.52552 1.27767 1.3913 1.22188 1.61787 1.20957 2.79763 2.23944 1.20192 1.12221 1.68663 1.50323 1.52375 1.11624 1.07351 1.34108 1.2375 1.04443 0.902564 0.675 0.574808 1.29204
threshold=-0.34639363301388315 1.0000000180025095e-35 0.99247737996680552 -0.84313311835787952 -0.74153902972098529 5.5000000000000009 0.76350272041163636 -0.98131155305593898 -0.93079825625447066 0.77241981449888963 0.72692958206603386 26.500000000000004 -0.96350018336582322 0.58568355321212728 -12.499999999999998 -0.16587666496079911 -0.22701029611497392 -0.091260510743598436 -0.96687281075841669 -0.20180761162458913 0.94705089305139489 0.063390085881955258 1.0000000180025095e-35 0.71503381463111937 -9.4999999999999982 1.0000000180025095e-35
decision_type=2 2 2 2 2 2 2 2 2 2 2 2 2 2 2 2 2 2 2 2 2 2 2 2 2 2
left_child=2 7 3 -1 22 6 -6 -2 12 10 11 18 -9 14 -7 16 -16 -17 20 -20 -10 -13 -5 24 -15 -26
right_child=1 -3 -4 4 5 13 -8 8 9 -11 -12 21 -14 23 15 17 -18 -19 19 -21 -22 -23 -24 -25 25 -27
leaf_value=0.00049043642278439291 0.00066714218505292764 -0.0018063034273750373 0.0014239346928705352 -0.0028213928271046836 -0.0019927735641938403 0.0046807533639196012 0.0010471076686273408 -1.1726019437119669e-06 2.9482161833964527e-05 -0.0011981285816681153 0.0022921559181501381 0.0054654220734757092 -0.0030443175671251632 -0.00041885083181983498 0.00046022014922788131 0.0010048797118308293 -0.0018889585056023547 0.0004574869249538885 -0.0002711066264018113 -3.6552712571643548e-05 0.0014312240351920375 0.0013282270819094401 -0.0038934638840757998 -0.00089752737679855532 0.00030577538799264771 -0.0047245470384135353
leaf_weight=40 36 19 36 22 23 29 23 20 44 28 24 29 32 19 74 26 22 115 185 429 20 27 30 20 63 26
leaf_count=40 36 19 36 22 23 29 23 20 44 28 24 29 32 19 74 26 22 115 185 429 20 27 30 20 63 26
internal_value=0.000265953 -0.00275573 0.00501659 0.00292148 0.001053 0.00353234 -0.0168938 -0.00177829 -0.00278203 -0.00131826 -0.000341739 -0.00176457 -0.0249075 0.00591712 0.0107121 0.00710443 -0.00539663 0.0156158 -0.00382062 -0.00548452 0.0121424 0.0231284 -0.019926 -0.00404747 0 0.00436581
internal_weight=1461 893 568 532 492 440 46 874 838 786 758 734 52 394 266 237 96 141 678 614 64 56 52 128 108 89
internal_count=1461 893 568 532 492 440 46 874 838 786 758 734 52 394 266 237 96 141 678 614 64 56 52 128 108 89
is_linear=0
shrinkage=0.129519


Tree=74
num_leaves=33
num_cat=1
split_feature=19 12 12 11 12 0 1 2 10 10 5 1 10 1 10 26 11 0 16 0 0 10 11 10 14 14 2 1 10 1 5 1
split_gain=1.74431 2.21996 1.90878 3.45187 1.89631 3.99107 1.61551 2.15571 1.51948 1.56623 1.42761 1.38549 3.00372 2.15346 1.83995 1.45916 1.9256 1.1044 1.3494 1.33846 1.0592 2.71935 1.47051 1.87258 0.990463 2.69213 1.6203 0.981818 0.704453 1.28502 0.541936 0.0961098
threshold=0 -0.8697618612574799 -0.62588708731544751 -0.71504042705586657 -0.5074255885747686 3.5000000000000004 13.500000000000002 8.5000000000000018 -0.20180761162458913 -0.15950993297387567 251.50000000000003 28.500000000000004 -0.83375966452616657 27.500000000000004 0.86869874770991873 -16.499999999999996 0.99196248624718542 2.5000000000000004 0.92104391872432934 3.5000000000000004 1.5000000000000002 0.16587474750015926 -0.63920832810365547 0.28313308994381586 -0.92600560940762588 -0.88218783483277374 26.500000000000004 4.5000000000000009 -0.065537083312030939 20.500000000000004 276.50000000000006 11.500000000000002
decision_type=9 2 2 2 2 2 2 2 2 2 2 2 2 2 2 2 2 2 2 2 2 2 2 2 2 2 2 2 2 2 2 2
left_child=1 8 3 -2 5 -4 10 -8 -1 -10 27 13 -13 15 -14 -6 24 18 -11 -19 21 -5 -22 30 26 -26 -17 -3 -21 -30 -24 -32
right_child=2 6 4 20 11 -7 7 -9 9 17 -12 12 14 -15 -16 16 -18 19 -20 28 22 -23 23 -25 25 -27 -28 -29 29 -31 31 -33
leaf_value=-0.0053044141486907224 -0.0017724118691525331 -0.00068719383831050945 0.0072005256891727295 0.0010939630149532349 -0.0029171179613214923 -0.00031764849916749669 0.00057410509447183139 0.010459335170873569 0.002760455769324929 0.0028911219946228415 -0.0067130640518962359 0.00068833839314829325 -0.0068998738085068864 0.0047788797979438618 -0.00032629607597573352 -0.0064352862051926408 0.00068648328232166116 -0.0014354964844994166 -0.00040619073394804742 -0.00075801454029676934 -0.00046622771227389069 -0.0033588736645553076 -0.0030717385890012511 0.0017449734129046481 0.0019587309843016711 -4.7550537286122274e-05 -0.00016552605743465801 0.00025814155820154747 0.0012388018360781413 -0.0019484430774417472 -0.00010517796983976904 7.4027989386582171e-05
leaf_weight=28 20 22 31 20 33 23 30 22 20 25 21 29 21 30 20 19 34 20 31 19 19 29 20 36 24 641 60 33 19 20 23 19
leaf_count=28 20 22 31 20 33 23 30 22 20 25 21 29 21 30 20 19 34 20 31 19 19 29 20 36 24 641 60 33 19 20 23 19
internal_value=0.000443255 0.00890444 -0.00189649 -0.0139268 0.00040265 0.023985 0.0222611 0.039852 0 0.0050462 0.0102252 -0.000995207 -0.0185027 0.000462018 -0.041067 -0.000798515 0.000332954 0 0.0138771 -0.00996301 -0.00780236 -0.0237892 -0.001107 0.0052865 -0.00104451 0.000584297 -0.0147553 0.021194 0 0.00996301 -0.00835607 0
internal_weight=1461 310 1151 186 965 54 128 52 182 154 76 911 70 841 41 811 778 134 56 78 166 49 117 98 744 665 79 55 58 39 62 42
internal_count=1461 310 1151 186 965 54 128 52 182 154 76 911 70 841 41 811 778 134 56 78 166 49 117 98 744 665 79 55 58 39 62 42
cat_boundaries=0 1
cat_threshold=49
is_linear=0
shrinkage=0.129519


Tree=75
num_leaves=31
num_cat=1
split_feature=16 14 11 11 13 13 16 13 26 15 12 0 13 13 2 10 9 20 26 26 0 13 1 15 15 0 1 0 12 15
split_gain=1.29045 2.26152 1.44794 2.37867 1.33013 1.42017 1.31725 1.94385 1.86299 1.8707 1.22291 1.17801 4.7878 2.02595 0.964286 0.9 0.864524 0.968784 2.3266 1.51926 1.27943 1.00921 0.843573 0.781342 3.3014 1.43874 1.68179 1.78488 1.63802 1.45807
threshold=-0.34639363301388315 0.99247737996680552 0.77241981449888963 0.72692958206603386 -0.97603817029354423 -0.95243726904160286 0.77108682076304746 -0.37447172655954947 21.500000000000004 -0.18281597401273728 -0.91597566659893348 5.5000000000000009 -0.36247790445086708 0.76070426302234284 14.500000000000002 0.011826144619637501 0.83849049182116964 0 -7.4999999999999991 -16.499999999999996 1.5000000000000002 0.82353009937458566 23.500000000000004 -0.53130155919828825 -0.71201091358925084 1.0000000180025095e-35 11.500000000000002 5.5000000000000009 0.029024409397335454 0.48314495079116865
decision_type=2 2 2 2 2 2 2 2 2 2 2 2 2 2 2 2 2 9 2 2 2 2 2 2 2 2 2 2 2 2
left_child=1 16 3 4 15 -6 10 14 9 -9 -7 13 -13 -12 -8 -2 17 18 -1 -19 -20 22 -22 24 -21 28 29 -28 -25 -27
right_child=2 -3 -4 -5 5 6 7 8 -10 -11 11 12 -14 -15 -16 -17 -18 19 20 23 21 -23 -24 25 -26 26 27 -29 -30 -31
leaf_value=0.0040728283729417206 -2.8223021418709309e-05 0.0012257750306835103 -0.00062796022227806715 0.0013853690683246274 -0.0012589405593250575 -0.0014927034199091213 9.2000688980039687e-05 0.0006255589935317571 0.0015382905805348846 -0.00039033935349169004 -0.00040584229713828317 0.0039844752220233289 -0.00019143278238138706 0.00021579524520649239 0.0019134723622913985 0.0046627431531630599 -0.0095262906069432801 -0.0021845512378707217 -0.002662157113283178 0.00019674445185248885 -0.00056214103064554583 0.0017920596409995956 0.00060906935947315573 0.0043089232035025023 -0.0046892888689382024 -0.00039519621925776196 0.00066728141533917271 -0.00047468830161756802 1.5278551445988135e-05 -0.00026087190453698587
leaf_weight=23 20 36 36 32 20 32 21 76 24 125 323 29 36 72 27 20 24 26 28 32 34 20 20 23 25 23 118 26 20 90
leaf_count=23 20 36 36 32 20 32 21 76 24 125 323 29 36 72 27 20 24 26 28 32 34 20 20 23 25 23 118 26 20 90
internal_value=-0.000265953 0.00456053 -0.00333588 -0.00226696 -0.00361084 -0.00478478 -0.00389404 0.003321 -0.00172692 -0.00579936 -0.00789751 -0.00619439 0.00996301 -0.00885321 0.0269832 0.0194279 0.00243457 0.00356943 0.01347 0.00033817 0.00507918 0.0140021 0.00479701 0.00253959 -0.0113613 0.00518077 0.0015119 0.0107933 0.0271087 -0.0103157
internal_weight=1461 568 893 857 825 785 765 273 225 201 492 460 65 395 48 40 532 508 125 383 102 74 54 357 57 300 257 144 43 113
internal_count=1461 568 893 857 825 785 765 273 225 201 492 460 65 395 48 40 532 508 125 383 102 74 54 357 57 300 257 144 43 113
cat_boundaries=0 1
cat_threshold=8
is_linear=0
shrinkage=0.129519


Tree=76
num_leaves=32
num_cat=0
split_feature=14 9 9 15 15 15 26 11 5 9 0 11 13 11 0 13 1 2 0 14 1 9 0 12 15 15 1 0 13 0 1
split_gain=1.05905 2.81841 1.31583 1.18012 1.67015 3.69675 1.56379 2.72012 2.69094 2.32545 1.46796 3.4709 2.37827 1.72768 2.20909 1.38146 1.68608 1.37318 1.67779 1.72706 1.33824 3.3769 1.99344 1.27635 1.06163 1.97721 0.818182 0.795062 2.19048 0.779315 0.728139
threshold=0.94426316827822931 -0.091260668982868137 0.878110924644389 -0.72694302724356785 0.94908416543986196 0.96522610578843548 -25.499999999999996 0.66527693225344786 154.50000000000003 0.94425825643485939 2.5000000000000004 -0.51297808981038739 0.81428814218200329 -0.53585195597499147 4.5000000000000009 0.99467293209889374 29.500000000000004 30.500000000000004 1.5000000000000002 0.46229521128428647 3.5000000000000004 0.9962888416657264 3.5000000000000004 0.6952237066490784 0.9292323845064282 0.89260960731044081 8.5000000000000018 2.5000000000000004 0.058024361988385058 2.5000000000000004 9.5000000000000018
decision_type=2 2 2 2 2 2 2 2 2 2 2 2 2 2 2 2 2 2 2 2 2 2 2 2 2 2 2 2 2 2 2
left_child=3 29 27 6 15 -6 -1 8 9 -8 11 23 13 30 -15 16 20 18 -7 -20 22 24 -5 -10 25 -22 -9 -3 -29 -2 -12
right_child=1 2 -4 4 5 17 7 26 10 -11 12 -13 -14 14 -16 -17 -18 -19 19 -21 21 -23 -24 -25 -26 -27 -28 28 -30 -31 -32
leaf_value=0.0050429261938645395 0.0011923916170488687 -0.0015715272798744781 0.00014277281347418113 -0.00016516311542022176 -0.00037792668939329354 0.0026781838804784187 0.0009464012698687964 -0.0079864065273531834 7.8662002185017141e-05 -0.00015961585700964209 -0.00017585130841833103 -0.002263822943443581 -0.001947752902629043 0.001184764223092361 -0.0010003718318772263 -0.00080029273459036496 0.0016411481093290008 -0.00088906037413443426 0.00039295861328979834 -0.0024040877467417223 8.0084838311857907e-05 -0.001896532889206295 0.0029168870786503258 0.0048673543578055785 0.0015517031274238184 -0.0040321662266947179 -0.005739001451882708 -0.0016183430964357343 0.0046514021891839938 0.00061981607279089389 -0.0031601255485637215
leaf_weight=20 23 35 20 30 20 22 23 22 28 29 20 28 28 24 20 32 25 35 37 22 685 20 23 26 21 20 22 21 25 33 22
leaf_count=20 23 35 20 30 20 22 23 22 28 29 20 28 28 24 20 32 25 35 37 22 685 20 23 26 21 20 22 21 25 33 22
internal_value=-0.000975161 0.00907459 -0.0038471 -0.00218514 0 -0.0133329 -0.00913276 -0.0115325 -0.00626706 0.019926 -0.0132162 0 -0.0227227 -0.0120483 0.00588723 0.0021183 0.00314367 -0.00446618 0.00479701 -0.00658572 0.00210732 0.000694473 0.0219938 0.019188 0.00214081 0.00128601 -0.0412106 -0.011193 0 0.0323798 -0.0308379
internal_weight=1461 157 101 1304 992 136 312 292 248 52 196 82 114 86 44 856 824 116 81 59 799 746 53 54 726 705 44 81 46 56 42
internal_count=1461 157 101 1304 992 136 312 292 248 52 196 82 114 86 44 856 824 116 81 59 799 746 53 54 726 705 44 81 46 56 42
is_linear=0
shrinkage=0.129519


Tree=77
num_leaves=30
num_cat=0
split_feature=15 15 26 9 15 15 21 1 15 0 15 14 2 0 17 10 9 0 0 16 0 12 15 16 10 10 14 5 15
split_gain=1.53827 3.80068 1.53138 2.31278 1.77767 2.4371 1.66493 1.46667 1.40602 1.26759 2.79202 1.13882 1.69981 1.79201 1.61587 1.23335 1.3786 2.02375 2.01383 1.11853 0.998549 0.985641 1.56266 1.08936 1.05 0.660492 0.6098 0.259379 0.121303
threshold=0.94908416543986196 0.96231527631374336 8.5000000000000018 0.22700754078277599 0.66768962270111687 0.62585923293574564 13.500000000000002 10.500000000000002 0.58220321383339935 1.0000000180025095e-35 0.98153590997917928 0.94426316827822931 35.500000000000007 2.5000000000000004 1.0000000180025095e-35 0.96407344085605595 -0.71504373327588355 1.0000000180025095e-35 1.5000000000000002 -0.067680258155982581 1.0000000180025095e-35 -0.89404254237865755 0.85950060977100495 -0.67802903493420741 0.23328369003117272 -0.36648370705903521 0.63422424279345269 354.50000000000006 0.92149396721964838
decision_type=2 2 2 2 2 2 2 2 2 2 2 2 2 2 2 2 2 2 2 2 2 2 2 2 2 2 2 2 2
left_child=2 -2 4 7 5 8 20 -4 11 -3 -11 15 14 -14 -13 16 17 -1 -18 -12 -6 -22 23 -23 -25 -21 28 -17 -24
right_child=1 9 3 -5 6 -7 -8 -9 -10 10 19 12 13 -15 -16 27 18 -19 -20 25 21 22 26 24 -26 -27 -28 -29 -30
leaf_value=0.0024252719564137469 -0.00032897794733203117 0.0045024108704080383 -0.00013546047946369171 -0.011017356163249234 -0.00024290854459867829 -0.0069837833238456286 0.0013507278635129082 0.0024916020260271668 0.0009495040213299995 -0.0015122779792562152 0.00034206294928279497 0.01582941813559088 0.0025663764048286606 -0.0015057366063365506 0.00028355257444445604 -0.0036323530566365883 -0.00019070177665314727 -0.00045824812462830049 0.00019677651842583317 -0.00037564338219642332 0.00032062317714240065 0.00022998095365644501 0.00022653854236139476 -0.00022909630658433648 -0.0045773396227527224 1.8296905207737139e-05 0.001664623118604565 -0.00047230803339088094 0.00065141922921483654
leaf_weight=29 20 20 24 23 23 21 37 20 24 30 25 19 22 23 24 19 192 167 476 20 20 19 21 28 20 33 23 20 19
leaf_count=29 20 20 24 23 23 21 37 20 24 30 25 19 22 23 24 19 192 167 476 20 20 19 21 28 20 33 23 20 19
internal_value=0.000265953 -0.0122518 0.00167694 -0.0173981 0.00270265 0.000500074 0.0135687 0 0.00140366 -0.00404747 -0.00959401 0.000653477 0.0147181 -0.0028782 0.0331328 -0.00071716 0.000299813 -0.00925137 0.00310225 0.003321 0.00823532 0.0120885 0.00797041 -0.00579936 -0.0161899 -0.00733127 0.0226145 -0.023247 0.0129519
internal_weight=1461 148 1313 67 1246 1036 210 44 1015 128 108 991 88 45 43 903 864 196 668 78 173 150 130 67 48 53 63 39 40
internal_count=1461 148 1313 67 1246 1036 210 44 1015 128 108 991 88 45 43 903 864 196 668 78 173 150 130 67 48 53 63 39 40
is_linear=0
shrinkage=0.129519


Tree=78
num_leaves=30
num_cat=0
split_feature=15 1 11 15 0 15 0 0 12 12 1 0 12 11 26 1 9 9 14 26 0 2 16 12 16 18 11 10 2
split_gain=1.3689 4.00855 1.81371 1.39364 2.84861 1.35941 2.01667 1.7666 1.16382 1.61851 1.87628 2.10934 1.55715 2.15571 1.40829 1.7117 1.1786 2.46447 3.26586 1.35539 2.75048 1.29583 0.835775 2.18225 2.5 1.34444 1.09394 0.463409 0.4
threshold=0.94908416543986196 21.500000000000004 0.76140650896573492 0.91593490216309192 2.5000000000000004 0.99049901459377832 2.5000000000000004 2.5000000000000004 -0.99763124042248752 -0.96687281075841669 7.5000000000000009 3.5000000000000004 -0.77245419167776552 0.57075747273004163 -18.499999999999996 15.500000000000002 0.81428061195174062 0.88220160189607266 0.98484943023723592 8.5000000000000018 3.5000000000000004 50.500000000000007 0.63587493146015672 -0.94139465211055529 0.82168292725986303 1.0000000180025095e-35 -0.34235511113144612 -0.23537842981696172 28.500000000000004
decision_type=2 2 2 2 2 2 2 2 2 2 2 2 2 2 2 2 2 2 2 2 2 2 2 2 2 2 2 2 2
left_child=3 -2 5 8 -5 7 -7 -3 -1 10 -10 -12 13 22 15 -14 19 18 -18 21 -21 -16 25 24 -24 -11 -25 -27 -8
right_child=1 2 -4 4 -6 6 28 -9 9 12 11 -13 14 -15 16 -17 17 -19 -20 20 -22 -23 23 26 -26 27 -28 -29 -30
leaf_value=-0.0007080820513903842 -0.0023433112991923704 -0.00023863417966708001 -0.00085813897880646767 0.0011757827441511684 -0.00015449281190069015 0.001288165781039706 -0.0020172999935164468 0.0012399930422825947 -0.00015466265988391985 -0.00020837834242212676 0.0036733706159472615 7.9803965995349309e-06 -0.00022382553788042204 -0.0025827398196795301 0.00013532388637073003 0.0012679044107186839 -0.015965805468509894 0.0017475052787927869 -0.00019942394860348591 -0.0092387181948794736 0.0029754316913848133 -0.0012137149612938736 0.0036433707353130361 -2.3783795817374218e-05 -0.003729900995200027 0.00076264086247119351 -0.0030464953867844228 0.011661637682424253 -0.0002262206070430477
leaf_weight=32 23 19 20 19 25 24 20 22 30 32 31 27 28 20 743 25 19 21 20 35 25 57 20 20 20 21 24 19 20
leaf_count=32 23 19 20 19 25 24 20 22 30 32 31 27 28 20 743 25 19 21 20 35 25 57 20 20 20 21 24 19 20
internal_value=-0.000443255 -0.0122518 -0.00310846 0.000887793 0.0235489 0.00370055 -0.00809495 0.022113 0.000102064 0.00073293 0.0176617 0.0312632 -0.000563617 -0.0117745 0.00146425 0.0219938 0.000281563 -0.0172692 -0.036531 0.00150604 -0.0172692 0.00291418 -0.00664201 -0.0154189 0.00647596 0.00359775 -0.0353234 0.0194279 -0.0259038
internal_weight=1461 148 125 1313 44 105 64 41 1269 1237 88 58 1149 176 973 53 920 60 39 860 60 800 156 84 40 72 44 40 40
internal_count=1461 148 125 1313 44 105 64 41 1269 1237 88 58 1149 176 973 53 920 60 39 860 60 800 156 84 40 72 44 40 40
is_linear=0
shrinkage=0.129519


Tree=79
num_leaves=22
num_cat=1
split_feature=14 26 1 5 5 1 26 15 2 1 15 13 26 5 19 10 11 15 5 26 26
split_gain=1.2009 0.967171 3.04211 2.17905 1.14525 1.05068 1.05219 0.815577 2.07245 1.24332 2.74173 1.43899 1.37443 3.11286 1.25587 1.1845 1.4829 1.15543 1.10592 1.06972 0.4
threshold=0.99895983886342388 6.5000000000000009 7.5000000000000009 28.500000000000004 36.500000000000007 23.500000000000004 20.500000000000004 0.94908416543986196 30.500000000000004 16.500000000000004 -0.84080672043737914 -0.99866344543967311 -10.499999999999998 82.500000000000014 0 -0.91595872546125101 -0.69057042736241547 -0.98292201184843975 297.50000000000006 -12.499999999999998 -20.499999999999996
decision_type=2 2 2 2 2 2 2 2 2 2 2 2 2 2 9 2 2 2 2 2 2
left_child=1 3 -3 -1 -5 6 -4 9 15 11 -11 -6 20 -14 19 -9 -17 -16 -10 -13 -12
right_child=-2 2 5 4 7 -7 -8 8 18 10 12 14 13 -15 17 16 -18 -19 -20 -21 -22
leaf_value=-0.0034028196230980333 0.0016881535381394995 -0.012761569380235564 0.0018061508326483369 0.0020965004735740227 0.00026752320866607718 -9.363385153109221e-05 0.00082749996535280246 -0.00015617700095378435 -0.0043289825473529194 0.00051912976003319654 0.00017768176476582761 -0.0016294650960817112 -0.0030577928337935426 0.00017458985527052238 0.0012156975372624925 -0.00055517265531232723 0.00032705914804517474 -0.00069219421306411727 -0.00015160527177388678 3.4246612581840559e-06 0.008693491840668954
leaf_weight=28 21 19 32 23 23 22 22 24 21 20 20 43 29 424 20 20 27 126 20 457 20
leaf_count=28 21 19 32 23 23 22 22 24 21 20 20 43 29 424 20 20 27 126 20 457 20
internal_value=8.8651e-05 -0.000359775 0.0122702 -0.00125186 -0.00049172 0.0238588 0.033579 -0.00100092 -0.0115642 0 0.00479701 -0.00367842 0.00288988 0.000857743 -0.00481186 0.00182421 0.0137786 -0.0149445 -0.034749 -0.00152375 0.0259038
internal_weight=1461 1440 95 1345 1317 76 54 1294 112 1182 513 669 493 453 646 71 47 146 41 500 40
internal_count=1461 1440 95 1345 1317 76 54 1294 112 1182 513 669 493 453 646 71 47 146 41 500 40
cat_boundaries=0 1
cat_threshold=156
is_linear=0
shrinkage=0.129519


Tree=80
num_leaves=21
num_cat=1
split_feature=5 26 26 26 14 1 14 17 14 14 14 15 19 12 12 1 11 1 0 10
split_gain=1.20523 2.05713 3.67794 1.57235 1.69394 1.34161 0.931443 1.73121 3.88154 1.6798 2.34443 1.86667 1.29784 2.13254 2.19395 1.32703 1.75584 1.58328 1.14966 0.642857
threshold=26.500000000000004 9.5000000000000018 17.500000000000004 4.5000000000000009 0.9953013416090124 12.500000000000002 0.93081762381485633 1.0000000180025095e-35 0.9716298204432684 0.836143665535245 0.79904511833467096 -0.53948791442211719 0 0.28313832663901295 0.080548817997453323 28.500000000000004 -0.091260668982868137 27.500000000000004 2.5000000000000004 -0.61236746317008228
decision_type=2 2 2 2 2 2 2 2 2 2 2 2 9 2 2 2 2 2 2 2
left_child=1 -1 -3 4 6 -4 9 8 -8 10 12 -11 13 14 -2 17 -17 -14 -9 -13
right_child=3 2 5 -5 -6 -7 7 18 -10 11 -12 19 15 -15 -16 16 -18 -19 -20 -21
leaf_value=-0.0020395420030133839 0.00024872821549957438 0.0023561252063392362 0.0010170863677079797 -0.0015122860153552922 0.00079906022846309229 -0.0075652414105077921 -0.0024305814821678354 -0.00022210911111786804 0.0044904635567149694 -0.00027654850393637678 -0.0020011525539424774 0.0011454733707168001 -1.6177897828604487e-05 0.0017013723400620601 -0.0026840023748629102 -0.00011361941323319094 -0.00058733268265521868 0.0019472032936266165 -0.0043707597963105194 0.00093569426219072415
leaf_weight=33 238 25 25 24 36 21 24 21 26 24 28 28 722 27 24 35 20 24 28 28
leaf_count=33 238 25 25 24 36 21 24 21 26 24 28 28 722 27 24 35 20 24 28 28
internal_value=0.00150707 0.0149445 0.0273632 0.000477226 0.0010688 0.00563127 0.000299582 -0.0117745 0.00518077 0.00129735 0 0.0194279 0.000950599 0.00823031 0.00494348 -0.00175673 -0.021194 -0.000347236 -0.0290757 0.0323798
internal_weight=1461 104 71 1357 1333 46 1297 99 50 1198 1118 80 1090 289 262 801 55 746 49 56
internal_count=1461 104 71 1357 1333 46 1297 99 50 1198 1118 80 1090 289 262 801 55 746 49 56
cat_boundaries=0 1
cat_threshold=113
is_linear=0
shrinkage=0.129519


Tree=81
num_leaves=34
num_cat=0
split_feature=14 15 16 23 16 16 0 10 15 1 0 15 0 15 11 14 15 0 14 12 0 11 15 10 1 2 16 12 0 1 11 11 1
split_gain=1.13266 0.746531 2.78321 1.69394 1.63378 2.43905 2.4382 3.20853 2.45023 1.38088 2.67285 1.38367 1.60952 2.1 1.61186 1.33559 1.10141 2.51905 3.36623 3.14014 2.51004 4.27522 6.09195 2.85707 1.74883 5.40632 1.98252 1.20285 1.18519 0.880931 3.26155 2.10069 0.188811
threshold=0.99895983886342388 0.40319675393412696 0.881173318416695 1.0000000180025095e-35 0.81304046271159391 0.76002003530985418 4.5000000000000009 -0.86974577485258975 0.6523422256022039 2.5000000000000004 2.5000000000000004 0.17964446838920581 3.5000000000000004 0.32612888491727238 0.10837544681456417 0.11905625277418271 -0.24997966872820673 1.0000000180025095e-35 0.041917749823953861 -0.08483409338746474 1.0000000180025095e-35 0.19336742136696441 -0.78590998259564904 -0.95242240592625282 26.500000000000004 34.500000000000007 0.87501700724600806 1.0000000180025095e-35 3.5000000000000004 6.5000000000000009 -0.78326178756187226 -0.878119045158818 20.500000000000004
decision_type=2 2 2 2 2 2 2 2 2 2 2 2 2 2 2 2 2 2 2 2 2 2 2 2 2 2 2 2 2 2 2 2 2
left_child=1 9 3 4 5 6 29 -8 -9 10 -1 16 13 15 -14 -13 20 -18 19 -19 21 22 -11 32 26 -26 -25 -20 -21 31 -31 -3 -22
right_child=-2 2 -4 -5 -6 -7 7 8 -10 11 -12 12 14 -15 -16 -17 17 18 27 28 23 -23 -24 24 25 -27 -28 -29 -30 30 -32 -33 -34
leaf_value=-0.0039885559846704879 0.0013660117351673366 -0.0017971165814054722 0.00073781446415109846 0.00095240771558494032 -0.00091372140638192414 0.0024554084827612122 -0.0015550968662744926 -0.0049511456252102869 0.0013145064303998748 0.00025639570256543647 9.2122034589889441e-06 -0.00060705252364327833 -0.00061830563315633464 7.1939268340732491e-05 0.00075797410809949834 -0.0011876401025212526 0.0035097872249514393 0.0054214506407772719 -0.00082531968858215834 -0.0009900671271704433 0.00025104418774400298 0.00064416411494641818 -0.0076556310646377418 -5.280049173399661e-05 -0.00045078711957359448 0.0039478855625752346 -0.0040386430206276478 -5.2957408321926016e-05 0.00088626401074216334 0.0019265053184954496 -0.00013142967307552022 -0.0002225650865779577 0.00304076085858329
leaf_weight=24 21 23 20 34 24 19 23 24 78 19 29 21 23 30 19 19 28 23 26 27 22 37 26 352 39 37 21 37 27 33 216 34 26
leaf_count=24 21 23 20 34 24 19 23 24 78 19 29 21 23 30 19 19 28 23 26 27 22 37 26 352 39 37 21 37 27 33 216 34 26
internal_value=0.000975161 0.000539663 0.00441543 0.00254959 0.000546494 0.00230256 0.000300508 0.0155423 0.0253959 -0.0017042 -0.0219938 -0.000452337 -0.0138771 -0.0259038 0.00616758 -0.0453317 0.00156047 0.0107933 0.00370055 0.0218669 -0.00111847 -0.022113 -0.0489295 0.00234542 -0.000865384 0.017042 -0.00451407 -0.0185027 0.00479701 -0.00592571 -0.00260079 -0.0204504 0.0323798
internal_weight=1461 1440 528 508 474 450 431 125 102 912 53 859 112 70 42 40 747 168 140 77 579 82 45 497 449 76 373 63 54 306 249 57 48
internal_count=1461 1440 528 508 474 450 431 125 102 912 53 859 112 70 42 40 747 168 140 77 579 82 45 497 449 76 373 63 54 306 249 57 48
is_linear=0
shrinkage=0.129519


Tree=82
num_leaves=14
num_cat=0
split_feature=8 14 26 5 5 26 14 26 26 26 13 2 14
split_gain=1.60217 3.89797 1.17435 1.25794 1.0965 0.802674 3.89181 1.89723 1.16299 1.10045 1.2113 2.11481 1.02585
threshold=1.0000000180025095e-35 -0.048361937605030693 21.500000000000004 10.500000000000002 20.500000000000004 -16.499999999999996 -0.87603971526095259 -10.499999999999998 -25.499999999999996 -3.4999999999999996 0.9916835347852474 22.500000000000004 -0.93079825625447066
decision_type=2 2 2 2 2 2 2 2 2 2 2 2 2
left_child=2 -2 3 -1 -5 6 8 -7 -6 -9 12 -12 -11
right_child=1 -3 -4 4 5 7 -8 9 -10 10 11 -13 -14
leaf_value=-0.0012849287011872975 0.00030302137099576416 -0.00086205180277648728 0.0014275211475010311 0.0009261884487046149 0.0077667356760106731 0.0035075404054511566 -0.0073705330579374607 -0.00046547799973251775 -0.00072093203791753465 -0.00032498189531303168 0.00078126945638989215 -0.00056856436876410012 5.0208378027693598e-05
leaf_weight=23 23 25 35 28 21 23 19 27 22 121 23 21 1050
leaf_count=23 23 25 35 28 21 23 19 27 22 121 23 21 1050
internal_value=0.00168437 -0.0215865 0.00247489 0.00187981 0.00238965 0.00185446 -0.0125341 0.00255967 0.00903622 0.00187709 0.0024518 0.0235489 0.00165908
internal_weight=1461 48 1413 1378 1355 1327 62 1265 43 1242 1215 44 1171
internal_count=1461 48 1413 1378 1355 1327 62 1265 43 1242 1215 44 1171
is_linear=0
shrinkage=0.129519


Tree=83
num_leaves=16
num_cat=0
split_feature=14 13 14 1 1 10 12 1 15 12 26 12 5 0 26
split_gain=1.11925 0.856964 0.884743 1.89552 2.58534 3.42857 2.44577 1.88247 1.76282 1.06318 2.14011 2.01682 1.24072 1.05 0.934562
threshold=0.99895983886342388 0.99897542822295915 0.98899263613956456 29.500000000000004 28.500000000000004 -0.03976928634766979 0.44313120970497338 27.500000000000004 -0.27074049010966222 0.98005052076767474 9.5000000000000018 0.98993709428380428 26.500000000000004 2.5000000000000004 17.500000000000004
decision_type=2 2 2 2 2 2 2 2 2 2 2 2 2 2 2
left_child=1 2 3 4 7 -6 -5 9 -9 10 12 -11 -1 -4 -12
right_child=-2 -3 13 6 5 -7 -8 8 -10 11 14 -13 -14 -15 -16
leaf_value=-0.002603106896886948 0.0011825841155570908 -0.00046553380646614329 -0.0020852825031075556 0.0011475011701518735 0.00067739068964112453 -0.0013367445957276325 -0.00026018301761174609 0.0026702243241020249 -0.00030866619724128995 -0.0041394225399159403 0.0011462437547019434 0.0004373109441365078 2.5592118770426516e-05 0.00033883991358183156 0.00060490179072662429
leaf_weight=21 21 20 20 27 21 21 21 26 22 22 27 31 1098 28 35
leaf_count=21 21 20 20 27 21 21 21 26 22 22 27 31 1098 28 35
internal_value=0.00115246 0.000719551 0.00109453 0.00169923 0.000782593 -0.0308379 0.0269832 0.00181852 0.0269832 0.00083967 0.00164504 -0.0171063 0.000347236 -0.0161899 0.0250682
internal_weight=1461 1440 1420 1372 1324 42 48 1282 48 1234 1181 53 1119 48 62
internal_count=1461 1440 1420 1372 1324 42 48 1282 48 1234 1181 53 1119 48 62
is_linear=0
shrinkage=0.129519


Tree=84
num_leaves=23
num_cat=0
split_feature=8 1 0 13 1 16 14 14 16 16 23 10 0 13 16 16 13 14 14 10 0 1
split_gain=3.11892 3.45832 2.14286 1.9109 2.15838 2.2881 1.20325 1.09318 1.05217 2.20443 2.0641 2.02672 1.93651 2.78073 1.86385 2.17285 1.63802 1.61863 1.62287 1.43944 1.13952 1.77792
threshold=1.0000000180025095e-35 29.500000000000004 3.5000000000000004 -0.95628930279329516 4.5000000000000009 -0.44311584263479492 0.99895983886342388 0.15738683996405176 0.77108682076304746 0.81304046271159391 1.0000000180025095e-35 -0.03976928634766979 5.5000000000000009 0.84659719826762914 0.881173318416695 0.91511078773075594 0.55657263146136149 0.97459910280005768 0.90254336016595926 -0.62587551141915865 4.5000000000000009 23.500000000000004
decision_type=2 2 2 2 2 2 2 2 2 2 2 2 2 2 2 2 2 2 2 2 2 2
left_child=1 3 -2 4 5 -1 8 -6 10 -10 12 20 17 19 -13 -16 -12 18 -5 -14 21 -11
right_child=2 -3 -4 6 7 -7 -8 -9 9 11 16 14 13 -15 15 -17 -18 -19 -20 -21 -22 -23
leaf_value=0.0030413299836729397 -6.2642361765327534e-05 0.0019538981279254731 -0.0020668266590490808 -6.8290393616194026e-05 -0.0016722912061543219 -0.00040766705442949218 0.0010294168308357964 -0.00025592644318487705 0.0020522135956322208 0.00048956846963575131 -4.0100172356910407e-05 -0.0020249375005713223 -5.5916025633461619e-05 -0.0016149867788386807 0.0006463257349572911 -0.00044947290918659702 0.0022850486896596519 0.0016804390684305786 -0.0013300057163694596 0.0017163501938029303 -0.0061117786017832231 0.0018734040971821293
leaf_weight=20 28 28 20 727 37 28 19 31 32 45 20 28 29 21 20 65 23 32 60 85 31 32
leaf_count=20 28 28 20 727 37 28 19 31 32 45 20 28 29 21 20 65 23 32 60 85 31 32
internal_value=8.8651e-05 0.00119161 -0.0323798 0.000280547 -0.0156316 0.00539663 0.00173509 -0.0304751 0.00124338 0.00870287 -0.000649544 0.00410242 -0.0019007 0.0124722 -0.00802331 0.00152375 0.0271087 -0.00426986 -0.00543092 0.0204504 0.0167895 0.025231
internal_weight=1461 1413 48 1385 116 48 1269 68 1250 253 997 221 954 135 113 85 43 819 787 114 108 77
internal_count=1461 1413 48 1385 116 48 1269 68 1250 253 997 221 954 135 113 85 43 819 787 114 108 77
is_linear=0
shrinkage=0.129519


Tree=85
num_leaves=21
num_cat=0
split_feature=12 12 9 16 12 2 1 16 11 1 9 16 1 15 10 5 1 14 1 15
split_gain=1.24442 1.85574 1.90542 1.72894 1.97203 1.2355 1.13626 1.22299 3.01727 2.18314 1.19459 1.64963 1.06103 3.64844 2.37885 1.84837 1.37434 1.46606 1.3037 1.02467
threshold=-0.99763124042248752 -0.99054309756674508 0.99374995976406788 0.77108682076304746 -0.91597566659893348 51.500000000000007 1.5000000000000002 -0.031174269516804496 -0.67803021058859214 14.500000000000002 -0.86976336936302323 -0.082691941062252985 10.500000000000002 0.48314495079116865 0.14888728888808322 174.50000000000003 5.5000000000000009 -0.20812201737948546 25.500000000000004 -0.91595184315390066
decision_type=2 2 2 2 2 2 2 2 2 2 2 2 2 2 2 2 2 2 2 2
left_child=-1 -2 3 4 -3 12 -6 10 -9 -10 19 -12 13 16 15 -14 -5 -18 -17 -8
right_child=1 2 -4 5 6 -7 7 8 9 -11 11 -13 14 -15 -16 18 17 -19 -20 -21
leaf_value=-0.00058546875012927566 0.0024429170768316419 -0.00095072119807109552 -0.00031984293465358806 -0.00010866144966560852 0.00058690128627879247 -0.0013981185932395305 9.9601223936106377e-05 0.0010516591213625001 -0.0020654564144310899 0.00020880507266196911 -2.3745777428214863e-05 -0.0027885594605463119 -0.0021286745496948817 -0.00099453581051399246 0.0028633305888010776 0.0014277810508234365 0.00034365796618357518 0.0043237088481767952 3.9026872205497532e-05 -0.00034226892002516115
leaf_weight=32 32 32 20 36 32 33 20 28 103 261 613 20 19 23 20 33 27 19 27 31
leaf_count=32 32 32 20 36 32 33 20 28 103 261 613 20 19 23 20 33 27 19 27 31
internal_value=0.000975161 0.00154082 0.000834411 0.00141088 -0.00068168 0.0114764 0.000233789 -0.000481484 0.0052865 0.00213493 -0.00378711 -0.00225073 0.0152375 0.00616758 0.0248572 0.0147553 0.018954 0.0337876 0.0259038 -0.0228563
internal_weight=1461 1429 1397 1377 1140 237 1108 1076 392 364 684 633 204 105 99 79 82 46 60 51
internal_count=1461 1429 1397 1377 1140 237 1108 1076 392 364 684 633 204 105 99 79 82 46 60 51
is_linear=0
shrinkage=0.129519


Tree=86
num_leaves=15
num_cat=0
split_feature=14 10 16 12 26 26 0 15 16 15 1 1 12 0
split_gain=1.21479 1.00716 0.904773 1.90134 1.22904 2.47195 1.12937 2.48695 4.39591 3.84 1.98756 1.19892 0.565657 0.558086
threshold=0.99895983886342388 -0.98801846520836334 0.99219613630290149 -0.99467580659249177 25.500000000000004 19.500000000000004 5.5000000000000009 -0.40024185687888814 0.72548369714581973 -0.71201091358925084 1.5000000000000002 13.500000000000002 0.99274945289872141 3.5000000000000004
decision_type=2 2 2 2 2 2 2 2 2 2 2 2 2 2
left_child=1 12 3 -3 5 6 10 9 -9 -8 -5 -12 13 -1
right_child=-2 2 -4 4 -6 -7 7 8 -10 -11 11 -13 -14 -15
leaf_value=0.00034195920006896278 0.0008991631748405868 0.0021265125432893325 -0.00050963933760228217 0.00076610489032449564 -0.017959254022981198 0.0043390637412359812 0.00018165904166187119 0.00016324884331069916 -0.0078503029423145441 0.0051550000364739409 -0.00031488716127404172 -1.3160500625128957e-05 0.00017772566851858231 3.3972145046415084e-05
leaf_weight=25 21 20 36 22 19 21 50 89 19 25 408 659 28 19
leaf_count=25 21 20 36 22 19 21 50 89 19 25 408 659 28 19
internal_value=-8.8651e-05 -0.000539663 -0.00132549 -0.000777893 -0.00138206 -0.000901525 -0.00162917 0.0077853 -0.00479701 0.0259038 -0.00321122 -0.00400575 0.014391 0.0235489
internal_weight=1461 1440 1368 1332 1312 1293 1272 183 108 75 1089 1067 72 44
internal_count=1461 1440 1368 1332 1312 1293 1272 183 108 75 1089 1067 72 44
is_linear=0
shrinkage=0.129519


Tree=87
num_leaves=19
num_cat=1
split_feature=26 12 12 13 13 13 10 0 0 11 0 12 14 14 13 19 0 11
split_gain=1.81148 1.09133 1.53507 0.897271 1.5963 1.57407 1.21528 1.13333 1.01694 0.9 0.828702 3.6847 2.41755 3.54254 1.17724 1.12787 3.17368 1.51405
threshold=21.500000000000004 -0.99763124042248752 -0.99273797715557011 -0.95628930279329516 -0.91072037282037865 -0.97876397852965813 -0.11692317777808839 4.5000000000000009 2.5000000000000004 0.14250626876356548 5.5000000000000009 0.92763104771667149 0.89691351184655443 0.58306623471453534 -0.88820297090204903 0 1.0000000180025095e-35 0.94135275643221283
decision_type=2 2 2 2 2 2 2 2 2 2 2 2 2 2 2 9 2 2
left_child=1 -1 -3 5 6 7 -5 8 -4 -7 14 12 13 -12 -6 16 -16 -17
right_child=-2 2 3 4 10 9 -8 -9 -10 -11 11 -13 -14 -15 15 17 -18 -19
leaf_value=-0.00044363128582752842 0.0023371833502781789 0.0021546939600717062 1.1213809436763812e-05 -0.00015907186500536971 -0.0058030773676252083 -0.0017735830798910539 0.0025765918807009267 0.0022896357494537369 -0.0014118380282400426 -2.0490631265215263e-05 0.00037610349573547689 -0.0017175086893987384 0.0024247522217242532 -0.0005648187799834161 -0.00044268153197760351 -3.8021487202827832e-05 0.00048257649191363864 -0.00036340052442403512
leaf_weight=32 36 24 29 28 19 20 36 20 19 20 101 21 21 27 29 733 150 96
leaf_count=32 36 24 29 28 19 20 36 20 19 20 101 21 21 27 29 733 150 96
internal_value=8.8651e-05 -0.000636234 -9.29786e-05 -0.00066226 0.000308134 -0.0119925 0.0202374 0 -0.0107933 -0.0323798 -0.000757422 0.00761877 0.0147774 0.00809495 -0.00214394 -0.00154189 0.00753815 -0.00355058
internal_weight=1461 1425 1393 1369 1261 108 64 68 48 40 1197 170 149 128 1027 1008 179 829
internal_count=1461 1425 1393 1369 1261 108 64 68 48 40 1197 170 149 128 1027 1008 179 829
cat_boundaries=0 1
cat_threshold=100
is_linear=0
shrinkage=0.129519


Tree=88
num_leaves=17
num_cat=1
split_feature=8 2 1 20 0 13 13 13 13 5 15 0 1 0 11 11
split_gain=1.48242 3 1.16855 0.751109 2.89204 1.2081 1.32757 2.19403 1.84796 2.42395 0.880709 1.42043 0.870777 0.854185 5.49128 1.18938
threshold=1.0000000180025095e-35 26.500000000000004 29.500000000000004 0 3.5000000000000004 -0.99866344543967311 -0.96351521935644713 -0.91597301953928589 -0.97603817029354423 214.50000000000003 -0.99323793665845683 2.5000000000000004 9.5000000000000018 5.5000000000000009 0.75011860976965206 0.99351232050787985
decision_type=2 2 2 9 2 2 2 2 2 2 2 2 2 2 2 2
left_child=2 -2 3 4 -1 -5 8 12 9 -7 11 -9 -8 15 -15 -12
right_child=1 -3 -4 5 -6 6 7 10 -10 -11 13 -13 -14 14 -16 -17
leaf_value=0.00072215928256667275 -0.0016736293232576685 0.00016548144463509492 0.0012754345670199954 0.00048856429434269554 -0.0028407754144679524 -0.0016889314559879107 0.0037995164579483981 -0.0020919573303358665 -0.0038960004375585533 0.0012247030697230214 2.1763174388033072e-05 0.0060896148680616574 0.00037839116481935543 -6.5606253993171e-05 0.0022202599814817162 -0.00055082261788864158
leaf_weight=33 24 24 28 19 25 22 22 23 22 31 934 25 36 131 30 32
leaf_count=33 24 24 28 19 25 22 22 23 22 31 934 25 36 131 30 32
internal_value=0.000797859 -0.0215865 0.00155826 0.00102867 -0.0133985 0.00165925 0.00118825 0.00220592 -0.0155423 -0.00244376 0.000992062 -0.0161899 0.0267971 0.00172386 0.0104581 0.000268156
internal_weight=1461 48 1413 1385 58 1327 1308 1233 75 53 1175 48 58 1127 161 966
internal_count=1461 48 1413 1385 58 1327 1308 1233 75 53 1175 48 58 1127 161 966
cat_boundaries=0 1
cat_threshold=1
is_linear=0
shrinkage=0.129519


Tree=89
num_leaves=17
num_cat=0
split_feature=12 12 26 26 0 26 10 0 5 10 0 10 14 14 5 9
split_gain=1.17552 1.94403 1.17868 3.16422 1.52381 1.0187 1.07654 3.08338 2.63158 1.81301 2.91667 1.29995 1.26049 3.17342 1.06667 0.70551
threshold=-0.99763124042248752 -0.99054309756674508 -18.499999999999996 -13.499999999999998 2.5000000000000004 21.500000000000004 -0.84313311835787952 1.0000000180025095e-35 184.50000000000003 -0.78324956448884031 2.5000000000000004 -0.87810534180523914 -0.87603971526095259 -0.79902849257019848 303.50000000000006 0.30983042691905766
decision_type=2 2 2 2 2 2 2 2 2 2 2 2 2 2 2 2
left_child=-1 -2 4 -4 -3 6 7 8 -5 10 -8 15 14 -14 -11 -9
right_child=1 2 3 5 -6 -7 9 11 -10 12 -12 -13 13 -15 -16 -17
leaf_value=-0.00044945097071773585 0.0015978012555052216 0.0043796427059756586 -0.0018219257474186093 -0.0013758803196134424 -0.0031642782025892218 0.0020316546109416102 -0.0019043376124619552 0.00022597635812374842 3.2380506366225329e-05 -0.0017534671736907088 0.00036403686457946351 0.0003768323395899786 0.00044608209979558503 -1.7367169625972704e-05 -0.00010761998155283833 -0.00081218652618732289
leaf_weight=32 32 24 20 19 32 36 20 162 19 60 28 26 32 833 48 38
leaf_count=32 32 24 20 19 32 36 20 162 19 60 28 26 32 833 48 38
internal_value=0.000265953 0.000815726 9.27123e-05 -0.000676088 0.0185027 9.80463e-05 -0.000503966 0.00686844 -0.0272672 -0.00241025 -0.0269832 0.0126081 -0.00119802 0.000449199 -0.014391 0.00906634
internal_weight=1461 1429 1397 1341 56 1321 1285 264 38 1021 48 226 973 865 108 200
internal_count=1461 1429 1397 1341 56 1321 1285 264 38 1021 48 226 973 865 108 200
is_linear=0
shrinkage=0.129519


Tree=90
num_leaves=21
num_cat=0
split_feature=14 16 26 14 12 14 16 16 26 26 5 23 0 1 13 14 14 16 13 14
split_gain=1.15348 2.24684 2.19271 1.41887 1.40669 1.22586 1.19065 1.85906 1.50273 2.45598 2.16667 1.42949 2.09373 4.03916 2.04241 1.12249 1.93536 1.41942 2.35111 1.52039
threshold=-0.0032254488771075993 0.99083579680342215 21.500000000000004 0.9953013416090124 -0.99467580659249177 0.98700317879589627 -0.99465740988130913 -0.974133491899698 -18.499999999999996 -7.4999999999999991 60.500000000000007 1.0000000180025095e-35 1.0000000180025095e-35 18.500000000000004 -0.91072037282037865 0.97459910280005768 0.95043692734339424 0.88522326341139235 -0.32003757145143863 0.93081762381485633
decision_type=2 2 2 2 2 2 2 2 2 2 2 2 2 2 2 2 2 2 2 2
left_child=4 2 3 5 -1 15 -6 -8 10 -10 -9 12 13 -11 -14 16 17 19 -19 -2
right_child=1 -3 -4 -5 6 -7 7 8 9 11 -12 -13 14 -15 -16 -17 -18 18 -20 -21
leaf_value=0.0013374420308756877 -2.0252999070219172e-05 -0.000701128674271981 0.0022030210314120196 0.00066931389308257062 0.00023014318424097979 -0.0016340966675915183 -0.0058801083209820163 0.0039298619297735609 -0.00069440776734653535 9.0582774352577429e-05 -0.00055350566859100182 0.0004443841862862897 0.00044897681339328211 -0.0045714321099139385 0.00011272470160760822 0.0065267357820282552 -0.0020434639118229857 -0.00023991163312134063 0.0035260677068154308 -0.0027505903982593398
leaf_weight=20 483 33 32 32 24 24 24 24 32 45 26 27 75 33 398 29 35 20 25 20
leaf_count=20 483 33 32 32 24 24 24 24 32 45 26 27 75 33 398 29 35 20 25 20
internal_value=0.00132977 -0.00229707 -0.000740109 -0.00232669 0.00498151 -0.00366564 0.00402461 0.00302969 0.0043173 0.00254792 0.0259038 0.00448163 0.00305581 -0.016605 0.00629797 -0.00253959 -0.00377672 -0.00189079 0.0201474 -0.0038624
internal_weight=1461 733 700 668 728 636 708 684 660 610 50 578 551 78 473 612 583 548 45 503
internal_count=1461 733 700 668 728 636 708 684 660 610 50 578 551 78 473 612 583 548 45 503
is_linear=0
shrinkage=0.129519


Tree=91
num_leaves=30
num_cat=1
split_feature=10 16 16 1 14 10 0 0 12 15 14 1 1 16 26 11 0 1 9 0 20 5 15 11 12 5 0 9 12
split_gain=1.44041 1.76254 1.6289 1.6 1.38073 1.30472 1.86667 1.44361 4.66072 3.16092 3 1.35694 1.72655 1.06668 1.05116 0.986113 0.9 0.831497 1.58391 1.00413 1.98661 1.7415 1.36059 0.821202 1.33396 0.810965 0.818797 1.72857 0.7
threshold=-0.84313311835787952 0.99083579680342215 0.97364535107754568 27.500000000000004 -0.041918622026438042 -0.78324956448884031 2.5000000000000004 1.0000000180025095e-35 -0.79384213008979243 -0.16269619562609419 0.66366580851556523 1.5000000000000002 3.5000000000000004 0.93315378651429237 20.500000000000004 -0.83377653105606597 3.5000000000000004 13.500000000000002 0.24372619187392147 1.5000000000000002 0 196.50000000000003 0.96849152875596634 -0.89405649444168434 0.029024409397335454 190.50000000000003 1.5000000000000002 1.0000000180025095e-35 -0.99864786094873803
decision_type=2 2 2 2 2 2 2 2 2 2 2 2 2 2 2 2 2 2 2 2 9 2 2 2 2 2 2 2 2
left_child=4 2 5 -4 17 6 -2 8 -7 10 -10 -9 15 14 -14 -13 -15 25 19 -19 21 -21 -22 -11 -25 26 -1 -28 -3
right_child=1 28 3 -5 -6 7 -8 11 9 23 -12 12 13 16 -16 -17 -18 18 -20 20 22 -23 -24 24 -26 -27 27 -29 -30
leaf_value=0.0004663958106953491 -0.0016550662800549406 -0.00020184346164702922 -0.00081158776944812371 0.0028846996970419122 0.0003220369088097906 -0.0032262246883228785 0.00031951027190967773 0.00093897065236672663 -0.0010851101285788884 0.0010774210209978775 0.0019769971721864356 -0.0004233754725835009 -3.9395818326908282e-05 0.0022538109693693372 -0.0019462784827137054 -0.01302599873508613 0.00088569462193763715 -0.00028487187932155965 0.00016516421859351341 0.0020182514682121392 0.00038521589678664099 -0.0014885291829848202 0.011942368786184572 0.0066196066120694438 0.0014495489925484258 -0.00064417635610089833 0.0012259275185849178 -0.0011512867050515309 -0.0006381847151279282
leaf_weight=20 20 24 20 20 28 36 28 21 30 19 20 19 789 20 21 22 20 33 19 28 20 21 19 20 27 20 20 36 21
leaf_count=20 20 24 20 20 28 36 28 21 30 19 20 19 789 20 21 22 20 33 19 28 20 21 19 20 27 20 20 36 21
internal_value=0.00115246 -0.000757422 0.00022486 0.0259038 0.00981206 -0.000698844 -0.0215865 0.000243457 0.0119294 0.024564 0 -0.0017042 -0.00247118 -0.001219 -0.0022386 -0.028431 0.0194279 0.00658572 0.0129519 0.00749284 0.0147181 -0.00264325 0.036531 0.043173 0.0523588 -0.00269832 0.0034084 -0.00462568 -0.0259038
internal_weight=1461 1197 1152 40 264 1112 48 1064 152 116 50 912 891 850 810 41 40 236 140 121 88 49 39 66 47 96 76 56 45
internal_count=1461 1197 1152 40 264 1112 48 1064 152 116 50 912 891 850 810 41 40 236 140 121 88 49 39 66 47 96 76 56 45
cat_boundaries=0 1
cat_threshold=8
is_linear=0
shrinkage=0.129519


Tree=92
num_leaves=25
num_cat=1
split_feature=10 16 12 12 1 0 19 1 11 26 26 13 0 11 1 1 1 16 15 15 15 15 0 1
split_gain=0.977748 1.26577 1.73518 1.00833 0.952381 1.26984 0.881774 1.49626 1.51651 1.44492 3.12021 1.82784 4.72227 1.50583 1.34072 3.79661 1.87053 1.6955 1.35407 0.780217 1.39397 0.652497 0.531401 0.498123
threshold=-0.96234030595689413 0.99219613630290149 -0.99467580659249177 0.89405287723319027 23.500000000000004 2.5000000000000004 0 24.500000000000004 0.98091558679606183 -3.4999999999999996 -26.499999999999996 0.98192675877128088 3.5000000000000004 0.96522610578843548 22.500000000000004 21.500000000000004 23.500000000000004 -0.84082858939570659 0.95938219844953287 -0.65234524191686594 0.44023743748979649 1.0000000180025095e-35 4.5000000000000009 9.5000000000000018
decision_type=2 2 2 2 2 2 9 2 2 2 2 2 2 2 2 2 2 2 2 2 2 2 2 2
left_child=3 2 -2 -1 5 -5 7 8 19 10 -8 14 -13 -12 15 18 -16 -18 -11 -4 -21 -3 -7 -22
right_child=1 21 6 4 -6 22 9 -9 -10 11 13 12 -14 -15 16 -17 17 -19 -20 20 23 -23 -24 -25
leaf_value=0.00018358261403898473 0.00084400721051812412 -0.00010480172228739222 0.00344866380013115 -0.0012698168662939071 0.0011900038544481646 0.001297529880724062 0.0015914664711599539 0.0021609161288336986 0.00050188646647732281 6.7560165549546128e-05 -0.0011458719086937788 -0.00039196840941200541 0.00042458210888329909 -0.00029216760792484287 -0.0011846319526115842 0.0057572276333687717 0.00039592823269404641 -0.00019827687352733157 -0.0021326953053799266 -0.00070217177772107149 0.00057688995696814299 -0.0023152907456756677 -0.00085763452103138451 -4.0713624358611776e-05
leaf_weight=20 20 21 21 35 28 23 24 35 24 653 28 26 19 29 36 36 21 219 19 27 23 20 22 32
leaf_count=20 20 21 21 35 28 23 24 35 24 653 28 26 19 29 36 36 21 219 19 27 23 20 22 32
internal_value=0.00132977 0.000291491 0.00100247 0.0121424 0.00719551 0 0.000407293 0.00903622 0.00305951 -0.000925137 -0.017589 0.000377607 0.0259038 -0.034084 -0.000789751 0.00219524 -0.0084469 -0.0043173 0 -0.0037724 -0.00947701 -0.022113 0.014391 0.00235489
internal_weight=1461 1333 1292 128 108 80 1272 162 127 1110 81 1029 45 57 984 708 276 240 672 103 82 41 45 55
internal_count=1461 1333 1292 128 108 80 1272 162 127 1110 81 1029 45 57 984 708 276 240 672 103 82 41 45 55
cat_boundaries=0 1
cat_threshold=48
is_linear=0
shrinkage=0.129519


Tree=93
num_leaves=32
num_cat=1
split_feature=10 8 10 15 1 1 2 1 1 1 1 0 17 16 13 0 16 13 10 15 20 13 9 15 15 26 0 15 17 13 0
split_gain=1.02629 2.08133 1.22758 1.1388 1.93072 3.39982 1.76333 1.70035 3.46667 1.56599 4.31796 1.51823 4.08333 1.28 1.09173 1.06824 2.84229 2.33029 1.86571 1.55256 1.06667 2.08333 0.961704 1.02134 2.8416 1.21337 4.65016 1.7573 0.72 0.648043 0.588936
threshold=-0.26037106507032776 1.0000000180025095e-35 -0.20180761162458913 0.94135275643221283 27.500000000000004 25.500000000000004 29.500000000000004 13.500000000000002 12.500000000000002 15.500000000000002 16.500000000000004 4.5000000000000009 1.0000000180025095e-35 0.069825392779418613 0.58568355321212728 1.0000000180025095e-35 0.93315378651429237 0.82899317702918729 0.86439018870140905 -0.16269619562609419 0 -0.5129757179017197 0.99818282439137029 0.99570013918172939 0.97580649958185817 8.5000000000000018 3.5000000000000004 0.68823599250537171 1.0000000180025095e-35 -0.38044538728672533 4.5000000000000009
decision_type=2 2 2 2 2 2 2 2 2 2 2 2 2 2 2 2 2 2 2 2 9 2 2 2 2 2 2 2 2 2 2
left_child=3 2 -2 4 5 7 13 8 20 14 -11 12 -12 -5 -9 16 17 18 19 -4 -1 -22 23 24 25 27 -27 -17 -6 -13 -23
right_child=1 -3 15 6 28 -7 -8 9 -10 10 11 29 -14 -15 -16 22 -18 -19 -20 -21 21 30 -24 -25 -26 26 -28 -29 -30 -31 -32
leaf_value=-0.0026447923463421303 -0.0051894344447328778 -0.00040560099545931751 -0.0023296943167718004 -0.00017259622219627718 0.0008658506857231492 -0.0045775730906864208 -0.0012791218491515377 0.0011212487691825402 -0.0061195589814313769 -0.00067050140198536741 5.4243765271923937e-05 -0.00074424273247335356 0.0012252157675214643 0.00017823400285068634 0.00037468123462917294 -8.37641921606524e-05 -0.0094068444140006716 0.0020205255644416501 0.0037728158165554375 0.00055471142760621101 0.0011122376294287637 -7.4341540998101513e-05 0.00039109667520449026 0.0012609112952567689 -0.00085832931386520879 -0.0076806265119400462 0.0014917200942676815 0.00020838441636591339 0.00011792713583245956 0.00037897437648588285 0.00048965493653665819
leaf_weight=24 28 28 25 25 25 24 30 19 20 19 64 19 32 25 21 478 19 19 21 28 24 136 20 20 25 31 28 83 25 20 56
leaf_count=24 28 28 25 25 25 24 30 19 20 19 64 19 32 25 21 478 19 19 21 28 24 136 20 20 25 31 28 83 25 20 56
internal_value=0.000620557 -0.00227759 -0.00109895 0.00468655 0.00686844 0.00433537 -0.00971394 0.00684683 0 0.016023 0.0100924 0.0182286 0.0269832 0.00518077 0.0388557 -0.000162508 0.0115642 0.0208902 0.0105016 -0.00244376 0.0043173 0.00719551 -0.00207987 -0.00292148 -0.00381529 -0.00208902 -0.0197572 -0.000230872 0.0310846 -0.003321 0.00269832
internal_weight=1461 853 825 608 528 478 80 454 260 194 154 135 96 50 40 797 112 93 74 53 240 216 685 665 645 620 59 561 50 39 192
internal_count=1461 853 825 608 528 478 80 454 260 194 154 135 96 50 40 797 112 93 74 53 240 216 685 665 645 620 59 561 50 39 192
cat_boundaries=0 1
cat_threshold=1
is_linear=0
shrinkage=0.129519


Tree=94
num_leaves=43
num_cat=0
split_feature=2 8 1 15 1 26 26 1 16 26 16 15 16 1 15 15 9 5 0 5 14 5 1 9 9 1 13 15 15 15 26 0 0 13 5 13 1 15 5 0 1 9
split_gain=1.59693 2.57186 1.92483 1.60869 1.30852 1.29728 3.50082 2.4 2.30769 1.67348 1.15437 1.53005 1.14502 1.62168 1.1156 2.08313 1.09766 1.56327 1.59324 1.73402 2.00306 1.30514 1.22127 1.04717 1.0978 1.10178 1.46732 2.85924 0.955257 1.1054 1.01388 1.14657 0.955026 2.64172 0.910214 0.589299 0.421053 0.401152 1.26104 0.4 0.343108 0.242915
threshold=29.500000000000004 1.0000000180025095e-35 16.500000000000004 -0.79384350655589164 28.500000000000004 -12.499999999999998 -25.499999999999996 15.500000000000002 -0.82658279560772618 -1.0000000180025095e-35 -0.46228772973389226 0.66768962270111687 -0.17223584483461449 3.5000000000000004 0.96849152875596634 0.99348475779378076 -0.82415615971448097 244.50000000000003 1.0000000180025095e-35 276.50000000000006 -0.9859468191523747 270.50000000000006 28.500000000000004 -0.69057362043749781 -0.62588817255938378 25.500000000000004 -0.9946729320988934 -0.48031983407552653 -0.70291267844185523 0.9890126429527718 6.5000000000000009 1.5000000000000002 2.5000000000000004 -0.56724474810852887 285.50000000000006 -0.52400759958441567 16.500000000000004 -0.96795400926015729 258.50000000000006 2.5000000000000004 17.500000000000004 0.90892735371523092
decision_type=2 2 2 2 2 2 2 2 2 2 2 2 2 2 2 2 2 2 2 2 2 2 2 2 2 2 2 2 2 2 2 2 2 2 2 2 2 2 2 2 2 2
left_child=1 2 5 -4 28 6 -1 8 9 -7 11 -10 -12 -14 16 -16 17 -2 -19 21 -21 37 23 32 40 26 -26 -28 -5 30 31 -30 35 -34 -22 -18 -36 -20 -39 -13 -25 -31
right_child=14 -3 3 4 -6 7 -8 -9 10 -11 12 39 13 -15 15 -17 22 18 19 20 34 -23 -24 24 25 -27 27 -29 29 41 -32 -33 33 -35 36 -37 -38 38 -40 -41 -42 -43
leaf_value=0.0007930280588670526 0.0044718091388534801 -0.00046155502373038901 0.0019124787258216578 -0.0027022263680722626 0.0061036015234613725 0.0021919971683449255 -0.008086142052436034 -0.0026281606443921152 -0.0034652215141585522 0.00043940327439879377 0.00045139349910254095 -0.00051809659199171564 0.0010361872318657614 -6.0180736423271047e-05 -0.00085878691086487794 0.00023224000475642389 -0.00043742288222484908 0.00059528547146494399 -0.0054035621247111093 -0.00053905366719529375 0.00011798499392152591 -0.00065399360232459673 -0.0012714763394525022 0.0007033722240359022 0.00033725753434418255 0.0022651249755516155 -5.2933930699471761e-06 -0.0020189943366134017 -0.00085882331861021806 -0.0014941231039392079 0.0022509336332994937 0.00015514928701311324 0.00052839815526984821 -0.0013635138577487603 0.00047936785657343622 -5.7743013785449127e-05 0.00018139464471828034 0.00083984559406446253 -0.0011738595530819494 0.00078301368469780664 0.0007534553388633446 -0.00026955398181129325
leaf_weight=19 20 25 22 21 33 19 24 25 21 31 33 20 31 200 28 25 19 33 24 20 31 21 27 21 26 24 93 39 60 19 23 145 19 35 19 23 19 24 41 20 19 20
leaf_count=19 20 25 22 21 33 19 24 25 21 31 33 20 31 200 28 25 19 33 24 20 31 21 27 21 26 24 93 39 60 19 23 145 19 35 19 23 19 24 41 20 19 20
internal_value=0.000797859 0.00463139 0.00593217 0.0132162 0.0108941 0.000292368 -0.0210845 0.00259038 0.00518077 0.0310846 0.00119556 -0.0148629 0.00490603 0.00168207 -0.0039852 -0.0219938 -0.00238645 0.00411172 0.00111654 -0.00325425 0.0101869 -0.0141294 -0.00713294 -0.00488751 0 -0.00426986 -0.00819741 -0.0137369 0.00809495 0.0101869 0.0136336 0.0107406 -0.0161899 -0.00479701 0.020648 -0.0308379 0.034084 -0.00727636 -0.0019926 0 0.0194279 -0.00996301
internal_weight=1461 811 786 343 321 443 43 400 375 50 325 61 264 231 650 53 597 252 232 199 89 110 345 318 222 182 158 132 288 267 228 205 96 54 69 42 38 89 65 40 40 39
internal_count=1461 811 786 343 321 443 43 400 375 50 325 61 264 231 650 53 597 252 232 199 89 110 345 318 222 182 158 132 288 267 228 205 96 54 69 42 38 89 65 40 40 39
is_linear=0
shrinkage=0.129519


Tree=95
num_leaves=39
num_cat=1
split_feature=19 11 11 11 0 0 15 0 14 13 1 9 14 1 14 13 1 11 26 5 0 12 5 12 0 14 5 0 14 13 0 16 13 0 11 1 1 15
split_gain=1.53924 2.78563 4.59336 3.15402 2.39117 1.64698 2.72727 1.56587 1.6199 1.42933 1.70298 1.92561 1.33675 3.65572 5.5102 5.35186 1.30611 2.26092 1.95545 4.8238 2.46257 2.07607 2.34639 1.96292 1.44624 1.83338 1.24444 1.17144 2.56677 1.77289 0.96357 0.930809 1.0441 0.916545 3.26559 1.30668 0.535192 0.421303
threshold=0 0.88119114410046628 0.46800856592688467 0.97109394436505758 2.5000000000000004 1.5000000000000002 -0.42180583328916638 3.5000000000000004 0.10623691595609522 -0.98803388382128643 23.500000000000004 0.97875492728876534 0.92355143341204526 6.5000000000000009 0.9716298204432684 0.31085050022984567 26.500000000000004 0.78325454425165997 11.500000000000002 24.500000000000004 2.5000000000000004 -0.029024744910506797 214.50000000000003 -0.10837475778693634 2.5000000000000004 0.10623691595609522 345.50000000000006 1.5000000000000002 -0.086975421574875297 0.80480899106630166 2.5000000000000004 0.93469109537144635 -0.92107319833963663 5.5000000000000009 -0.10837644903917548 24.500000000000004 12.500000000000002 -0.54220184589352438
decision_type=9 2 2 2 2 2 2 2 2 2 2 2 2 2 2 2 2 2 2 2 2 2 2 2 2 2 2 2 2 2 2 2 2 2 2 2 2 2
left_child=12 2 4 -3 5 31 -7 8 -6 -9 11 26 16 30 15 -15 18 24 19 -1 -20 23 27 33 -18 -26 -11 29 -29 -23 -14 32 -2 35 -35 -21 -24 -34
right_child=1 3 -4 -5 7 6 -8 9 -10 10 -12 -13 13 14 -16 -17 17 -19 20 21 -22 22 36 -25 25 -27 -28 28 -30 -31 -32 -33 37 34 -36 -37 -38 -39
leaf_value=-0.001493947671759911 0.0029610119532079374 -0.0057616962842382017 0.0030560332169318936 0.00020836802316282917 -0.00018695866699934362 6.5639803833265243e-06 0.002529309779014755 -0.00066513656299071859 -0.0022877635221772697 0.0067115394601204277 0.0017600450807606126 -0.00062047282524709652 -0.0011031170663974978 -0.001690746130176073 0.016587808912473172 0.0030159265739851922 -0.00056928890946155418 -0.00126088969793313 0.0041043171526039248 -0.00027473077191527052 0.00034834951102365359 -0.0017910825096191306 0.0010888633032012165 -0.00095672414822509978 -0.00037861032849253925 0.0072333350486861242 -0.0016167310238214246 0.00011846345121974811 0.00077400787170860846 0.00058913583945964087 0.00058727866864376275 -0.00063396912705085634 0.0018061944049671029 0.0017536043599584012 -0.00085826802893738052 0.0014713738808938767 0.00036730967734996541 -0.0039089971907020505
leaf_weight=19 23 30 19 28 19 24 20 20 25 36 34 19 25 29 21 20 37 34 20 301 27 52 21 32 27 19 20 183 44 39 36 20 21 26 29 23 20 19
leaf_count=19 23 30 19 28 19 24 20 20 25 36 34 19 25 29 21 20 37 34 20 301 27 52 21 32 27 19 20 183 44 39 36 20 21 26 29 23 20 19
internal_value=0.00203897 -0.00502012 -0.000406016 -0.0312632 -0.0043173 0.00917852 0.0294362 -0.0142246 -0.0353234 -0.00702817 -0.00118825 -0.0120885 0.00449884 0.0168078 0.0370055 0.0132162 0.00285404 -0.00996301 0.00464782 0.00311897 0.030313 0.00470979 0.0119057 -0.00157566 0.00156047 0.0168938 0 0.00814586 0.0131231 -0.00426986 -0.00636979 -0.00156047 0.00616758 0.00102522 0.0164843 -0.001599 0.041067 -0.00647596
internal_weight=1461 377 319 58 300 127 44 173 44 129 109 75 1084 131 70 49 953 117 836 789 47 770 359 411 83 46 56 318 227 91 61 83 63 379 55 324 41 40
internal_count=1461 377 319 58 300 127 44 173 44 129 109 75 1084 131 70 49 953 117 836 789 47 770 359 411 83 46 56 318 227 91 61 83 63 379 55 324 41 40
cat_boundaries=0 1
cat_threshold=29
is_linear=0
shrinkage=0.129519


Tree=96
num_leaves=30
num_cat=0
split_feature=15 0 13 0 0 0 14 22 0 11 15 14 15 1 12 10 1 8 0 11 1 11 13 13 0 1 9 1 15
split_gain=1.31497 2.81612 1.29743 1.99653 3.25018 3.666 3.96002 1.78281 2.14081 4.51415 5.09378 5.74498 2.94272 2.46154 3.6 2.29323 2.30161 2.16474 2.74551 3.88862 2.18261 1.96923 1.6029 2.06577 1.5387 2.08511 1.87872 1.21161 0.648043
threshold=0.99196248624718542 4.5000000000000009 -0.96351521935644713 1.5000000000000002 5.5000000000000009 4.5000000000000009 0.054804112848476409 1.0000000180025095e-35 1.0000000180025095e-35 0.78325454425165997 0.29343244258940787 -0.6967548280657393 0.61492551969769504 15.500000000000002 0.14889004263668557 -0.71502926860092908 1.5000000000000002 1.0000000180025095e-35 5.5000000000000009 0.75011860976965206 2.5000000000000004 0.96231527631374336 0.9800658150361089 -0.75861861348348636 3.5000000000000004 16.500000000000004 0.30983042691905766 17.500000000000004 0.99831452020184308
decision_type=2 2 2 2 2 2 2 2 2 2 2 2 2 2 2 2 2 2 2 2 2 2 2 2 2 2 2 2 2
left_child=2 28 3 -1 5 6 -5 8 9 10 11 -4 -12 -13 -15 22 -17 18 20 -20 -18 -9 23 -10 25 -25 -26 -14 -2
right_child=1 -3 7 4 -6 -7 -8 21 15 -11 12 13 27 14 -16 16 17 -19 19 -21 -22 -23 -24 24 26 -27 -28 -29 -30
leaf_value=-0.00090089718081057778 0.0012808027923923301 -0.0012686507334210492 -0.0032030382460040891 0.00038297805681877865 -0.0028141019417809404 0.0038156981685391381 -0.008857646324259354 -0.010360063618675665 0.00041753977574737278 0.0066413107905253059 0.0035657100894892577 -0.0001749713048596898 -0.00048141916103601646 0.0018300592961885539 -0.00050164526809100621 0.0076212420805154002 -0.0043670053058727206 -0.0024774918151548248 6.9212027785864295e-05 0.0029916647698688789 -0.00015693481598019323 0.00018138037474887988 0.00030611426703730125 -8.5463551718029516e-05 0.00010312016618550971 0.0015254274043077056 -0.0045984597741602394 0.0058855544201293622 -0.0012380689382471158
leaf_weight=36 19 21 19 32 19 19 22 20 27 31 20 25 19 20 20 23 19 21 97 29 617 32 27 47 61 47 32 20 20
leaf_count=36 19 21 19 32 19 19 22 20 27 31 20 25 19 20 20 23 19 21 97 29 617 32 27 47 61 47 32 20 20
internal_value=0.00150707 -0.0172692 0.00231119 -0.0101187 0 0.0124196 -0.00479701 0.00356101 0.00456128 0.0178647 0.00815155 -0.0123352 0.0373191 0.00597781 0.0259038 0.0023504 -0.000964162 -0.00215038 -0.00101984 0.0164469 -0.00448022 -0.019926 0.0134356 0.00968367 0.00484831 0.0165344 -0.00696339 0.016605 0.003321
internal_weight=1461 60 1401 128 92 73 54 1273 1221 174 143 84 59 65 40 1047 806 783 762 126 636 52 241 214 187 94 93 39 39
internal_count=1461 60 1401 128 92 73 54 1273 1221 174 143 84 59 65 40 1047 806 783 762 126 636 52 241 214 187 94 93 39 39
is_linear=0
shrinkage=0.129519


Tree=97
num_leaves=28
num_cat=1
split_feature=1 16 26 1 10 0 10 11 10 10 10 15 13 15 15 16 2 15 26 10 20 15 1 10 0 1 10
split_gain=1.15932 2.46136 1.38807 1.36739 3.56386 1.74784 2.44415 2.6029 3.72423 6.39887 2.19734 2.12252 1.94825 1.9271 6.31462 4.70672 3.75782 2.43906 3.2116 2.43203 1.90445 1.64402 1.32716 1.12208 1.02278 0.978277 0.947368
threshold=2.5000000000000004 -0.522158361205323 21.500000000000004 3.5000000000000004 0.029024409397335454 1.5000000000000002 0.95436825032516992 0.97872324816535827 0.42763731121559989 0.6174544326165855 0.8852232634113919 0.9890126429527718 0.77312223884982734 -0.94137016754773739 -0.86330057456837561 0.17435360825960225 22.500000000000004 -0.67801140019997397 -16.499999999999996 -0.21022037796396445 0 0.99570013918172939 7.5000000000000009 0.26659387353423863 2.5000000000000004 14.500000000000002 -0.022575793296316444
decision_type=2 2 2 2 2 2 2 2 2 2 2 2 2 2 2 2 2 2 2 2 9 2 2 2 2 2 2
left_child=1 -1 3 4 -2 6 7 8 12 -10 -11 13 20 15 23 16 -7 19 -19 -16 -5 -13 -18 -15 -3 -14 -26
right_child=2 24 -4 5 -6 11 -8 -9 9 10 -12 21 25 14 17 -17 22 18 -20 -21 -22 -23 -24 -25 26 -27 -28
leaf_value=0.00017548248600801879 0.0017893915419155237 -0.00080332899649564573 0.0019346027635757938 -0.00012739961436569874 -0.00054810025593480583 0.001837622058739477 -0.0037303609655792869 -0.00066594623467047288 0.0090521159583113135 -0.00086895109425493488 0.0030283910171471484 -0.0011827544542537679 0.00197911766959138 0.0023818366846112878 0.00037640317323502743 -0.0077077280908904311 -0.0060746192486463724 -0.0025997213592421934 0.00011925878998671366 -0.0025430045501262928 -0.0016802289421700043 -1.7964202334284956e-05 0.00043819836498300817 0.00139232530413961 0.00022735912058843429 -1.8769606361506527e-05 -0.0014505695592754253
leaf_weight=30 27 28 33 81 19 27 30 27 19 35 24 20 26 20 40 26 23 21 605 45 95 31 38 22 19 31 19
leaf_count=30 27 28 33 81 19 27 30 27 19 35 24 20 26 20 40 26 23 21 605 45 95 31 38 22 19 31 19
internal_value=0.000265953 -0.0134916 0.00123352 0.00058342 0.0225251 -0.000201429 -0.00774299 -0.00459831 -0.00124938 0.023247 0.00219524 0.00282177 -0.00944989 0.00433224 0.00670816 -0.0113613 0.00294362 0.00382546 0.00662079 -0.0167613 -0.0161899 -0.0228563 -0.0148629 0.0555082 -0.0274738 0.0113613 -0.0136336
internal_weight=1461 96 1365 1332 46 1286 368 338 311 78 59 918 233 867 753 114 88 711 626 85 176 51 61 42 66 57 38
internal_count=1461 96 1365 1332 46 1286 368 338 311 78 59 918 233 867 753 114 88 711 626 85 176 51 61 42 66 57 38
cat_boundaries=0 1
cat_threshold=8
is_linear=0
shrinkage=0.129519


Tree=98
num_leaves=21
num_cat=1
split_feature=19 26 26 2 2 5 1 1 2 5 15 5 1 26 0 14 0 0 14 0
split_gain=0.982089 1.28802 2.43708 1.62985 1.52996 2.5894 1.48397 1.40388 1.33919 1.86701 2.08828 1.37721 1.27201 1.19785 0.910751 1.81946 1.45455 1.2218 2.60217 0.421053
threshold=0 6.5000000000000009 17.500000000000004 5.5000000000000009 7.5000000000000009 62.500000000000007 30.500000000000004 14.500000000000002 10.500000000000002 128.50000000000003 0.96231527631374336 154.50000000000003 11.500000000000002 -7.4999999999999991 1.5000000000000002 -0.47936768503011939 1.0000000180025095e-35 2.5000000000000004 0.06768135347655746 4.5000000000000009
decision_type=9 2 2 2 2 2 2 2 2 2 2 2 2 2 2 2 2 2 2 2
left_child=13 3 -3 12 -5 -6 8 -4 -7 10 -10 -11 -2 -1 16 -16 -15 -17 19 -19
right_child=1 2 7 4 5 6 -8 -9 9 11 -12 -13 -14 14 15 17 -18 18 -20 -21
leaf_value=0.00071812516050787556 -8.8058728024488191e-05 0.0013734742310580535 0.001979958191791083 0.00060664938774589931 -0.0070323019858894815 0.0054816415624361001 0.00058050353483127346 -0.00067719262958650323 -0.00086851028490658928 0.0001488611366033234 0.00013867776697609971 -7.6840232858765395e-05 -0.001698017527227519 0.0013603279369429999 -0.00077055965352610192 0.00089591913315887999 -0.00072297019013273798 0.0016687564475394816 -0.00087733881248222079 0.0031352433171485559
leaf_weight=27 21 37 31 28 34 34 19 21 74 100 32 824 20 22 24 19 22 19 34 19
leaf_count=27 21 37 31 28 34 34 19 21 74 100 32 824 20 22 24 19 22 19 34 19
internal_value=-0.000620557 -0.00191507 0.0130974 -0.00305779 -0.00214923 -0.00289882 -0.00179389 -0.00498151 -0.00243457 -0.00326942 -0.0195501 -0.00140172 -0.028431 0.00792974 0.00407293 0.0101363 -0.0117745 0.0185027 0.0107933 0.034084
internal_weight=1461 1275 89 1186 1145 1117 1083 52 1064 1030 106 924 41 186 159 115 44 91 72 38
internal_count=1461 1275 89 1186 1145 1117 1083 52 1064 1030 106 924 41 186 159 115 44 91 72 38
cat_boundaries=0 1
cat_threshold=48
is_linear=0
shrinkage=0.129519


Tree=99
num_leaves=30
num_cat=1
split_feature=1 16 0 13 11 5 26 1 2 13 15 26 2 5 13 19 0 9 13 26 1 0 11 13 0 0 0 1 0
split_gain=1.77154 1.90141 1.48165 1.85747 2.07783 1.39286 1.29194 0.991252 2.18674 3.65463 1.69421 1.17467 1.98559 1.96229 1.46842 1.03713 1.87907 4.83654 1.69124 1.08629 1.89845 6.59239 3.98999 0.962226 0.897573 1.24444 0.784029 0.703943 0.223229
threshold=5.5000000000000009 -0.64251154504523245 5.5000000000000009 0.99618957151386123 0.039769539193789956 182.50000000000003 19.500000000000004 13.500000000000002 5.5000000000000009 0.94101405461977705 -0.91595184315390066 -8.4999999999999982 10.500000000000002 98.500000000000014 -0.89405649444168434 0 4.5000000000000009 0.96687895796550427 -0.97009963647103548 -12.499999999999998 15.500000000000002 2.5000000000000004 0.97508442350096225 1.0000000180025095e-35 3.5000000000000004 1.5000000000000002 2.5000000000000004 22.500000000000004 2.5000000000000004
decision_type=2 2 2 2 2 2 2 2 2 2 2 2 2 2 2 9 2 2 2 2 2 2 2 2 2 2 2 2 2
left_child=1 -1 3 4 5 23 7 8 -2 11 -9 -10 -13 -14 -15 16 17 -12 -17 27 21 -21 -22 -3 25 -6 -19 -20 -7
right_child=6 2 -4 -5 24 28 -8 10 9 -11 15 12 13 14 -16 18 -18 26 19 20 22 -23 -24 -25 -26 -27 -28 -29 -30
leaf_value=-0.00075165348786981813 -0.0066345416243141168 -0.00024060631040518827 -0.001300249914949352 0.00052830220588093049 0.0006968764418679149 0.00011651203658887051 0.0017235156976727519 0.00068785248979904299 -0.00062484470768430736 0.001005583387364968 0.00067560042218872012 0.0017820717432248286 -0.000541013297506855 0.00034620064942252987 -0.00015212806299779716 -0.001586653471585276 -0.00052722179387633601 0.00077988045214626535 0.00019533791695092002 -0.0031458125344316175 1.0764178448926018e-05 0.0010183736215198722 -0.00091928347937805203 -0.001355254294578384 -0.00037236475511196393 0.0042203786056950352 -0.0011792207673022182 0.0048178102753035799 -0.0010634919217597724
leaf_weight=27 19 23 32 26 24 21 35 32 22 27 29 26 19 54 201 22 31 29 23 19 542 28 24 24 22 21 19 20 20
leaf_count=27 19 23 32 26 24 21 35 32 22 27 29 26 19 54 201 22 31 29 23 19 542 28 24 24 22 21 19 20 20
internal_value=-0.000620557 -0.0107933 -0.00668878 -0.00214673 -0.00752047 -0.0206053 0.00137899 0.00065524 -0.00492736 -0.00259781 0.00316673 -0.00643573 -0.0043173 -0.00756316 -0.00457126 0.00197739 0.0131714 0.025231 0 0.00118463 -0.000211287 0.0248015 -0.00228832 -0.0358244 0.00966561 0.0201474 0 0.0210845 -0.003159
internal_weight=1461 240 213 181 155 88 1221 1186 368 349 818 322 300 274 255 786 108 77 678 656 613 47 566 47 67 45 48 43 41
internal_count=1461 240 213 181 155 88 1221 1186 368 349 818 322 300 274 255 786 108 77 678 656 613 47 566 47 67 45 48 43 41
cat_boundaries=0 1
cat_threshold=96
is_linear=0
shrinkage=0.129519


Tree=100
num_leaves=21
num_cat=0
split_feature=1 13 8 10 16 16 14 1 12 14 14 14 15 1 10 1 1 16 14 11
split_gain=1.3609 1.26136 1.05237 1.43 1.03289 1.25052 1.01764 5.24454 1.33559 1.21718 1.35862 1.72753 1.00775 0.824242 1.86696 1.89642 0.944337 2.51023 1.62789 0.947368
threshold=5.5000000000000009 -0.97876397852965813 1.0000000180025095e-35 0.99249573635719013 -0.64251154504523245 -0.56190251903049515 0.93081762381485633 26.500000000000004 -0.3744658827978154 0.90802297599532811 0.88220619093308628 0.86003374851170211 -0.96795400926015729 2.5000000000000004 -0.50557503990954278 1.5000000000000002 3.5000000000000004 -0.3057423696196932 0.11905625277418271 1.0000000180025095e-35
decision_type=2 2 2 2 2 2 2 2 2 2 2 2 2 2 2 2 2 2 2 2
left_child=4 -2 3 6 -1 -6 9 8 -8 10 11 12 -3 14 -7 -16 19 -18 -19 -15
right_child=1 2 -4 -5 5 13 7 -9 -10 -11 -12 -13 -14 16 15 -17 17 18 -20 -21
leaf_value=-0.00065429997003236737 0.00020967806985496679 -0.0001786036169492885 -0.00072810143632130026 0.0024900610208616228 0.00045987695534483824 8.994129797332242e-05 -0.00010615270348531294 0.0020918533278148203 -0.0026603530141481486 0.00051350631124750829 -0.0003289853344470689 0.0025377307933113252 3.6740031621234206e-05 0.0014991581083476594 -0.00036713785914752896 -0.0035428217779666059 0.001700152425995419 -0.018358662662807199 -0.0010675393122956717 -0.0012603703826644895
leaf_weight=27 37 95 36 33 26 24 19 28 21 28 28 20 876 19 30 31 20 21 23 19
leaf_count=27 37 95 36 33 26 24 19 28 21 28 28 20 876 19 30 31 20 21 23 19
internal_value=-0.000797859 0.000954687 0.000218782 0.000902572 -0.00971394 -0.00668878 0.000116161 -0.0152375 -0.0453317 0.00111335 0.000381313 0.00117626 0.000400162 -0.0103892 -0.0198088 -0.031849 -0.00253959 -0.0121424 -0.0294362 0.0136336
internal_weight=1461 1221 1184 1148 240 213 1115 68 40 1047 1019 991 971 187 85 61 102 64 44 38
internal_count=1461 1221 1184 1148 240 213 1115 68 40 1047 1019 991 971 187 85 61 102 64 44 38
is_linear=0
shrinkage=0.129519


Tree=101
num_leaves=30
num_cat=2
split_feature=19 9 0 9 2 26 26 26 1 11 20 11 1 11 17 2 5 26 26 14 15 0 0 9 9 10 1 9 1
split_gain=1.48054 1.46545 2.23776 3.20999 1.38462 1.11891 1.76715 0.947905 0.805861 0.723148 3.11106 2.26067 1.77289 1.05862 1.14286 0.827925 1.09974 1.06905 5.53919 0.69833 1.25641 1.15126 1.17725 1.26716 0.658561 0.64 0.626806 0.363636 0.123468
threshold=0 0.81428061195174062 3.5000000000000004 0.92273069556937581 10.500000000000002 -16.499999999999996 -6.4999999999999991 -7.4999999999999991 11.500000000000002 0.86972315351350449 1 0.93315540453694978 16.500000000000004 0.77241981449888963 1.0000000180025095e-35 28.500000000000004 200.50000000000003 17.500000000000004 11.500000000000002 -0.33830597889949443 -0.54220184589352438 1.5000000000000002 3.5000000000000004 0.98802474685579855 0.19337368024598431 -0.71502926860092908 26.500000000000004 0.94138322595482449 6.5000000000000009
decision_type=9 2 2 2 2 2 2 2 2 2 9 2 2 2 2 2 2 2 2 2 2 2 2 2 2 2 2 2 2
left_child=7 5 4 28 -3 -2 -7 -1 -6 13 12 -12 -11 15 -15 17 -17 18 -8 20 -9 -21 -23 -24 -19 -13 -18 -10 -4
right_child=1 2 3 -5 8 6 9 19 27 10 11 25 -14 14 -16 16 26 24 -20 21 -22 22 23 -25 -26 -27 -28 -29 -30
leaf_value=0.00038954325518247032 -0.0019809471312912264 0.0068592549641342763 -0.0069683730330627868 0.00066595026321366289 -0.00049383718627891331 0.00039842782858047856 3.729421080701432e-05 0.0028231236320950511 0.0001465406320354206 -0.0025960722576967 0.017335237507003116 0.00028156803152975282 0.00040074592386383476 -0.00081896533207577546 6.9993976469445035e-05 -0.0015555956792973496 -0.00012830763547277491 0.0004436059502646773 0.0015113903490528516 -0.00057183330203714323 -0.00083146755585944442 0.00049864005431159901 0.00048630973523510574 -0.00031371725813706883 -0.0059079820370916804 -0.00025444371932647992 9.3844674077864332e-05 -0.0010990267016682573 -0.0014720276388022957
leaf_weight=27 23 25 19 25 21 20 309 27 22 28 28 20 26 28 28 19 422 26 19 28 25 32 19 28 21 25 77 22 22
leaf_count=27 23 25 19 25 21 20 309 27 22 28 28 20 26 28 28 19 422 26 19 28 25 32 19 28 21 25 77 22 22
internal_value=8.8651e-05 -0.0015119 -0.013284 -0.0313986 0 0.000115745 0.000709046 0.010573 -0.00996301 0 0.00917852 0.0266135 -0.014391 -0.00122832 -0.0185027 -0.000145038 -0.00350052 0.00449 0.00710776 0.00733127 -0.00498151 0.0133151 0.0213133 0.00826718 -0.0137786 0.00863461 -0.00233602 0 -0.0537031
internal_weight=1461 1275 156 66 90 1119 1096 186 65 1076 127 73 54 949 56 893 518 375 328 159 52 107 79 47 47 45 499 44 41
internal_count=1461 1275 156 66 90 1119 1096 186 65 1076 127 73 54 949 56 893 518 375 328 159 52 107 79 47 47 45 499 44 41
cat_boundaries=0 1 2
cat_threshold=48 1
is_linear=0
shrinkage=0.129519


Tree=102
num_leaves=42
num_cat=0
split_feature=1 15 15 15 1 11 2 10 0 0 0 15 1 15 0 16 11 15 16 0 16 10 16 2 14 9 12 1 13 0 1 1 1 0 11 1 11 1 10 12 10
split_gain=0.912309 2.61542 5.4656 2.32357 2.15826 1.89536 1.42981 1.41313 2.40783 3.84338 1.92744 1.80429 1.63567 2.19855 3.10934 0.768049 1.39689 1.20937 1.2042 2.6314 1.89322 1.0422 1.18597 1.87636 2.71622 1.77893 1.72857 1.04524 1.00605 1.70439 1.44943 1.20063 1.15852 1.44048 0.653061 0.918481 1.36142 0.863322 0.857143 0.809565 0.648043
threshold=23.500000000000004 -0.48314718476766416 -0.53948791442211719 0.9890126429527718 28.500000000000004 -0.92923668111203817 21.500000000000004 -0.44505783185115427 4.5000000000000009 1.5000000000000002 1.0000000180025095e-35 0.98852897570736553 26.500000000000004 -0.1563279112617614 3.5000000000000004 0.30778899014954259 0.54217677573236234 0.12545535980491204 0.19126587156512256 1.5000000000000002 0.12332734741173666 -0.89404254237865755 -0.94139465211055529 10.500000000000002 -0.048361937605030693 0.88220160189607266 -0.13185729634369439 16.500000000000004 0.038694985031638006 3.5000000000000004 16.500000000000004 3.5000000000000004 17.500000000000004 2.5000000000000004 -0.37447172655954947 11.500000000000002 0.22700019328474733 13.500000000000002 -0.20180761162458913 -0.98801846520836334 -0.96234030595689413
decision_type=2 2 2 2 2 2 2 2 2 2 2 2 2 2 2 2 2 2 2 2 2 2 2 2 2 2 2 2 2 2 2 2 2 2 2 2 2 2 2 2 2
left_child=3 2 4 15 5 -2 -7 8 9 -3 -9 12 -12 -14 -15 18 17 28 20 -20 21 -1 26 25 -25 -24 -23 -28 31 30 -30 -17 -33 -34 38 36 39 -37 -19 -36 -39
right_child=1 7 -4 -5 -6 6 -8 10 -10 -11 11 -13 13 14 -16 16 -18 34 19 -21 -22 22 23 24 -26 -27 27 -29 29 -31 -32 32 33 -35 35 37 -38 40 -40 -41 -42
leaf_value=0.0016588392522833924 -0.0039688730060837216 -0.0016128257918472508 0.0010653319250754354 -0.00073954637779312209 -0.0039710754376090602 0.00078300377423290164 0.0020751595877374685 0.0018197913391428274 -0.0024734232635787085 0.0044283005928515496 -0.0028591266199217208 0.0010761442676849046 0.0023521876238828277 -0.00091724070790762113 0.00012266402634691413 0.0024015848749467808 0.0006220497304569206 -0.00043027559799092304 0.00016086839636552142 -0.002266822159622111 0.0023548239813938041 0.0095310794477533496 -0.00040660555688120102 -0.0010858789890938871 -7.6172750070007097e-05 0.0056176671550069645 -0.0002372994710436526 0.00021948733785437025 -0.0025765472541286654 7.3287095977719497e-05 -0.00099325781598485563 -0.0063709849737554006 0.0038309013974766005 -0.00073754950273336633 0.00040557401246432912 -0.0049155480905869247 0.0006012774211828708 0.00043406611051745786 0.00038038311989556356 -3.6876880032701677e-05 -0.0060359526026548633
leaf_weight=24 20 19 21 19 33 27 22 25 21 28 21 32 34 31 23 25 24 24 22 34 24 20 67 68 194 27 67 73 19 37 32 28 21 27 20 30 25 19 32 82 20
leaf_count=24 20 19 21 19 33 27 22 25 21 28 21 32 34 31 23 25 24 24 22 34 24 20 67 68 194 27 67 73 19 37 32 28 21 27 20 30 25 19 32 82 20
internal_value=-0.000975161 0.00471638 0.020007 -0.00281563 0.00761877 0.020648 0.0343622 -0.003321 -0.0190469 -0.00275573 0.00312094 -0.00275573 -0.0106942 -0.00294362 -0.019188 -0.00202933 0.00194975 0.000293694 -0.00501364 -0.0231284 -0.00321501 -0.00479701 -0.00602415 -0.0101869 -0.0158191 0.00551145 0.00323798 -0.00185027 -0.00753815 -0.0176617 -0.0330147 0.00128237 -0.0068168 0.00539663 0.00616758 0.00264325 0.00917852 -0.00938545 0.0185027 0.00253959 0.003321
internal_weight=1461 357 123 1104 102 69 49 234 68 47 166 141 109 88 54 1085 465 441 620 56 564 540 516 356 262 94 160 140 189 88 51 101 76 48 252 196 127 69 56 102 39
internal_count=1461 357 123 1104 102 69 49 234 68 47 166 141 109 88 54 1085 465 441 620 56 564 540 516 356 262 94 160 140 189 88 51 101 76 48 252 196 127 69 56 102 39
is_linear=0
shrinkage=0.129519


Tree=103
num_leaves=50
num_cat=0
split_feature=8 2 2 0 11 11 11 0 11 12 11 21 11 15 15 15 1 15 0 10 1 0 2 0 15 2 0 9 10 0 9 1 1 1 0 0 0 15 0 0 1 1 15 15 11 9 1 1 9
split_gain=1.97403 4.08333 1.34624 1.76343 2.36167 1.54711 2.39857 1.86978 5.26664 2.41445 2.05142 1.76926 6.80275 1.49612 2.37987 1.54247 3.19121 2.11573 2.08267 1.84229 1.79649 1.47917 1.37329 1.96632 1.21268 1.17571 1.09915 2.87601 2.86384 4.73387 2.02209 1.60851 2.19402 2.01329 2.13116 7.11111 1.69816 1.56933 1.30594 1.23457 1.85363 1.67056 2.01232 1.07299 1.01739 0.964336 1.79409 1.40482 0.706033
threshold=1.0000000180025095e-35 26.500000000000004 29.500000000000004 2.5000000000000004 -0.88622299073327826 -0.78326178756187226 -0.91597725483594616 4.5000000000000009 -0.51941337148263467 0.95436825032516992 -0.32614396506100213 13.500000000000002 0.76140650896573492 -0.98523971305672664 -0.92436682192247444 0.3774616112060829 17.500000000000004 0.62585923293574564 1.5000000000000002 -0.031174269516803247 15.500000000000002 4.5000000000000009 31.500000000000004 3.5000000000000004 -0.83377653105606597 22.500000000000004 2.5000000000000004 -0.58482361983252518 -0.58481178939031186 4.5000000000000009 -0.66528616069191593 12.500000000000002 16.500000000000004 10.500000000000002 3.5000000000000004 4.5000000000000009 3.5000000000000004 0.92149396721964838 1.0000000180025095e-35 1.5000000000000002 11.500000000000002 12.500000000000002 -0.52217496040937206 -0.75860107497549967 -0.96688789938088693 0.40614137006726808 22.500000000000004 16.500000000000004 -0.90163369914317004
decision_type=2 2 2 2 2 2 2 2 2 2 2 2 2 2 2 2 2 2 2 2 2 2 2 2 2 2 2 2 2 2 2 2 2 2 2 2 2 2 2 2 2 2 2 2 2 2 2 2 2
left_child=2 -2 3 4 44 6 21 8 -7 11 25 12 -10 -6 -15 16 19 -17 -18 -16 -19 -5 23 -4 -12 -9 27 30 29 -28 39 33 -33 34 -30 -36 -34 -38 -29 41 -41 48 -43 -40 -1 47 -47 -26 -24
right_child=1 -3 22 5 13 7 -8 10 9 -11 24 -13 -14 14 15 17 18 20 -20 -21 -22 -23 26 -25 45 -27 28 38 31 -31 -32 32 36 -35 35 -37 37 -39 43 40 -42 42 -44 -45 -46 46 -48 -49 -50
leaf_value=-0.00014354916675188571 -0.0026786750669652625 0.00055103307858495694 -0.00050783581010940913 0.0091748934493860734 -0.001114464362375681 -0.0072142403065809206 0.0015124497308735651 0.0010602662321583713 -0.00012621459149183406 0.0021237867967236149 -0.0050205648794011456 0.00027305801671267472 -0.0083312659032951202 0.0059867932823232479 1.4579876490846291e-05 0.00065564953622976232 0.00061029954805902049 -0.00045478287898087667 0.0071675123701811757 -0.0017246043745937154 0.00091262010662000216 -0.0049658303326677276 0.001573390066537459 -0.0012750270034127507 0.00062538087718740207 6.3795013893806754e-05 0.0037735073223733257 -0.00035414063540062168 0.00024249259419499594 -0.00017974886769859741 -0.0088489670048101429 0.0011612765152926609 -0.00095278101039503638 -0.010365193377261881 -0.012863965292210931 0.0015120987547378338 -1.3750515798021403e-05 0.00052707341617604152 0.00084946232299354439 -0.002433086344880661 -0.00029467603741854895 -0.0023272958201466872 -6.7304212839347795e-05 0.0049837877736166949 -0.00166654730247683 -7.9992573264743675e-05 0.0047458736652476567 -0.0013446109650114273 0.005038922980266849
leaf_weight=26 24 24 31 28 19 20 30 20 73 30 19 29 29 19 32 28 41 38 19 38 57 27 22 21 32 19 23 20 25 20 21 33 33 20 24 48 83 20 21 19 35 20 47 22 20 43 21 29 19
leaf_count=26 24 24 31 28 19 20 30 20 73 30 19 29 29 19 32 28 41 38 19 38 57 27 22 21 32 19 23 20 25 20 21 33 33 20 24 48 83 20 21 19 35 20 47 22 20 43 21 29 19
internal_value=-0.00115246 -0.0269832 -0.000274988 0.00329565 0.0103769 -0.00201923 0.0137138 -0.00569315 -0.0150271 -0.0072402 0.00353877 -0.0148304 -0.0228563 0.0146877 0.0171422 0.0138222 0.0039852 0.024219 0.0259038 -0.0148022 0.014997 -0.00235489 -0.0047511 -0.0249075 -0.00359775 0.029889 -0.00292826 -0.00947701 0.00196838 0.0331328 -0.0176939 -0.00271718 0.0053647 -0.014391 -0.00667624 -0.0179888 -0.00190469 0.00628734 0.014391 -0.012792 -0.028782 -0.00479701 -0.0173981 0.0271087 -0.0168938 0.00103615 0.0121424 -0.0106163 0.015795
internal_weight=1461 48 1413 786 337 449 85 364 181 161 183 131 102 291 272 253 130 123 60 70 95 55 627 52 144 39 575 246 329 43 183 286 169 117 97 72 136 103 63 162 54 108 67 43 46 125 64 61 41
internal_count=1461 48 1413 786 337 449 85 364 181 161 183 131 102 291 272 253 130 123 60 70 95 55 627 52 144 39 575 246 329 43 183 286 169 117 97 72 136 103 63 162 54 108 67 43 46 125 64 61 41
is_linear=0
shrinkage=0.129519


Tree=104
num_leaves=14
num_cat=0
split_feature=15 26 13 16 12 12 12 14 26 26 26 2 0
split_gain=1.32342 2.10025 2.89184 1.83392 1.29464 2.46066 1.65526 1.06186 1.367 2.03409 4.82929 1.4706 0.4
threshold=0.96522610578843548 8.5000000000000018 0.4071210141943909 -0.022575793296316749 -0.99763124042248752 -0.99273797715557011 -0.98523800472371936 0.99895983886342388 21.500000000000004 8.5000000000000018 1.5000000000000002 5.5000000000000009 2.5000000000000004
decision_type=2 2 2 2 2 2 2 2 2 2 2 2 2
left_child=4 2 3 12 -1 -6 -7 8 9 10 11 -8 -2
right_child=1 -3 -4 -5 5 6 7 -9 -10 -11 -12 -13 -14
leaf_value=-0.00047912450360471537 -0.0012222112460986215 0.0015905166538097508 -0.0019062211269156941 0.0018887856373715841 0.0012083503670032338 -0.00080336629322463231 -0.00047591748194471029 0.001520487282570744 0.00095752526953005819 -0.0048651693728798007 0.01348739335343575 2.1780090799965208e-05 -0.00041088735527715131
leaf_weight=32 20 20 28 36 24 24 26 21 33 34 20 1123 20
leaf_count=32 20 20 28 36 24 24 26 21 33 34 20 1123 20
internal_value=0.000265953 -0.0125341 -0.019926 -0.0068168 0.00145309 0.00208422 0.0013144 0.00195773 0.00146705 0.000753644 0.00166192 0.000563617 -0.0259038
internal_weight=1461 124 104 76 1337 1305 1281 1257 1236 1203 1169 1149 40
internal_count=1461 124 104 76 1337 1305 1281 1257 1236 1203 1169 1149 40
is_linear=0
shrinkage=0.129519


Tree=105
num_leaves=21
num_cat=0
split_feature=12 12 1 13 26 26 26 16 2 5 16 2 1 14 0 9 11 16 16 1
split_gain=1.17552 2.6107 1.09201 3.03858 1.33666 2.44898 2.39681 1.3165 1.25392 2.20389 1.49032 2.02487 1.41758 1.32414 1.34444 0.979592 0.88547 0.872667 2.09123 1.32761
threshold=-0.99763124042248752 -0.99273797715557011 28.500000000000004 0.98540325053957545 11.500000000000002 17.500000000000004 1.5000000000000002 -0.53131537808362028 35.500000000000007 238.50000000000003 0.95566109600493776 5.5000000000000009 7.5000000000000009 0.25829437498066693 3.5000000000000004 0.19337368024598431 -0.11798870221290068 0.51113019672828197 0.30778899014954259 17.500000000000004
decision_type=2 2 2 2 2 2 2 2 2 2 2 2 2 2 2 2 2 2 2 2
left_child=-1 -2 4 7 6 -6 8 -4 9 10 11 -3 13 14 -10 -7 -9 18 -14 -19
right_child=1 2 3 -5 5 15 -8 16 12 -11 -12 -13 17 -15 -16 -17 -18 19 -20 -21
leaf_value=-0.00041706870706978091 0.0010518458593990927 -0.00067918734568247433 -0.0047105971274693957 0.0007445900145027865 0.0017868932088547891 0.00056326563166898152 -0.0012605285810181215 0.00019403513021290367 4.4419210494798757e-06 0.0013235550682268908 0.0017816659551558893 0.00010080003771942717 -3.7626985476113516e-05 -0.0053859529429454529 -0.0037755333614677444 -0.0038596478698115109 -0.00031930165753361656 -0.00033206746045260228 0.00081909058857724377 -2.4448024560926284e-06
leaf_weight=32 24 20 23 21 21 28 35 23 36 19 36 706 163 27 24 21 33 41 44 84
leaf_count=32 24 20 23 21 21 28 35 23 36 19 36 706 163 27 24 21 33 41 44 84
internal_value=0.000265953 0.000815726 9.21844e-05 -0.0129519 0.00109173 0.0185027 0.000104874 -0.0245922 0.00107933 0.00414594 0.00305951 0.00178401 -0.00463672 -0.0193534 -0.00863461 0.00264325 -0.0138771 -0.000780236 0.00437987 -0.00932538
internal_weight=1461 1429 1405 100 1305 70 1235 79 1200 781 762 726 419 87 60 49 56 332 207 125
internal_count=1461 1429 1405 100 1305 70 1235 79 1200 781 762 726 419 87 60 49 56 332 207 125
is_linear=0
shrinkage=0.129519


Tree=106
num_leaves=26
num_cat=1
split_feature=5 19 0 26 26 1 1 5 0 5 26 5 15 15 0 1 13 1 15 5 0 26 26 0 15
split_gain=1.25099 0.905751 2.66193 1.0008 2.47273 3.00994 2.0525 1.31438 2.02145 1.32785 1.00524 1.80077 0.956855 1.00723 1.94798 1.58169 1.25148 1.42221 0.919199 1.69742 1.26716 0.851313 0.702024 0.631112 0.544448
threshold=20.500000000000004 0 1.5000000000000002 -10.499999999999998 -15.499999999999998 18.500000000000004 8.5000000000000018 62.500000000000007 4.5000000000000009 78.500000000000014 -1.0000000180025095e-35 30.500000000000004 -0.99589637178820756 -0.91595184315390066 2.5000000000000004 9.5000000000000018 0.98540325053957545 28.500000000000004 -0.96795400926015729 258.50000000000006 3.5000000000000004 17.500000000000004 6.5000000000000009 2.5000000000000004 -0.95626719433553176
decision_type=2 9 2 2 2 2 2 2 2 2 2 2 2 2 2 2 2 2 2 2 2 2 2 2 2
left_child=21 2 -2 4 5 6 -3 8 10 24 -5 -12 -11 14 -14 -16 17 -15 -4 -20 -21 22 -1 -23 -9
right_child=1 3 18 7 -6 -7 -8 9 -10 12 11 -13 13 16 15 -17 -18 -19 19 20 -22 23 -24 -25 -26
leaf_value=0.0004520174971525151 0.00076695250434936359 0.00042854414909444035 -0.0046916794507732684 0.00028887428944827129 0.0050655596438009421 0.0020003917685717677 -0.0021041931352723943 0.00017760045984958881 -0.00099970558979329649 0.0013950992178852234 3.2890894698450359e-06 -0.0044884926337974669 0.0045550153877034847 -2.2212777322129654e-05 -0.00027569764126552244 -0.0052256258837944224 0.00024578495747014503 -0.0007841301335903023 0.0010270447332880117 -0.0056761609183019566 0.00072199633683634509 0.00071687216478142919 0.0015554563264489867 -0.002319713715161301 0.0010560435847235814
leaf_weight=20 35 21 20 29 20 27 20 21 28 20 25 19 30 811 24 22 34 84 22 19 28 19 19 22 22
leaf_count=20 35 21 20 29 20 27 20 21 28 20 25 19 30 811 24 22 34 84 22 19 28 19 19 22 22
internal_value=0.000443255 -0.000468932 0.00966561 -0.00153338 0.0117745 0 -0.022113 -0.00254828 -0.0166708 -0.00121273 -0.0053227 -0.0176617 -0.00214812 -0.00270637 -0.017042 -0.0337876 -0.0015336 -0.00246014 -0.00145527 0.00563127 -0.00826718 0.0161899 0.029889 0.003159 0.0210845
internal_weight=1461 1381 124 1257 88 68 41 1169 101 1068 73 44 1025 1005 76 46 929 895 89 69 47 80 39 41 43
internal_count=1461 1381 124 1257 88 68 41 1169 101 1068 73 44 1025 1005 76 46 929 895 89 69 47 80 39 41 43
cat_boundaries=0 1
cat_threshold=1
is_linear=0
shrinkage=0.129519


Tree=107
num_leaves=22
num_cat=0
split_feature=26 26 14 23 11 26 10 11 10 11 11 5 11 11 11 11 2 2 0 13 13
split_gain=1.85139 2.18939 1.52517 1.09812 6.66805 1.39483 1.75077 3.89474 2.88825 2.33483 1.87245 1.84681 1.6 1.55228 1.7204 2.18867 1.31088 0.972222 0.806904 1.95359 1.51268
threshold=-10.499999999999998 -16.499999999999996 -0.9399179710378005 1.0000000180025095e-35 -0.21967031843447341 21.500000000000004 -0.39827153806311177 0.84313847884979054 -0.49812626372919405 0.95566275305367776 0.71503381463111937 128.50000000000003 0.75011860976965206 0.66527693225344786 0.42178632996157733 0.34235194516023087 19.500000000000004 11.500000000000002 2.5000000000000004 0.9800658150361089 0.94738457656407282
decision_type=2 2 2 2 2 2 2 2 2 2 2 2 2 2 2 2 2 2 2 2 2
left_child=1 2 -1 5 -5 6 8 10 11 -9 13 -2 -10 14 15 -8 -13 -16 20 -20 -18
right_child=3 -3 -4 4 -6 -7 7 9 12 -11 -12 16 -14 -15 17 -17 18 -19 19 -21 -22
leaf_value=0.0047012272914549813 -0.00095779633620222049 0.0016624147227987888 -0.0018412050850280337 -0.00071048958738199539 0.0010191073893447279 0.00066770506018629463 -5.460939637507872e-05 -0.026904449474874841 0.0012825301760236807 -0.00042519639523512216 0.00040483883770159833 0.0023964058674945119 0.0004818923563225666 -0.0060566847195941262 0.00096288424539540604 -0.0026759760336103515 5.5962305484340532e-05 -3.1569228051315186e-05 7.0429082867415728e-05 0.0011981283532738112 -0.0020325426398136578
leaf_weight=33 24 24 31 34 33 35 529 25 20 24 31 22 20 20 48 24 171 42 230 19 22
leaf_count=33 24 24 31 34 33 35 529 25 20 24 31 22 20 20 48 24 171 42 230 19 22
internal_value=0.00239358 0.0206053 0.00809495 0.00122633 0.0173981 0.00039669 -0.00030571 -0.00435798 0.00539663 -0.0396487 -0.00186627 0.00265408 0.0388557 -0.003321 -0.00221572 -0.00491845 0.00446618 0.014391 0.0029303 0.00780236 -0.00335542
internal_weight=1461 88 64 1373 67 1306 1271 743 528 49 694 488 40 663 643 553 464 90 442 249 193
internal_count=1461 88 64 1373 67 1306 1271 743 528 49 694 488 40 663 643 553 464 90 442 249 193
is_linear=0
shrinkage=0.129519


Tree=108
num_leaves=45
num_cat=1
split_feature=13 13 0 11 13 15 0 9 0 13 26 12 10 1 11 14 9 1 10 1 11 15 11 9 12 0 1 1 19 10 11 1 13 1 1 9 11 13 15 9 1 1 1 1
split_gain=1.41242 2.66669 1.95962 3.99244 1.82339 2.61478 2.38095 1.68421 1.63049 4.18846 3.37912 2.5864 2.66667 1.89054 1.6 1.44719 2.0525 1.40631 2.19413 2.87061 1.58946 2.08041 1.47019 1.2929 1.11777 1.09225 1.03169 1.80077 0.974734 2.8688 1.04144 0.966872 0.773933 0.830547 1.47759 0.833333 0.776231 1.68619 0.755401 0.677694 0.542092 0.226991 0.193939 0.1
threshold=0.29239989284795059 0.37447172655954958 1.0000000180025095e-35 -0.039769906970920893 0.46801289393398077 -0.98292201184843975 3.5000000000000004 0.3261394409934788 1.5000000000000002 0.79317318001497539 -9.4999999999999982 0.80800279670863706 -0.8611288361322974 12.500000000000002 0.19336742136696441 0.99646492433694434 -0.005375728450543499 24.500000000000004 -0.44505783185115427 29.500000000000004 -0.7614135502316719 -0.29343379936893915 -0.89405649444168434 0.9893236546938301 0.87291090774974645 2.5000000000000004 27.500000000000004 29.500000000000004 0 -0.77243990499604276 0.86113431103781346 8.5000000000000018 -0.64907669774234289 10.500000000000002 6.5000000000000009 -0.17647087149565663 -0.47653456831620439 -0.75861861348348636 -0.95626719433553176 0.3261394409934788 12.500000000000002 26.500000000000004 13.500000000000002 5.5000000000000009
decision_type=2 2 2 2 2 2 2 2 2 2 2 2 2 2 2 2 2 2 2 2 2 2 2 2 2 2 2 2 9 2 2 2 2 2 2 2 2 2 2 2 2 2 2 2
left_child=15 14 3 7 6 -6 -4 -3 9 -7 -10 12 -12 -11 -2 17 -17 22 26 20 -20 41 25 28 -13 42 -19 -28 29 -24 38 -27 36 34 -34 -35 40 -38 -31 -5 -30 -22 -1 -25
right_child=1 2 4 39 5 8 -8 -9 10 13 11 24 -14 -15 -16 16 -18 18 19 -21 21 -23 23 43 -26 31 27 -29 32 30 -32 -33 33 35 -36 -37 37 -39 -40 -41 -42 -43 -44 -45
leaf_value=-0.00088011887064573307 0.00089339663324741866 -0.0014594582371365453 0.0015507151823620743 0.011831722443345533 0.0023523550077006582 -0.0036087750303390358 -0.0057856079914847544 0.00032683417262138308 0.0010150320979971982 -0.0013175490328445527 -0.0010889268348590548 0.0024951631897580412 -2.3543020155518003e-05 0.00084494806676469142 0.0013667895946342316 0.0014817501816109038 -9.3106732829659802e-05 -0.00056217820647353595 7.8217177873264241e-05 0.00066444443278362625 -0.00066052046269315316 -0.0015178320370806352 0.0044627635703103326 -6.7586489941865818e-05 0.00015516136984270449 -0.001012732736391358 0.0040714725876980157 -0.0014812359953078865 -0.00034048831613646316 -0.000169278488405015 -0.00039245795664140804 0.00081235880124508862 0.00028679150843037137 0.00038310107313395121 -0.0013341259686654033 0.0010118615438250416 -0.00060800239541545468 -0.0014654196664925312 0.0004624956412758768 0.00049475987491995744 0.001102440095384798 0.0001364665561796437 -0.0054774195708040003 -0.0001804188881324153
leaf_weight=24 20 19 21 21 22 28 21 19 26 19 22 20 242 22 20 20 21 29 37 23 20 29 29 20 31 22 25 19 48 32 36 35 39 40 19 20 43 22 139 19 19 19 20 20
leaf_count=24 20 19 21 21 22 28 21 19 26 19 22 20 242 22 20 20 21 29 37 23 20 29 29 20 31 22 25 19 48 32 36 35 39 40 19 20 43 22 139 19 19 19 20 20
internal_value=0.00168437 0.00656347 0.00422345 0.023247 0.00109299 0.00359775 -0.0246703 -0.0068168 0.0012636 -0.0168938 0.00493768 0.00123352 -0.00392482 0.00947701 0.0388557 -0.00163948 0.022113 -0.00281563 -0.0122431 -0.00202374 -0.0111016 -0.0228563 0.00020657 0.00295481 0.0279355 -0.014106 -0.030162 -0.0176617 0.00479701 0.01053 0.00563127 -0.00227227 -0.000996301 0.00658572 -0.00446618 0.0172692 -0.00784965 -0.0179334 0.00984648 0.0518077 0.00193312 -0.003321 -0.0294362 -0.0194279
internal_weight=1461 592 552 78 474 432 42 38 410 69 341 315 264 41 40 869 41 828 201 128 105 68 627 526 51 101 73 44 486 236 207 57 250 118 58 60 132 65 171 40 67 39 44 40
internal_count=1461 592 552 78 474 432 42 38 410 69 341 315 264 41 40 869 41 828 201 128 105 68 627 526 51 101 73 44 486 236 207 57 250 118 58 60 132 65 171 40 67 39 44 40
cat_boundaries=0 1
cat_threshold=40
is_linear=0
shrinkage=0.129519


Tree=109
num_leaves=23
num_cat=0
split_feature=5 26 11 9 1 8 14 2 1 15 1 14 0 1 14 1 15 26 26 13 5 1
split_gain=1.82811 1.62543 1.63488 1.48352 1.88248 1.71825 1.3719 1.30115 1.61047 1.29386 1.22611 1.75721 1.25348 1.20433 1.66547 1.12359 0.815784 3.48804 1.46934 2.9081 1.90476 0.4
threshold=58.500000000000007 -10.499999999999998 0.96687895796550427 0.9962888416657264 30.500000000000004 1.0000000180025095e-35 0.9953013416090124 29.500000000000004 28.500000000000004 0.12545535980491204 26.500000000000004 -0.94841189720046137 2.5000000000000004 27.500000000000004 0.91852788691372023 24.500000000000004 0.93658841789968572 8.5000000000000018 7.5000000000000009 0.97086220929134248 14.500000000000002 5.5000000000000009
decision_type=2 2 2 2 2 2 2 2 2 2 2 2 2 2 2 2 2 2 2 2 2 2
left_child=1 2 -1 4 5 6 7 13 10 -3 11 -9 -12 14 15 -2 18 -18 19 -11 -20 -5
right_child=3 9 -4 21 -6 -7 -8 8 -10 16 12 -13 -14 -15 -16 -17 17 -19 20 -21 -22 -23
leaf_value=0.0053927343017065258 0.00014149849259734735 -0.0012592211350215305 0.00041506881232604605 -5.8832745483322414e-05 0.00043221631666629119 -0.0019742572720026358 0.00060807419483531011 -0.00064920301686537281 -0.0018168996025234487 0.00045512988759110188 -3.4621035872252318e-05 -9.3449757856142946e-05 0.00017378468109614779 0.00083061042723895186 -0.00097158919137946189 -0.0013356694659396526 -0.0013132705902636098 0.00024296750515195371 0.00044208833512078441 0.0044911971127041643 -0.0075704385494618463 -0.00029770711578519065
leaf_weight=19 405 20 36 20 20 20 28 28 37 36 23 496 25 33 37 37 19 25 35 21 21 20
leaf_count=19 405 20 36 20 20 20 28 28 37 36 23 496 25 33 37 37 19 25 35 21 21 20
internal_value=0.000620557 0.0111654 0.0306136 -0.00137002 -0.000544656 -0.00121874 -0.000563617 -0.00127093 -0.00531688 0.00512223 -0.00362291 -0.00543783 0.0161899 0.00354154 0.00189276 0.00410242 0.00907459 -0.00588723 0.0149004 0.0295395 0 -0.0259038
internal_weight=1461 232 55 1229 1189 1169 1149 1121 609 177 572 524 48 512 479 442 157 44 113 57 56 40
internal_count=1461 232 55 1229 1189 1169 1149 1121 609 177 572 524 48 512 479 442 157 44 113 57 56 40
is_linear=0
shrinkage=0.129519


Tree=110
num_leaves=25
num_cat=0
split_feature=16 16 9 1 11 17 5 0 15 15 0 11 16 11 16 11 16 0 11 11 12 8 11 0
split_gain=1.39726 2.53209 1.22229 1.57889 1.0983 2.41311 1.03724 1.11111 0.848077 0.785618 1.05741 2.75641 4.48734 5.17993 4.55111 4.06349 1.97453 1.78571 1.62279 1.92235 3.70413 2.11804 0.512253 0.4
threshold=-0.94139465211055529 -0.9243908642368559 -0.69057362043749781 13.500000000000002 -0.99467753128998015 1.0000000180025095e-35 18.500000000000004 3.5000000000000004 0.070900298346092461 -0.99885295938472651 1.0000000180025095e-35 -0.86976336936302323 -0.18281016255128033 0.84660111278280559 0.43540432083943342 -0.039769906970920893 -0.8633230285804917 3.5000000000000004 -0.92923668111203817 -0.878119045158818 0.38044648673137205 1.0000000180025095e-35 -0.9470547246821871 1.5000000000000002
decision_type=2 2 2 2 2 2 2 2 2 2 2 2 2 2 2 2 2 2 2 2 2 2 2 2
left_child=2 -2 8 -4 -5 -6 7 23 -1 -8 11 -11 13 -13 -14 -16 17 -12 22 20 -20 -21 -18 -3
right_child=1 6 3 4 5 -7 9 -9 -10 10 16 12 14 -15 15 -17 18 -19 19 21 -22 -23 -24 -25
leaf_value=0.00029628226444012272 -0.0018266559056192115 0.0003658847889139194 -0.001731607707325868 0.00026195613939525845 0.0023164198226957216 0.00019554672122364575 0.00039051994347466767 0.002109699034155229 -0.0012867176726898168 -0.0026869479683156506 0.0025267510288652811 0.0057430110497917256 -0.0033866293768509081 -0.00030890952621646911 -0.00096887803470339939 0.00048827575310143769 -0.0018616737532428965 1.8167780379276384e-05 -9.9244618213704201e-05 -8.3273443959203615e-06 0.00094502741907546419 -0.0004674635222043189 -0.00084574978904820007 -0.001683742674361149
leaf_weight=32 24 20 22 32 28 26 24 32 20 21 28 20 36 26 36 28 22 28 24 831 23 35 23 20
leaf_count=32 24 20 22 32 28 26 24 32 20 21 28 20 36 26 36 28 22 28 24 831 23 35 23 20
internal_value=-8.8651e-05 -0.0014933 0.0113329 0.019188 0.0271087 0.038376 -0.000709972 0.014391 -0.00498151 -0.00161227 -0.00208371 -0.0116335 -0.0053227 0.0281563 -0.0207231 0 -0.000510924 0.0231284 -0.00189276 -0.000709305 0.0248015 -0.00209384 -0.0259038 0
internal_weight=1461 1301 160 108 86 54 1277 72 52 1205 1181 167 146 46 100 64 1014 56 958 913 47 866 45 40
internal_count=1461 1301 160 108 86 54 1277 72 52 1205 1181 167 146 46 100 64 1014 56 958 913 47 866 45 40
is_linear=0
shrinkage=0.129519


Tree=111
num_leaves=21
num_cat=1
split_feature=11 13 1 14 13 1 11 11 14 26 26 5 26 2 20 14 26 2 11 0
split_gain=1.81443 1.4204 2.41499 4.57266 1.72922 2.53519 2.13333 1.5428 1.31165 1.51219 1.91413 1.39022 1.24102 1.1589 1.1547 1.32008 0.859091 1.86343 0.541126 0.512121
threshold=0.99274428880883148 0.99531687387553236 29.500000000000004 0.98899263613956456 -0.96351521935644713 4.5000000000000009 -0.77245553105869302 0.039769539193789956 0.99895983886342388 6.5000000000000009 25.500000000000004 26.500000000000004 -6.4999999999999991 30.500000000000004 0 0.98005052076767474 19.500000000000004 3.5000000000000004 -0.056952163117076689 3.5000000000000004
decision_type=2 2 2 2 2 2 2 2 2 2 2 2 2 2 9 2 2 2 2 2
left_child=1 2 4 18 5 7 -7 -1 9 11 16 -6 -2 -8 -13 -16 17 -11 -4 -3
right_child=12 19 3 -5 8 6 13 -9 -10 10 -12 14 -14 -15 15 -17 -18 -19 -20 -21
leaf_value=-0.00028430102760523297 0.00057955349398350841 -0.00031282463906664976 0.00055394274397694784 -0.0006900280140765305 -0.0015682811661476258 -1.9317700628134788e-05 -0.0010505539198590466 0.0023930597131669846 0.0006175197525990088 -1.5548658544320388e-05 -0.017103592645862829 -0.00053281606400926271 7.6511836449419033e-05 -0.0052139758187326095 -2.4516854805477656e-05 0.0012605144772309216 0.0034052524763808502 0.0025977112936793421 0.0012574799016466557 -0.012268553666987245
leaf_weight=29 22 24 22 20 24 20 21 19 19 29 19 30 34 19 990 39 22 19 20 20
leaf_count=29 22 24 22 20 24 20 21 19 19 29 19 30 34 19 990 39 22 19 20 20
internal_value=0.000265953 -0.000645291 9.51647e-05 0.0250682 -0.00109677 -0.0167895 -0.0345384 0.00539663 0.000326245 -0.000221022 0.016008 -0.00155471 0.0231284 -0.0518077 -0.000856123 -0.000125869 0.0259038 0.0161899 0.0493406 -0.0235489
internal_weight=1461 1405 1361 62 1299 108 60 48 1191 1172 89 1083 56 40 1059 1029 70 48 42 44
internal_count=1461 1405 1361 62 1299 108 60 48 1191 1172 89 1083 56 40 1059 1029 70 48 42 44
cat_boundaries=0 1
cat_threshold=1
is_linear=0
shrinkage=0.129519


Tree=112
num_leaves=24
num_cat=0
split_feature=16 16 14 22 11 1 25 26 5 13 0 13 13 13 1 5 0 0 0 13 5 15 11
split_gain=1.39726 1.39049 1.2831 1.3282 1.70166 1.96 1.80123 1.8 3.6 1.34661 2.48305 2.53266 1.21247 3.68902 1.40063 1.21212 1.03214 1.82857 3.94286 3.18462 2.4381 1.45541 0.144361
threshold=-0.94139465211055529 -0.9243908642368559 0.99895983886342388 1.0000000180025095e-35 0.88119114410046628 4.5000000000000009 1.0000000180025095e-35 -1.0000000180025095e-35 222.50000000000003 0.9800658150361089 2.5000000000000004 0.99467293209889374 0.79317318001497539 0.83966026687266992 7.5000000000000009 220.50000000000003 1.0000000180025095e-35 3.5000000000000004 4.5000000000000009 0.54309393927048744 138.50000000000003 -0.056950583110308796 0.95566275305367776
decision_type=2 2 2 2 2 2 2 2 2 2 2 2 2 2 2 2 2 2 2 2 2 2 2
left_child=16 -2 3 4 6 -6 9 22 -9 12 -11 -12 14 -14 -3 -5 -1 20 -19 -20 -18 -22 -7
right_child=1 2 -4 15 5 7 -8 8 -10 10 11 -13 13 -15 -16 -17 17 18 19 -21 21 -23 -24
leaf_value=0.0068007723759636778 -0.0015868935905888038 -0.00031021155914321531 0.00053753912160376381 -7.7362160703536682e-06 0.009718009553720295 0.0033804449269601647 -0.0018311576860489081 -0.0018848168671306326 0.00049389026734118682 -0.00036592407420001912 0.0046319249802186258 0.0012788155903815832 -0.0034108708922557223 -4.0203183394375289e-05 0.00011221821387092482 -0.001927380006045504 -0.0046634944627660536 0.0056006859864190777 -0.0016367434958184507 0.00098578618307739807 0.00055138571109550295 -0.00035609568238031692 0.00079321795644058995
leaf_weight=20 24 189 21 20 20 19 32 20 20 31 21 23 20 144 652 24 28 24 26 20 22 20 21
leaf_count=20 24 189 21 20 20 19 32 20 20 31 21 23 20 144 652 24 28 24 26 20 22 20 21
internal_value=-8.8651e-05 -0.0014933 -0.000912821 -0.00144368 -0.000641184 0.0155423 -0.00209653 0.00647596 -0.0129519 -0.00119925 0.0155423 0.0353234 -0.00244862 -0.012636 -0.000462018 -0.0235489 0.0113329 0.00740109 0.0222033 0 -0.00740109 0.0123352 0.0259038
internal_weight=1461 1301 1277 1256 1212 100 1112 80 40 1080 75 44 1005 164 841 44 160 140 70 46 70 42 40
internal_count=1461 1301 1277 1256 1212 100 1112 80 40 1080 75 44 1005 164 841 44 160 140 70 46 70 42 40
is_linear=0
shrinkage=0.129519


Tree=113
num_leaves=24
num_cat=0
split_feature=14 26 14 13 14 26 13 5 1 1 8 10 10 0 0 10 14 0 13 13 13 1 0
split_gain=1.2009 1.47501 1.46742 1.93044 1.458 2.25302 1.58675 2.29209 1.51295 2.86351 1.33121 1.08833 2.72678 1.35517 1.05551 3.20675 2.82177 0.929714 0.76719 1.57262 2.05714 1.23705 0.986113
threshold=0.99895983886342388 21.500000000000004 0.95043692734339424 0.21127135955888851 0.52948268293834722 7.5000000000000009 0.62671365618031138 259.50000000000006 29.500000000000004 28.500000000000004 1.0000000180025095e-35 0.86439018870140905 0.82293497932636273 3.5000000000000004 3.5000000000000004 -0.46039597980994912 0.98700317879589627 3.5000000000000004 0.48219581461954475 -0.32003757145143863 -0.39825381344972649 21.500000000000004 3.5000000000000004
decision_type=2 2 2 2 2 2 2 2 2 2 2 2 2 2 2 2 2 2 2 2 2 2 2
left_child=1 2 4 14 5 8 18 17 9 11 -10 12 -1 -13 16 -16 -4 -8 19 20 21 -6 -21
right_child=-2 -3 3 -5 6 -7 7 -9 10 -11 -12 13 -14 -15 15 -17 -18 -19 -20 22 -22 -23 -24
leaf_value=-3.1417145769188787e-05 0.00046791751363155063 0.0022980699372302437 0.0048040566972289995 -0.0013409188844967532 -3.4562435235906626e-05 -0.0011977419047000473 0.00065822011224461524 -0.0057717617545078315 0.000648691026778744 -0.0011920955386307279 1.3747880896142396e-05 -0.002288823494806191 0.0026045922180298409 0.0003218423016943593 0.0002519666275097139 -0.0019706885767172685 -0.0016035271159502067 0.0021807488844971953 -0.00020879377268094801 0.0023939018240940577 -0.0011817901557431656 0.00068255589933917393 0.00030049142757936911
leaf_weight=799 21 35 27 20 107 26 32 20 19 32 31 33 24 23 20 19 23 22 34 22 20 33 19
leaf_count=799 21 35 27 20 107 26 32 20 19 32 31 33 24 23 20 19 23 22 34 22 20 33 19
internal_value=8.8651e-05 -0.000359775 -0.00101403 -0.0154472 0.000199875 -0.00223083 0.00796396 0.0245036 -0.00121298 -0.00241693 0.0207231 -0.00103144 0.000157374 -0.0185027 -0.00727636 -0.023247 0.00518077 0.038376 0.00275573 0.00579936 0 0.00555082 0.028431
internal_weight=1461 1440 1405 109 1296 987 309 74 961 911 50 879 823 56 89 39 50 54 235 201 160 140 41
internal_count=1461 1440 1405 109 1296 987 309 74 961 911 50 879 823 56 89 39 50 54 235 201 160 140 41
is_linear=0
shrinkage=0.129519


Tree=114
num_leaves=21
num_cat=0
split_feature=14 26 14 14 14 14 2 13 5 0 13 14 1 13 14 14 1 16 11 14
split_gain=1.18709 1.45487 2.03435 2.61737 1.2679 1.16348 1.17921 3.66405 1.98856 1.3217 1.16618 1.12429 1.06789 1.06724 1.00438 2.39426 1.76913 1.07044 1.08848 0.214658
threshold=0.99895983886342388 21.500000000000004 0.95043692734339424 0.97740615865730918 0.98700317879589627 0.93313652766413646 44.500000000000007 -0.38640321612842066 297.50000000000006 1.0000000180025095e-35 -0.60897148302369042 0.99397208639875323 26.500000000000004 -0.72400001285547189 0.71050481915882269 0.76696511442552651 22.500000000000004 -0.99054309756674508 0.93315540453694978 -0.98371105771731127
decision_type=2 2 2 2 2 2 2 2 2 2 2 2 2 2 2 2 2 2 2 2
left_child=1 2 5 12 -5 6 8 9 14 -8 13 -6 -4 -11 17 -16 -17 -1 -19 -10
right_child=-2 -3 3 4 11 -7 7 -9 19 10 -12 -13 -14 -15 15 16 -18 18 -20 -21
leaf_value=-0.00025165310176786015 0.00040731323686709253 0.0020004258815097108 -0.00097487798777756024 0.0074130550732099277 -0.0016650861726126966 0.00016662100641965906 -0.001310805851262965 -0.0015358930048449272 0.00025758174724916239 3.5655031566222506e-05 0.002706637429011578 0.00015110993769620328 -7.5842078227070651e-05 -0.0017335008513339229 0.0014420313609981618 -6.0590112775410397e-05 0.0005808819435798256 -6.093047373985602e-05 0.00012820387139156079 0.00027442025740856874
leaf_weight=32 21 35 23 22 22 21 26 22 25 99 34 23 19 21 30 96 22 739 108 21
leaf_count=32 21 35 23 22 22 21 26 22 25 99 34 23 19 21 30 96 22 739 108 21
internal_value=0.000265953 -0.000179888 -0.00082966 -0.0178237 -0.00193312 0.000599626 0.000101584 -0.00897657 0.00181061 -0.0028782 0.00168207 -0.014391 -0.043173 -0.0043173 0.00063057 0.0105016 0.00219524 -0.00103144 -0.000152915 0.0281563
internal_weight=1461 1440 1405 109 67 1296 1275 202 1073 180 154 45 42 120 1027 148 118 879 847 46
internal_count=1461 1440 1405 109 67 1296 1275 202 1073 180 154 45 42 120 1027 148 118 879 847 46
is_linear=0
shrinkage=0.129519


Tree=115
num_leaves=27
num_cat=0
split_feature=13 13 13 12 26 10 25 13 12 12 23 10 5 15 5 15 15 13 0 10 14 12 2 12 1 13
split_gain=0.772707 0.844094 2.52379 1.31701 2.048 1.56514 2.61905 1.75208 0.986376 1.79142 1.53465 1.50164 1.44466 1.35953 1.35 1.31703 1.70415 1.25141 0.952381 0.952381 0.859524 0.845455 1.16697 1.29395 0.739496 0.4
threshold=0.99897542822295915 0.87292453004110737 0.84659719826762914 0.70747208174348741 3.5000000000000004 0.14888728888808322 1.0000000180025095e-35 0.9800658150361089 -0.44697929599948466 -0.32003627663099959 1.0000000180025095e-35 -0.49065906150552335 297.50000000000006 0.94496830006774635 126.50000000000001 -0.37047204817235679 -0.48031983407552653 0.76070426302234284 2.5000000000000004 -0.92272482904738273 0.34436929362800867 -0.54760613975548533 10.500000000000002 -0.75015199441507729 8.5000000000000018 -0.18281597401273728
decision_type=2 2 2 2 2 2 2 2 2 2 2 2 2 2 2 2 2 2 2 2 2 2 2 2 2 2
left_child=1 2 8 4 5 7 -7 20 11 14 13 -1 21 15 -10 16 -11 -17 -9 -15 24 22 -13 -24 -3 -16
right_child=-2 3 -4 -5 -6 6 -8 18 9 10 -12 12 -14 19 25 17 -18 -19 -20 -21 -22 -23 23 -25 -26 -27
leaf_value=0.0015294657039163118 -0.00040891619280764745 -3.3541121158524927e-05 -0.001380027573284959 0.00014902340938828011 -0.0010466396884765132 0.0032176726177491461 0.00013402868495934099 -0.00015542476076387481 0.00049366543664731662 -7.6448125442577235e-05 -0.00040100766162521988 0.0031401495003940834 0.00019789975288849354 -9.9296159061981759e-05 -0.00047206111112682022 0.00010087061489107778 -0.0009602669376834774 0.0011912769996042989 0.001365512220242449 -0.00031693787877786763 0.00033814732372311219 -0.0081339134192515462 0.00012555461573417076 -0.00016304201430323922 -0.0010946098253255922 -0.0029310327883568859
leaf_weight=20 20 22 24 20 26 20 22 20 24 188 22 30 40 20 20 397 28 22 28 28 24 20 249 73 34 20
leaf_count=20 20 22 24 20 26 20 22 20 24 188 22 30 40 20 20 397 28 22 28 28 24 20 249 73 34 20
internal_value=-0.000620557 -0.000269644 -0.00158595 0.00719551 0.00396487 0.00914253 0.0308379 0.00202374 -0.000754899 -0.00353693 -0.00165344 0.00419738 0.00251493 -0.000568898 -0.0242848 0.00101984 -0.00719551 0.00525495 0.0215865 -0.0215865 -0.00971394 0 0.00147181 -0.000804467 -0.0185027 -0.0388557
internal_weight=1461 1441 1225 216 196 170 42 128 1201 769 705 432 412 683 64 635 216 419 48 48 80 372 352 322 56 40
internal_count=1461 1441 1225 216 196 170 42 128 1201 769 705 432 412 683 64 635 216 419 48 48 80 372 352 322 56 40
is_linear=0
shrinkage=0.129519


Tree=116
num_leaves=25
num_cat=0
split_feature=10 0 2 9 12 8 9 14 2 10 14 12 2 12 26 1 14 26 0 5 0 1 12 1
split_gain=0.845387 1.83732 1.06765 0.843713 2.58692 1.91393 0.911658 0.959972 2.35363 1.02236 0.948289 2.09921 0.866228 1.14664 0.866129 0.791919 1.45606 0.833679 0.654047 1.78505 1.25409 1.20062 0.79013 0.1
threshold=0.99249573635719013 3.5000000000000004 50.500000000000007 -0.85227431625818906 -0.51850034946736112 1.0000000180025095e-35 -0.8041866928211282 0.61406596158459648 33.500000000000007 0.93158198870884079 0.35645267952621967 0.19969739736768835 36.500000000000007 -0.71502926860092908 3.5000000000000004 16.500000000000004 0.81800285027139286 15.500000000000002 2.5000000000000004 287.50000000000006 1.5000000000000002 12.500000000000002 -0.94703994556331683 24.500000000000004
decision_type=2 2 2 2 2 2 2 2 2 2 2 2 2 2 2 2 2 2 2 2 2 2 2 2
left_child=2 -2 3 4 12 6 23 9 15 10 14 -12 -1 18 -8 17 -17 -9 20 21 22 -20 -14 -5
right_child=1 -3 -4 5 -6 -7 7 8 -10 -11 11 -13 13 -15 -16 16 -18 -19 19 -21 -22 -23 -24 -25
leaf_value=-0.00048569337661680777 -0.00063217794534332753 0.0024498207770744279 -0.00079531975250489895 -0.00016391217203944706 0.0020487589027540546 -0.0003328687113082373 -4.3407375738138709e-05 -0.00015176674021267017 0.00067159193211609777 -0.00056853168559076195 -5.8215955252183965e-05 0.00088235229566411058 0.00029435077113210394 0.0002132457730356727 -0.00073440061961586335 0.00064194462315741183 -4.170104982663285e-05 0.0018288359367471521 -1.3785598624507811e-05 -0.0012215263796146935 -0.0017176541999711118 0.0012051552880167342 -0.00073466429350136254 -0.0010168700021281666
leaf_weight=30 33 24 34 20 20 32 671 89 32 32 48 36 22 31 25 48 40 21 32 24 26 43 28 20
leaf_count=30 33 24 34 20 20 32 671 89 32 32 48 36 22 31 25 48 40 21 32 24 26 43 28 20
internal_value=0.000443255 0.0159059 -0.0001845 0.000378158 0.00708308 -0.00116265 -0.000239407 0.000497194 0.00788377 -0.00159506 -0.000664201 0.0123352 0.00329286 0.00628734 -0.00223309 0.00261655 0.0117745 -0.00470979 0.00222033 0.00915792 -0.0068168 0.0189961 0.00518077 -0.0194279
internal_weight=1461 57 1404 1370 256 1114 1082 1042 230 812 780 84 236 206 696 198 88 110 175 99 76 75 50 40
internal_count=1461 57 1404 1370 256 1114 1082 1042 230 812 780 84 236 206 696 198 88 110 175 99 76 75 50 40
is_linear=0
shrinkage=0.129519


Tree=117
num_leaves=20
num_cat=0
split_feature=26 1 5 26 5 15 15 15 0 15 16 15 11 1 26 26 2 0 1
split_gain=0.797963 3.71228 2.47505 1.78141 1.15227 1.14035 0.749196 0.887832 1.10678 2.90422 1.24804 1.08039 2.50298 2.58122 0.633221 1.19172 3.59543 1.19216 0.466667
threshold=6.5000000000000009 7.5000000000000009 28.500000000000004 17.500000000000004 36.500000000000007 0.94496830006774635 -0.99885295938472651 -0.96795400926015729 2.5000000000000004 -0.98292201184843975 -0.078405322490938636 -0.87603313289604434 -0.53585195597499147 14.500000000000002 -22.499999999999996 -1.4999999999999998 11.500000000000002 2.5000000000000004 12.500000000000002
decision_type=2 2 2 2 2 2 2 2 2 2 2 2 2 2 2 2 2 2 2
left_child=2 -2 -1 5 -4 -3 -6 8 10 -10 -8 12 18 -14 -13 17 -17 -16 -9
right_child=1 3 4 -5 6 -7 7 11 9 -11 -12 14 13 -15 15 16 -18 -19 -20
leaf_value=-0.00072826147658562243 -0.0053981032634040664 0.0008653523934600214 0.0023528278086269718 0.00022876553504006328 0.0004313168341738693 0.0020911004873223125 -0.0011338398481882872 -8.049213033610122e-05 -5.8482345288531687e-07 -0.0057261031369903997 0.0024274935775904088 -0.00081649450546470912 0.00030060917627497429 0.00071422727936612019 0.0008995552965562236 -0.0096321842527633227 -2.2562458086607572e-05 -7.5931272806249503e-06 -0.00013862889587563446
leaf_weight=31 20 19 23 37 24 20 19 28 37 20 20 22 38 26 30 21 968 38 20
leaf_count=31 20 19 23 37 24 20 19 28 37 20 20 22 38 26 30 21 968 38 20
internal_value=-0.000620557 0.0107933 -0.00142329 0.0238588 -0.000582545 0.043173 -0.00108674 -0.00150955 -0.0134916 -0.0249949 0.003321 -0.000543741 0.0115642 0.0283323 -0.00180054 -0.00134788 -0.00248823 0.0152375 -0.0107933
internal_weight=1461 96 1365 76 1334 39 1311 1287 96 57 39 1191 112 64 1079 1057 989 68 48
internal_count=1461 96 1365 76 1334 39 1311 1287 96 57 39 1191 112 64 1079 1057 989 68 48
is_linear=0
shrinkage=0.129519


Tree=118
num_leaves=24
num_cat=1
split_feature=13 1 26 26 26 26 11 1 0 9 0 15 20 15 26 26 13 15 9 0 9 14 1
split_gain=0.783582 0.755073 2.37842 3.36743 2.10457 3.6 2.96053 2.05924 3.73631 1.6 1.51866 2.63158 1.40797 1.18298 1.16182 1.84998 1.75019 0.851089 0.874527 2.93492 1.22483 1.66538 0.988034
threshold=0.99897542822295915 15.500000000000002 -16.499999999999996 -1.0000000180025095e-35 -12.499999999999998 -21.499999999999996 0.97508442350096225 13.500000000000002 1.5000000000000002 -0.72696319516528884 4.5000000000000009 0.70290942831342285 0 -0.86330057456837561 21.500000000000004 3.5000000000000004 0.99037671279769313 -0.81426931664987068 -0.97876850416056749 2.5000000000000004 -0.85227431625818906 -0.92600560940762588 27.500000000000004
decision_type=2 2 2 2 2 2 2 2 2 2 2 2 9 2 2 2 2 2 2 2 2 2 2
left_child=1 2 -1 -4 5 -3 13 12 -9 -8 11 -10 -5 -6 15 16 -14 -15 19 -19 22 -22 -20
right_child=-2 4 3 7 6 -7 9 8 10 -11 -12 -13 14 17 -16 -17 -18 18 20 -21 21 -23 -24
leaf_value=-0.006345224168186712 -0.00047252167178017521 -0.00048489282832776695 0.00052884222089268486 -0.00064497981830166575 0.00061881456319994542 0.0048283676786431452 -0.00015840869716555068 -0.00081633511383368115 0.011779411693977497 -0.0015720416593178331 0.0001160936965636489 0.0013651928584976145 -5.0907761860540731e-07 -0.0033297375220087098 0.0044211021840661639 -0.0025679844974145346 0.0013134219706837382 -0.0010904337774110423 0.00012387095667636475 0.0009499671115993538 -0.001607108817906709 -5.5571300217162525e-05 0.00026886444969912598
leaf_weight=34 20 20 36 26 27 20 20 26 19 20 22 19 461 23 21 20 20 21 52 24 25 465 20
leaf_count=34 20 20 36 26 27 20 20 26 19 20 22 19 461 23 21 20 20 21 52 24 25 465 20
internal_value=-0.000443255 -8.98814e-05 0.00294362 0.00463949 -0.00298755 0.0259038 -0.00464559 0.00245147 0.0210845 -0.0388557 0.0388557 0.0545344 -0.000472698 -0.00256278 0.000992484 -0.000258521 0.00134635 -0.00370055 -0.00277389 -0.0201474 -0.00138277 -0.00370055 0.014391
internal_weight=1461 1441 704 670 737 40 697 634 86 40 60 38 548 657 522 501 481 630 607 45 562 490 72
internal_count=1461 1441 704 670 737 40 697 634 86 40 60 38 548 657 522 501 481 630 607 45 562 490 72
cat_boundaries=0 1
cat_threshold=1
is_linear=0
shrinkage=0.129519


Tree=119
num_leaves=30
num_cat=1
split_feature=11 11 1 1 9 14 2 13 13 15 15 26 1 20 9 1 8 9 16 14 0 0 10 1 14 2 15 0 11
split_gain=1.65632 1.74942 0.873381 1.42372 4.18874 1.39919 1.13577 1.11724 1.46066 0.988199 1.19774 1.11741 0.945378 0.886115 1.05962 1.49333 1.44605 2.38482 1.92944 1.46512 1.25707 0.850632 0.898129 0.784029 0.628107 0.609081 0.512121 0.463409 0.4
threshold=0.9962888416657264 0.99196248624718542 18.500000000000004 16.500000000000004 0.24372619187392147 0.66366580851556523 4.5000000000000009 0.87759045624936116 0.81801561569001935 0.82232367638424475 0.78125476209224975 21.500000000000004 2.5000000000000004 0 -0.85227431625818906 28.500000000000004 1.0000000180025095e-35 -0.38242426011641079 -0.64251154504523245 0.94634739976722482 2.5000000000000004 4.5000000000000009 0.14888728888808322 7.5000000000000009 -0.6588267442005078 41.500000000000007 0.98091558679606183 3.5000000000000004 0.99898004730802425
decision_type=2 2 2 2 2 2 2 2 2 2 2 2 2 9 2 2 2 2 2 2 2 2 2 2 2 2 2 2 2
left_child=1 2 3 7 24 -6 26 8 9 10 11 -1 -9 -8 15 20 17 18 -16 -19 -15 22 23 -14 -5 -22 -4 -11 -2
right_child=28 -3 6 4 5 -7 13 12 -10 27 -12 -13 21 14 16 -17 -18 19 -20 -21 25 -23 -24 -25 -26 -27 -28 -29 -30
leaf_value=-2.7178577827576439e-05 -0.00095082853792866886 0.00028454815007779516 -0.00040579805168054051 -0.0014488591656544999 0.0015049552120833083 0.00060788976337476826 0.00040982069077141113 -0.00028812705043198037 -0.00016536180512326796 -0.00012912183602733585 0.00069523660038057046 0.0038484848048030693 0.00055280057244487578 -0.00080153947073580232 -0.0003712258824320082 0.00013906793830809123 -0.00052165952907313887 -6.6788414293969531e-05 -0.0014788596283184124 0.0013885370895124125 0.00027605619281821056 0.0012086731791718787 0.00041598498623115668 -0.0016506180281477326 0.0010361655398584307 0.0011454999777300659 -4.3755410197833237e-05 -0.00073403972259893709 -5.7335829733753953e-05
leaf_weight=494 20 20 20 20 19 20 22 24 24 21 28 23 29 37 61 25 32 265 24 33 22 28 26 19 21 21 24 19 20
leaf_count=494 20 20 20 20 19 20 22 24 24 21 28 23 29 37 61 25 32 265 24 33 22 28 26 19 21 21 24 19 20
internal_value=8.8651e-05 0.000820318 0.000277343 0.00301946 0.0194279 0.0498151 -0.00353636 0.00123352 -0.00106338 0.0002214 0.00166355 0.000250521 0.0123352 -0.00191172 -0.0029889 0.00863461 -0.00592979 -0.00371987 -0.0228563 0.00173851 0 0.0177771 0.0105016 0 -0.00947701 0.0150604 -0.0235489 -0.0194279 -0.0259038
internal_weight=1461 1421 1401 815 80 39 586 735 609 585 545 517 126 542 520 105 415 383 85 298 80 102 74 48 41 43 44 40 40
internal_count=1461 1421 1401 815 80 39 586 735 609 585 545 517 126 542 520 105 415 383 85 298 80 102 74 48 41 43 44 40 40
cat_boundaries=0 1
cat_threshold=1
is_linear=0
shrinkage=0.129519


Tree=120
num_leaves=24
num_cat=1
split_feature=15 19 10 1 1 26 11 1 16 14 14 0 14 14 14 14 10 0 16 2 1 0 15
split_gain=0.728831 0.824814 1.70258 1.27785 1.45358 1.24416 1.17438 1.9931 1.42977 1.39894 1.12231 2.04901 1.38103 1.69592 1.47277 1.19312 1.15287 2.74694 1.75126 0.785965 0.77299 1.92657 2.13296
threshold=-0.99885295938472651 0 0.71952396275653763 29.500000000000004 27.500000000000004 -10.499999999999998 0.62585923293574564 6.5000000000000009 0.51113019672828197 0.57253657439026184 0.98899263613956456 2.5000000000000004 0.97459910280005768 0.95043692734339424 0.836143665535245 0.80289050446179322 0.50370931781787065 1.5000000000000002 0.40219869027840577 29.500000000000004 23.500000000000004 1.5000000000000002 0.51295437088821561
decision_type=2 9 2 2 2 2 2 2 2 2 2 2 2 2 2 2 2 2 2 2 2 2 2
left_child=-1 2 3 4 5 -2 8 -8 19 -10 12 -12 13 14 15 16 18 -18 -3 -7 21 -16 -23
right_child=1 10 -4 -5 -6 6 7 -9 9 -11 11 -13 -14 -15 20 -17 17 -19 -20 -21 -22 22 -24
leaf_value=0.00048417237323889113 0.0049666885117901583 0.00010567928816965452 0.00063636386220130388 0.0035671031860356442 -0.00023171309529129681 0.00067971950901402664 0.00064200777310587955 -0.00071716977651979685 0.00012391782102468536 -0.0034168643678594373 -0.0012486869256808188 3.0999234993620814e-05 0.0017590783366913572 -0.00037262134834299497 -0.00017723431483791053 -0.0017590399027177987 6.901142058535095e-05 -0.00032667361223451675 -0.00014753262249337507 0.00020367106639590461 -3.7151898166037615e-05 0.0030283322964800544 0.00037392152284883843
leaf_weight=24 19 343 32 19 26 21 20 29 213 28 23 32 32 32 22 24 89 225 107 19 33 26 23
leaf_count=24 19 343 32 19 26 21 20 29 213 28 23 32 32 32 22 24 89 225 107 19 33 26 23
internal_value=-0.000797859 -0.00117171 0.00356475 0.00131492 -0.000345384 0.00185558 0 -0.0185027 0.00322646 -0.000537424 -0.00317138 -0.021194 -0.00216768 -0.00308379 -0.00203281 -0.00394475 -0.0030515 -0.00907459 0.00115128 0.0259038 0.0124538 0.0200663 0.0343622
internal_weight=1461 1437 426 394 375 349 330 49 281 241 1011 55 956 924 892 788 764 314 450 40 104 71 49
internal_count=1461 1437 426 394 375 349 330 49 281 241 1011 55 956 924 892 788 764 314 450 40 104 71 49
cat_boundaries=0 1
cat_threshold=53
is_linear=0
shrinkage=0.129519


Tree=121
num_leaves=19
num_cat=0
split_feature=11 11 17 9 14 14 1 1 12 9 17 14 16 14 14 14 14 16
split_gain=0.834773 1.86877 0.9 0.749115 0.811946 1.67504 1.03718 2.47812 2.37927 0.965785 0.99594 0.998727 0.9 0.696624 1.60374 1.50277 1.50062 1.32115
threshold=0.9962888416657264 0.99196248624718542 1.0000000180025095e-35 0.99907018497641642 0.95043692734339424 0.97459910280005768 29.500000000000004 28.500000000000004 0.45847758937963173 -0.85227431625818906 1.0000000180025095e-35 0.98899263613956456 -0.14676336990063837 -0.73282764931651345 -0.6967548280657393 -0.64906656867437851 -0.76694915615100767 -0.48313741114591613
decision_type=2 2 2 2 2 2 2 2 2 2 2 2 2 2 2 2 2 2
left_child=1 3 -2 4 6 12 7 13 -8 -7 11 -11 -6 16 -15 -16 17 -1
right_child=2 -3 -4 -5 5 9 8 -9 -10 10 -12 -13 -14 14 15 -17 -18 -19
leaf_value=-0.0003254568546297898 5.8709873078554033e-06 0.00024229403085221487 -0.00079564900768607318 -0.00028535938239264061 -0.00032435974952400653 0.001143870429200853 0.00078961646477507805 -0.00088733295069863408 -0.0002854135188984582 0.0053336423553050757 -0.00072270067361656742 -0.00018568516449572633 -0.00044331817796584941 0.0013778071518797115 -0.00069764229139393876 2.97055514517287e-05 -0.0019828855669281973 8.6678174201931254e-05
leaf_weight=99 20 20 20 20 20 24 25 33 22 22 28 31 20 20 28 793 20 196
leaf_count=99 20 20 20 20 20 24 25 33 22 22 28 31 20 20 28 793 20 196
internal_value=-0.000975161 -0.000455732 -0.0194279 -0.00101692 -0.000656505 -0.00982559 0.000419156 -0.000326793 0.0192901 -0.00123352 -0.00799501 0.00244376 -0.0323798 0.000672245 0.0026181 0.00173534 -0.00452289 -0.00219524
internal_weight=1461 1421 40 1401 1381 145 1236 1189 47 105 81 53 40 1156 841 821 315 295
internal_count=1461 1421 40 1401 1381 145 1236 1189 47 105 81 53 40 1156 841 821 315 295
is_linear=0
shrinkage=0.129519


Tree=122
num_leaves=31
num_cat=2
split_feature=14 10 5 23 1 1 20 13 13 13 9 13 13 26 11 10 11 6 11 19 2 11 5 14 1 5 1 6 14 1
split_gain=0.782081 1.52815 1.03419 0.907695 1.68804 1.1749 2.41121 1.68686 3.43214 2.37102 1.52365 1.49047 1.61654 1.28103 3.19418 1.58988 1.10037 1.09229 0.946509 0.8385 2.62312 1.68696 0.82191 0.877786 0.814508 0.355556 0.261308 0.557873 0.716472 0.192063
threshold=0.95043692734339424 -0.53495380374625956 118.50000000000001 1.0000000180025095e-35 19.500000000000004 18.500000000000004 0 0.76070426302234284 0.81801561569001935 0.72620980401264112 -0.69057362043749781 0.87292453004110737 0.92230992668936429 -18.499999999999996 0.77241981449888963 0.56191161272202661 -0.97509344079810367 1.0000000180025095e-35 -0.10837644903917548 1 31.500000000000004 -0.47653456831620439 24.500000000000004 -0.94841189720046137 23.500000000000004 244.50000000000003 7.5000000000000009 1.0000000180025095e-35 0.72842333828400052 6.5000000000000009
decision_type=2 2 2 2 2 2 9 2 2 2 2 2 2 2 2 2 2 2 2 9 2 2 2 2 2 2 2 2 2 2
left_child=3 -2 -3 5 -5 7 -7 9 -9 10 26 -10 -13 -8 22 -16 -12 18 -14 20 -18 -21 -15 -24 -25 -4 -1 28 -28 -27
right_child=1 2 25 4 -6 6 13 8 11 -11 16 12 17 14 15 -17 19 -19 -20 21 -22 -23 23 24 -26 29 27 -29 -30 -31
leaf_value=-8.3242986261688543e-05 -0.00084340428713246848 -0.00016638890766576309 0.00025011609930529005 -1.9949973407633356e-05 0.0014951640375560171 0.00050931151798422358 0.0021743084338425641 0.00097047642770569005 -0.00024222689575125763 -0.0039287360897019312 0.0067898306702960862 0.0015707109254918046 -0.00034297994682172338 -0.00014784366950821388 -0.0013058436967493885 -0.00027048432966493292 0.00010290414417334915 0.00093280396090553923 0.00025233244340940725 9.1532005897033015e-05 0.00048917259256801545 -0.0041904367912858611 -0.00019923801572648684 -0.00044633875492110507 0.000179009867742124 3.028018909341644e-05 -0.00031838093964566173 -5.3100883312150024e-05 0.00017344432615568311 -0.00018628951697728237
leaf_weight=29 28 36 36 36 19 20 22 20 22 21 33 24 37 23 29 32 279 30 27 63 20 43 34 174 185 21 38 27 29 24
leaf_count=29 28 36 36 36 19 20 22 20 22 21 33 24 37 23 29 32 279 30 27 63 20 43 34 174 185 21 38 27 29 24
internal_value=-0.000797859 -0.00982559 -0.003321 0.000196838 0.0164843 -0.000513557 -0.00524066 0.00279287 0.0145709 -0.000445083 0.00115436 0.00740109 0.0131714 -0.00700805 -0.00841739 -0.0360955 0.00473129 0.00551145 -0.00404747 0.0028782 0.00628734 -0.00669927 -0.00435882 -0.00296609 -0.00108233 0.00479701 -0.011583 -0.00826718 -0.00193312 -0.0028782
internal_weight=1461 145 117 1316 55 1261 519 742 160 582 561 140 118 499 477 61 438 94 64 405 299 106 416 393 359 81 123 94 67 45
internal_count=1461 145 117 1316 55 1261 519 742 160 582 561 140 118 499 477 61 438 94 64 405 299 106 416 393 359 81 123 94 67 45
cat_boundaries=0 1 2
cat_threshold=1 44
is_linear=0
shrinkage=0.129519


Tree=123
num_leaves=29
num_cat=1
split_feature=8 2 19 5 15 5 5 2 2 26 13 0 1 26 10 2 2 15 15 0 1 14 15 0 1 1 9 1
split_gain=1.84086 4.08333 1.50849 2.13347 1.37149 1.65641 1.26686 2.21531 1.57455 1.3642 2.01797 3.33333 1.8087 1.58142 1.02531 4.22078 1.52308 1.06597 1.12552 2.36351 1.94605 1.12349 0.899366 0.686821 4.60853 3.26043 0.486698 0.454718
threshold=1.0000000180025095e-35 26.500000000000004 0 46.500000000000007 -0.54490825627601114 84.500000000000014 62.500000000000007 7.5000000000000009 10.500000000000002 16.500000000000004 0.8516941891423423 2.5000000000000004 14.500000000000002 21.500000000000004 -0.77243990499604276 31.500000000000004 30.500000000000004 -0.99323793665845683 -0.88619840451485199 1.5000000000000002 12.500000000000002 0.9953013416090124 -0.72694302724356785 3.5000000000000004 24.500000000000004 9.5000000000000018 0.99761913169647187 12.500000000000002
decision_type=2 2 9 2 2 2 2 2 2 2 2 2 2 2 2 2 2 2 2 2 2 2 2 2 2 2 2 2
left_child=2 -2 3 -1 -5 -6 7 9 -8 10 12 -12 -4 -11 15 16 23 -16 19 -19 -21 22 -20 25 -25 -10 27 -7
right_child=1 -3 6 4 5 26 8 -9 14 13 11 -13 -14 -15 17 -17 -18 18 21 20 -22 -23 -24 24 -26 -27 -28 -29
leaf_value=0.00044966850348498506 -0.0011373594395804796 0.00032173739772320295 -0.00015812790800208922 0.0025738725535060921 -0.0024218205907017652 -0.00025768538603108943 0.0041401244351259268 -0.0035571881265536701 -0.00054478088357746946 -0.0012055510190821341 0.0015753378460153988 -0.00021156332156207347 0.002099880105936449 -7.1194979307351129e-06 -0.00041974283423216698 0.00054961010500112278 -0.00144580544124212 0.00063484601078727461 -0.003328870357831205 -0.0060551457870446522 0.00031391332883047465 0.0012990607826532841 -4.6399065063356423e-05 0.00012630576933542965 -0.0041998721790847014 0.00064564479539537881 0.00011892384465178149 0.00034943736181440062
leaf_weight=32 24 24 26 35 22 25 35 33 43 20 24 30 20 29 33 22 26 29 49 43 29 24 503 85 29 103 28 36
leaf_count=32 24 24 26 35 22 25 35 33 43 20 24 30 20 29 33 22 26 29 49 43 29 24 503 85 29 103 28 36
internal_value=-0.00203897 -0.0269832 -0.00119161 0.00964504 0.00354847 -0.00350052 -0.00280885 -0.0128096 -0.001107 -0.00608479 0.00259038 -0.014391 0.0225251 -0.0237892 -0.00203566 0.00420517 0 -0.00474295 -0.00363495 0.00897657 -0.00359775 -0.00584635 -0.00703908 0.0029889 -0.00454453 0.00887117 0.00436581 -0.00212326
internal_weight=1461 48 1413 178 146 111 1235 182 1053 149 100 54 46 49 1018 308 286 710 677 101 72 576 552 260 114 146 89 61
internal_count=1461 48 1413 178 146 111 1235 182 1053 149 100 54 46 49 1018 308 286 710 677 101 72 576 552 260 114 146 89 61
cat_boundaries=0 1
cat_threshold=48
is_linear=0
shrinkage=0.129519


Tree=124
num_leaves=41
num_cat=1
split_feature=8 2 0 16 16 16 16 16 18 11 19 0 1 0 16 16 11 0 11 11 1 1 0 15 16 0 13 3 16 16 16 16 16 0 0 10 15 0 15 11
split_gain=1.19285 3 1.43329 4.70343 2.42946 3.97423 3.3849 2.71515 2.44945 3.05103 2.01793 2.80971 5.99287 3.23 2.59848 2.52958 2.4916 1.93506 5.11491 2.64145 5.40111 3.206 4.24258 2.91679 2.44577 2.19066 2.04 2.6235 1.31331 4.29235 2.33517 1.61131 2.78738 1.6444 1.55466 2.50216 1.32254 1.27452 1.20117 0.963409
threshold=1.0000000180025095e-35 26.500000000000004 1.0000000180025095e-35 0.93469109537144635 0.78055612251570128 0.25829915227078853 -0.046213337480098593 0.48312959229596719 1.0000000180025095e-35 0.77241981449888963 0 4.5000000000000009 19.500000000000004 2.5000000000000004 -0.15101602693478733 -0.22700609751797832 0.72692958206603386 4.5000000000000009 -0.93545056548590078 0.78325454425165997 22.500000000000004 11.500000000000002 3.5000000000000004 0.40319675393412696 -0.95629206636249531 3.5000000000000004 -0.23955531300190366 5.5000000000000009 0.24164313636530463 0.17435360825960225 0.48312959229596719 0.68743175015171565 0.75012598036305445 4.5000000000000009 4.5000000000000009 -0.36648370705903521 0.99049901459377832 2.5000000000000004 -0.90163369914317004 -0.90893575921103265
decision_type=2 2 2 2 2 2 2 2 2 2 9 2 2 2 2 2 2 2 2 2 2 2 2 2 2 2 2 2 2 2 2 2 2 2 2 2 2 2 2 2
left_child=2 -2 3 4 5 6 8 -7 9 39 11 12 13 -4 15 17 28 19 24 21 23 22 -12 -21 -19 -23 -20 -28 29 34 37 33 -33 -32 35 -16 -36 -30 -39 -1
right_child=1 -3 10 -5 -6 7 -8 -9 -10 -11 14 -13 -14 -15 16 -17 -18 18 26 20 -22 25 -24 -25 -26 -27 27 -29 30 -31 31 32 -34 -35 36 -37 -38 38 -40 -41
leaf_value=6.7627252528137515e-05 -0.00099004961626995326 0.00028006624473357324 -0.0033340228620326647 -0.0039864628017821776 0.0018800562091187156 -0.0039264358352709286 0.011488931118710856 -0.00042447193295502378 -0.0017635045418081363 0.0022231905860785194 -8.1702845253503107e-05 -9.6143479274284841e-05 0.0029259303852321068 0.00055333336314966868 -0.0012763210262804539 -0.0008259475693143661 0.0015456415661642623 5.583626448330378e-06 -4.0213734971513645e-05 -0.001189287589939123 -0.0010580481510569569 3.6912741292557247e-05 -0.0042790364512964515 0.00028747556048762672 -0.0061504256257382166 0.0077276988134348081 0.0013275131138086376 0.0017616238837675098 0.00051086053682428026 -0.0038246564791141685 -0.0010421693857773451 0.0010676667586822859 6.8721702764763953e-05 0.00047009268971796912 0.01331961659687543 0.00086640938675134845 -6.3560566476633499e-05 -0.00028088250905240519 0.00025654945553517015 -0.0017994672443437099
leaf_weight=21 24 24 21 24 20 20 20 22 33 22 58 33 24 23 33 28 22 21 25 55 29 69 19 21 27 25 37 23 36 25 73 35 274 33 19 42 20 22 40 19
leaf_count=21 24 24 21 24 20 20 20 22 33 22 58 33 24 23 33 28 22 21 25 55 29 69 19 21 27 25 37 23 36 25 73 35 274 33 19 42 20 22 40 19
internal_value=-0.00150707 -0.0215865 -0.000824963 -0.0109544 -0.00365873 -0.00907459 0.00337876 -0.043173 -0.0068168 0.00835607 0.000854912 0.0175026 0.0342845 0.00588723 -0.000808773 -0.00859509 0.00422763 -0.00601678 0.0068168 -0.0122011 -0.0283709 -0.00227227 -0.0218669 -0.0102252 -0.0269832 0.0137786 0.0259038 0.0388557 0.00278109 -0.00838613 0.0058069 0.00156047 0.00628734 -0.0122188 0.00227227 -0.00863461 0.023247 0.0237892 0.0125341 -0.0129519
internal_weight=1461 48 1413 201 177 157 115 42 95 62 1212 101 68 44 1111 437 674 409 133 276 105 171 77 76 48 94 85 60 652 139 513 415 309 106 114 75 39 98 62 40
internal_count=1461 48 1413 201 177 157 115 42 95 62 1212 101 68 44 1111 437 674 409 133 276 105 171 77 76 48 94 85 60 652 139 513 415 309 106 114 75 39 98 62 40
cat_boundaries=0 1
cat_threshold=80
is_linear=0
shrinkage=0.129519


Tree=125
num_leaves=35
num_cat=0
split_feature=16 16 9 15 9 18 18 25 11 16 16 18 11 1 11 11 15 0 11 11 1 9 11 0 16 15 9 14 16 0 13 1 1 5
split_gain=1.41842 1.68392 2.82575 1.42418 1.7072 3.63989 1.73388 1.38168 1.84353 1.32071 2.89 1.04106 1.02273 0.981818 0.807214 1.63664 1.73077 1.58465 2.21139 3.32793 1.98977 2.66351 1.0483 1.66296 2.35169 1.97939 2.44902 1.80211 1.73243 0.77512 0.757343 0.557724 0.381141 0.1
threshold=-0.99887893904594038 -0.62588708731544751 -0.69057362043749781 0.67799886003753596 0.55656748448714433 1.0000000180025095e-35 1.0000000180025095e-35 1.0000000180025095e-35 0.86440767487108461 -0.97876680704815899 -0.94842943857659934 1.0000000180025095e-35 -0.95244167294248061 16.500000000000004 -0.48971288843577082 -0.58482091572441486 0.89260960731044081 1.5000000000000002 -0.67803021058859214 -0.80418297442179421 24.500000000000004 0.37446826358596375 -0.41496178719881605 5.5000000000000009 0.96575082725138761 -0.35846811432664222 0.2603727204637144 -0.95627437956561623 0.9974810894942604 2.5000000000000004 -0.89976119816908495 13.500000000000002 12.500000000000002 170.50000000000003
decision_type=2 2 2 2 2 2 2 2 2 2 2 2 2 2 2 2 2 2 2 2 2 2 2 2 2 2 2 2 2 2 2 2 2 2
left_child=-1 2 11 4 5 -4 9 8 14 -6 -11 29 -12 -8 15 17 -17 20 19 -19 21 -3 33 24 27 -25 -27 -24 -26 -2 -7 -20 -31 -16
right_child=1 7 3 -5 6 30 13 -9 -10 10 12 -13 -14 -15 22 16 -18 18 31 -21 -22 -23 23 25 28 26 -28 -29 -30 32 -32 -33 -34 -35
leaf_value=9.2267671319144239e-05 -0.0003322647920591151 0.0030822164897888432 0.00025024197139719538 -0.00062405131473393849 -0.0010552300524262097 0.00047066113655011051 0.0005259970744470921 -0.0013097436628296518 0.012201238036046072 0.0055688010716083841 0.00030584790612936207 -0.00056616110130435762 -0.00065996554599625959 0.00023564570676186275 -0.00020131090882471883 0.00065272108565157165 -0.0006716876558672067 -0.00024745512543009225 -0.0033292902381923607 0.00046352979556783168 -0.00077521534716059584 -0.00017331691302451278 -0.0028252819976926019 0.00059479238405526591 0.00046089008445997394 -4.0489401234745832e-05 -0.0045580744842253764 4.5545006066204076e-05 -2.1437638566919816e-05 -0.0013314639644524872 -0.0018902464576240788 -0.001000915988413161 0.00070944694712269751 -0.0027265043948257787
leaf_weight=24 32 27 23 28 28 32 20 36 28 20 36 28 44 24 20 32 20 65 21 59 20 20 22 33 75 41 20 437 29 21 33 20 23 20
leaf_count=24 32 27 23 28 28 32 20 36 28 20 36 28 44 24 20 32 20 65 21 59 20 20 22 33 75 41 20 437 29 21 33 20 23 20
internal_value=0.00115246 0.000630921 -0.00660812 0 0.0029889 0.0176617 -0.00451811 0.00334643 0.00423601 -0.0121424 -0.00518077 -0.0249075 -0.0161899 0.0176617 0.00330069 0.00912107 0.029889 0.00446618 -0.00235489 0.00626706 0.0212643 0.0358244 0.000929119 0.00216851 0.00483109 -0.0137786 -0.0276024 0.00084653 0.0224168 -0.017042 0.0019926 -0.028431 -0.00588723 -0.0194279
internal_weight=1461 1437 392 288 260 88 172 1045 1009 128 100 104 80 44 981 284 52 232 165 124 67 47 697 657 563 94 61 459 104 76 65 41 44 40
internal_count=1461 1437 392 288 260 88 172 1045 1009 128 100 104 80 44 981 284 52 232 165 124 67 47 697 657 563 94 61 459 104 76 65 41 44 40
is_linear=0
shrinkage=0.129519


Tree=126
num_leaves=33
num_cat=0
split_feature=22 11 10 8 1 14 1 11 10 2 15 1 1 16 11 10 2 11 5 5 11 1 2 1 26 15 0 1 16 0 0 9
split_gain=1.88144 1.34053 1.52645 2.59044 2.57602 2.14957 1.8676 2.6937 1.45619 1.4185 1.35867 1.5649 1.41936 1.33333 1.32505 1.30646 1.22004 1.24833 1.21905 1.01048 1.00595 0.986781 1.12617 1.11692 0.968775 2.50396 0.86689 0.813747 0.729825 0.520542 0.105263 0.1
threshold=1.0000000180025095e-35 -0.92273922871446856 -0.39827153806311177 1.0000000180025095e-35 28.500000000000004 -0.99698452691574591 18.500000000000004 0.96851839807117801 -0.20180761162458913 30.500000000000004 -0.98292201184843975 3.5000000000000004 13.500000000000002 -0.46228772973389226 0.9252105435402006 -0.15950993297387567 46.500000000000007 -0.95244167294248061 114.50000000000001 200.50000000000003 0.51295437088821561 21.500000000000004 20.500000000000004 13.500000000000002 -26.499999999999996 -0.98523971305672664 3.5000000000000004 23.500000000000004 -0.33627629079091209 3.5000000000000004 2.5000000000000004 0.95752911693909504
decision_type=2 2 2 2 2 2 2 2 2 2 2 2 2 2 2 2 2 2 2 2 2 2 2 2 2 2 2 2 2 2 2 2
left_child=1 16 4 5 6 -4 7 10 18 19 -3 13 -13 -12 -2 -10 17 21 31 27 -20 22 29 -24 -17 -26 -16 -8 -6 -1 -18 -7
right_child=14 2 3 -5 28 8 9 -9 15 -11 11 12 -14 -15 26 24 30 -19 20 -21 -22 -23 23 -25 25 -27 -28 -29 -30 -31 -32 -33
leaf_value=0.0008854274281581354 -0.0022330525383357871 0.00033022369859787978 -0.0059416677934180243 -0.00038430149360637982 0.0060674654257169072 0.00038668780761566866 -0.0017267803909984442 0.00013264597372805758 0.0020710801997816078 -0.00035649347181594465 0.0010035250050636586 -0.00032925350601533348 5.2189752801556387e-05 0.00024056235410221279 0.00050380498977414454 0.00042489607081378465 4.6917798541584933e-05 -0.0011716103587707963 -0.0034647488714756821 0.00045146458418438712 -9.1336442480894055e-05 0.0035323064686221587 -0.00014260659141017079 -0.0053882561369726399 -0.0018522633852121929 9.3638074411340656e-05 -0.0018607903454890863 6.5505427701268789e-06 0.00026727905038706538 -0.0004610607833793468 0.0010182130986030279 -0.00022966619248830975
leaf_weight=25 24 28 20 28 19 20 23 19 20 22 20 93 40 30 26 19 19 28 24 35 32 19 25 27 36 610 20 29 20 22 19 20
leaf_count=25 24 28 20 28 19 20 23 19 20 22 20 93 40 30 26 19 19 28 24 35 32 19 25 27 36 610 20 29 20 22 19 20
internal_value=0.00221628 0.00325893 0.0048288 0.00171859 0.0116499 0.00307224 0.00802331 0.0146413 0.00414594 -0.00594125 0.0104352 0.00636979 -0.000973828 0.0259038 -0.0185027 0.00623961 -0.00703908 -0.0124196 -0.0107933 0.00148873 -0.0231284 -0.00658572 -0.0117745 -0.0249075 0.00525867 0.00441087 -0.00563127 -0.00996301 0.043173 0.00275573 0.0136336 0.00647596
internal_weight=1461 1391 1207 829 378 801 339 230 781 109 211 183 133 50 70 685 184 146 96 87 56 118 99 52 665 646 46 52 39 47 38 40
internal_count=1461 1391 1207 829 378 801 339 230 781 109 211 183 133 50 70 685 184 146 96 87 56 118 99 52 665 646 46 52 39 47 38 40
is_linear=0
shrinkage=0.129519


Tree=127
num_leaves=20
num_cat=0
split_feature=8 9 16 12 15 0 11 11 2 9 16 13 12 11 1 1 16 15 15
split_gain=1.67624 4.28754 1.61986 1.9995 1.80451 1.5481 2.08703 5.29299 2.79486 1.82871 1.7959 1.6543 3.14815 1.50583 1.44174 2.22488 1.42069 1.62702 1.37143
threshold=1.0000000180025095e-35 0.039769539193789956 0.96575082725138761 -0.98523800472371936 0.056949529780582459 5.5000000000000009 -0.34235511113144612 -0.72696319516528884 8.5000000000000018 -0.52766804058324157 0.93315378651429237 -0.80673169413132828 -0.23328638671828425 -1.0000000180025095e-35 1.5000000000000002 2.5000000000000004 -0.99763124042248752 -0.86330057456837561 0.13931473587227078
decision_type=2 2 2 2 2 2 2 2 2 2 2 2 2 2 2 2 2 2 2
left_child=2 -2 3 -1 13 10 7 9 -8 -7 14 -10 -13 -4 -5 -16 -17 -18 -6
right_child=1 -3 4 5 18 6 8 -9 11 -11 -12 12 -14 -15 15 16 17 -19 -20
leaf_value=-0.00084549823351958418 2.4908862647328918e-05 -0.0012080657920758068 0.00018520134896870906 0.00055421620548293563 -0.017674413765094082 0.00059143123056030946 0.00085299730755989702 0.00089111459029418097 0.00039299127679115638 -0.00035522119395581416 0.00036471141315979445 0.00010106883582692059 -0.0016441521735393273 0.0025066208121003273 -0.0029073618544676709 0.00063648096499940355 0.0001616416681610432 -8.0491231751080836e-05 0.00028242046799042275
leaf_weight=20 25 23 29 26 20 19 30 31 19 30 27 34 20 28 28 26 203 795 28
leaf_count=20 25 23 29 26 20 19 30 31 19 30 27 34 20 28 28 26 203 795 28
internal_value=0.00221628 -0.0215865 0.00302486 0.00178237 0.0185027 0.0024134 0.0134473 0.0291418 0.00125747 0.00264325 0.000586059 -0.0124196 -0.023985 0.034084 -0.000240295 -0.000984936 0 -0.000778672 0
internal_weight=1461 48 1413 1308 105 1288 183 80 103 49 1105 73 54 57 1078 1052 1024 998 48
internal_count=1461 48 1413 1308 105 1288 183 80 103 49 1105 73 54 57 1078 1052 1024 998 48
is_linear=0
shrinkage=0.129519


Tree=128
num_leaves=21
num_cat=0
split_feature=12 26 8 3 0 12 26 16 10 14 10 12 0 14 11 22 11 1 0 14
split_gain=1.48812 1.37602 1.71436 3.22165 1.02697 4.05007 2.58951 2.30064 2.29859 3.16337 2.30211 1.97227 1.48096 2.60486 1.45352 1.58268 1.23223 1.23077 1.20529 1.15997
threshold=0.99803555425430601 -26.499999999999996 1.0000000180025095e-35 6.5000000000000009 5.5000000000000009 0.92763104771667149 -16.499999999999996 0.96575082725138761 0.51849435583340198 0.87913206718375714 -0.83375966452616657 -0.70291145964310642 1.5000000000000002 -0.0032254488771075993 0.96231527631374336 1.0000000180025095e-35 0.97872324816535827 15.500000000000002 1.5000000000000002 0.97604324744969628
decision_type=2 2 2 2 2 2 2 2 2 2 2 2 2 2 2 2 2 2 2 2
left_child=1 -1 4 -4 6 8 -3 14 9 10 -6 -12 -9 -14 15 19 -16 -10 -18 -8
right_child=-2 2 3 -5 5 -7 7 12 17 -11 11 -13 13 -15 16 -17 18 -19 -20 -21
leaf_value=0.0015570845210357352 0.0013195995153221277 -0.002875651259211616 -0.0021278681341512298 0.00011798024514461086 0.00037402563417195854 -0.0026980371548562679 -3.1339413352390591e-05 -2.6301700734493544e-05 0.0005460484814434212 0.001993391304837448 0.00016121422841217737 -0.0046392972726068777 0.0061898262752037537 8.9576629429759952e-05 0.00027162246192853824 -0.0014439645048587872 -0.00023236584597355746 0.0040482625040897209 0.0004494426999680007 0.0019485931094064036
leaf_weight=24 29 33 22 20 24 21 901 26 26 23 47 29 19 24 21 29 23 26 47 47
leaf_count=24 29 33 22 20 24 21 901 26 26 23 47 29 19 24 21 29 23 26 47 47
internal_value=0.00221628 0.00162803 0.00110386 -0.0246703 0.00189633 0.010573 0.0004428 0.00148087 0.0170225 0.00737101 -0.00259038 -0.0136336 0.0244022 0.039157 0 -0.00145825 0.0156562 0.039852 0.00740109 -0.000546494
internal_weight=1461 1432 1408 42 1366 196 1170 1137 175 123 100 76 69 43 1068 977 91 52 70 948
internal_count=1461 1432 1408 42 1366 196 1170 1137 175 123 100 76 69 43 1068 977 91 52 70 948
is_linear=0
shrinkage=0.129519


Tree=129
num_leaves=23
num_cat=0
split_feature=23 0 17 26 0 26 16 22 16 14 13 16 1 1 0 13 13 14 13 0 14 5
split_gain=1.26474 5.24377 2.52964 2.14874 2.97785 1.27276 3.85011 1.14399 1.96791 1.51235 3.41362 1.41538 1.37617 2.74888 1.78799 1.29147 1.18043 2.18587 1.54111 1.03833 1.99362 0.223229
threshold=1.0000000180025095e-35 2.5000000000000004 1.0000000180025095e-35 -18.499999999999996 2.5000000000000004 -4.4999999999999991 -0.95242240592625305 1.0000000180025095e-35 -0.69367648380978564 0.98005052076767474 -0.016126489383873798 -0.89597723455588485 3.5000000000000004 2.5000000000000004 2.5000000000000004 -0.96351521935644713 -0.67802707551174202 0.61406596158459648 -0.63920832810365547 1.5000000000000002 -0.11264892825599858 124.50000000000001
decision_type=2 2 2 2 2 2 2 2 2 2 2 2 2 2 2 2 2 2 2 2 2 2
left_child=3 -2 -3 4 -1 6 -5 9 11 12 -11 -9 13 14 -7 19 17 -17 -18 -14 -21 -12
right_child=1 2 -4 5 -6 7 -8 8 -10 10 21 -13 15 -15 -16 16 18 -19 -20 20 -22 -23
leaf_value=0.0022017712704643019 0.0061582129665863064 -0.0011260593952614408 -7.1671178838653886e-05 0.00057780569593103809 -0.0023704773253771377 -0.0016629516499485728 -0.0008699510348562946 -0.00029265169203345425 -0.001854359815641567 0.0082004679918736435 -0.00038612433989759131 0.00024262637391894192 -0.001110355873568626 0.0025997785559263116 0.0010784309424060779 7.1621950528288658e-05 -0.0020126608813185098 0.00094986962202565927 -9.3238756986489369e-06 0.00021338644131965745 -0.0016516248312081277 0.001223087675561466
leaf_weight=23 26 23 22 20 30 27 34 26 22 28 20 20 23 29 29 196 22 32 731 24 33 21
leaf_count=23 26 23 22 20 30 27 34 26 22 28 20 20 23 29 29 196 22 32 731 24 33 21
internal_value=0.000443255 -0.0164179 -0.043173 0.00130451 0.0268813 0.000290619 -0.019188 0.00111045 -0.0152375 0.0020254 0.020648 0 0.000904148 0.0167613 0 -0.000366218 0.000924194 0.00908906 -0.00154804 -0.0161899 -0.0068168 -0.003159
internal_weight=1461 71 45 1390 53 1337 54 1283 68 1215 69 46 1146 85 56 1061 981 228 753 80 57 41
internal_count=1461 71 45 1390 53 1337 54 1283 68 1215 69 46 1146 85 56 1061 981 228 753 80 57 41
is_linear=0
shrinkage=0.129519


Tree=130
num_leaves=29
num_cat=0
split_feature=16 1 11 0 16 16 5 5 14 15 15 15 22 1 0 11 15 15 1 13 11 10 10 9 15 1 11 2
split_gain=1.06674 1.11276 1.16041 1.50893 1.70122 2.66947 2.34454 1.42833 1.34698 1.03723 2.21761 1.80425 1.84975 2.01494 2.65974 2.47158 1.79766 1.30051 1.15344 1.0584 1.02168 1.5683 0.971236 0.742811 1.1053 0.719435 1.17989 0.652497
threshold=0.99840062925627227 1.5000000000000002 -0.72696319516528884 2.5000000000000004 -0.82658279560772618 -0.64251154504523245 313.50000000000006 300.50000000000006 0.96849880583763492 0.40319675393412696 0.48314495079116865 0.31289929448622783 1.0000000180025095e-35 25.500000000000004 4.5000000000000009 0.074116354202380164 0.24685605472551267 -0.54220184589352438 4.5000000000000009 -0.97009963647103548 -0.98803388382128643 -0.83375966452616657 -0.6652727025667432 -0.814291907305839 0.48314495079116865 8.5000000000000018 0.75011860976965206 26.500000000000004
decision_type=2 2 2 2 2 2 2 2 2 2 2 2 2 2 2 2 2 2 2 2 2 2 2 2 2 2 2 2
left_child=1 27 3 4 6 -6 -3 -7 20 11 -11 12 13 16 15 -15 17 -4 -12 -20 22 -22 -5 -23 -25 -21 -27 -1
right_child=-2 2 9 8 5 7 -8 -9 -10 10 18 -13 -14 14 -16 -17 -18 -19 19 25 21 23 -24 24 -26 26 -28 -29
leaf_value=4.5201217406207515e-05 -0.00019638719912984503 0.00069441143805184331 3.1723382858747751e-05 -0.0001101942581502928 -0.0016935563808877234 -0.001050442792708333 -0.00070640476113853349 0.00030780226191861411 0.00055304269500242931 0.00062512025789278434 0.00089792421406603273 -0.00031413025245621129 -0.00054510012047959524 0.00021752696010292883 -0.0031790902457203389 0.0013111842320172498 0.00064100520330245012 -0.00021348431369671588 -0.00090183191326786668 0.00040839017499212871 0.00071774148818062942 0.00015942053479259174 0.0053753973225377947 -0.00078400386317769709 -0.007242643083218701 9.1188215211250549e-05 -0.00025459912087963225 0.0012201679190021668
leaf_weight=21 25 34 309 19 24 34 28 24 19 32 24 36 40 36 35 41 22 140 20 25 22 25 24 64 19 268 31 20
leaf_count=21 25 34 309 19 24 34 28 24 19 32 24 36 40 36 35 41 22 140 20 25 22 25 24 64 19 268 31 20
internal_value=0.000620557 0.00108233 0.000464226 -0.00616758 -0.0161899 -0.028431 0 -0.0133985 0.00134916 0.00256837 0.00777115 -0.000589617 0.00103948 0.00288808 0.0185027 0.0319593 -0.000824963 -0.00259615 0.00492736 0.00301207 -0.002246 -0.00797041 0.0150604 -0.014391 -0.0202861 0.00479701 0.00303222 0.022113
internal_weight=1461 1436 1395 336 144 82 62 58 192 1059 400 659 623 583 112 77 471 449 368 344 173 130 43 108 83 324 299 41
internal_count=1461 1436 1395 336 144 82 62 58 192 1059 400 659 623 583 112 77 471 449 368 344 173 130 43 108 83 324 299 41
is_linear=0
shrinkage=0.129519


Tree=131
num_leaves=33
num_cat=0
split_feature=12 14 14 16 16 16 14 0 1 15 13 10 11 1 17 15 11 0 1 0 10 11 1 13 1 12 11 2 5 12 5 2
split_gain=2.056 1.25204 2.34709 1.46297 1.27527 1.38462 1.20934 1.31429 1.88165 2.20532 3.40723 1.83881 1.8631 1.81713 1.66759 1.30189 1.10769 1.33516 0.777389 1.80855 1.72812 1.55807 1.5011 1.38596 1.27195 1.17096 0.995156 1.07695 1.14174 0.837101 0.565171 1.39172
threshold=-0.99763124042248752 0.19548167345241949 0.24580949056559431 0.98899263613956478 -0.90161545992537206 -0.95242240592625305 -0.99789924639000038 1.5000000000000002 2.5000000000000004 0.91027842784872848 0.98701858156467404 0.45847758937963173 0.63920241694561786 25.500000000000004 1.0000000180025095e-35 0.98699576267654165 0.9962888416657264 3.5000000000000004 22.500000000000004 4.5000000000000009 -0.12545862287572043 0.75011860976965206 21.500000000000004 0.79317318001497539 25.500000000000004 0.23328369003117272 -0.62588817255938378 50.500000000000007 261.50000000000006 0.29958852271690523 128.50000000000003 19.500000000000004
decision_type=2 2 2 2 2 2 2 2 2 2 2 2 2 2 2 2 2 2 2 2 2 2 2 2 2 2 2 2 2 2 2 2
left_child=-1 3 -3 4 5 16 -6 11 -9 10 -10 12 13 -8 -13 -11 17 -2 22 21 -21 24 23 26 25 -20 30 28 -28 -26 -4 -32
right_child=1 2 18 -5 6 -7 7 8 9 15 -12 14 -14 -15 -16 -17 -18 -19 19 20 -22 -23 -24 -25 29 -27 27 -29 -30 -31 31 -33
leaf_value=-0.00024476355298910514 -0.00082243892608411682 -0.0017105383337866352 -0.00015597973706948985 0.0027383003531776268 -0.0030490937508369808 -0.001045770868347872 3.9346794329647968e-05 0.00076456950417621975 5.7834738230025499e-05 0.00033906656662507646 -0.0014006298833845094 0.0034518068402497508 -0.0013135524062611347 -0.00023651107588184978 -0.0017742411210943858 0.00021325151374734108 -0.00018583400770206548 0.0019595517621098053 -0.001187771586587915 -0.00018869527693466748 -0.00041829045262196474 -7.6326240653646452e-05 0.0039263877546890664 -0.00074486967031990473 0.00088282509149179358 0.0017888631093005121 0.00011218600227213129 -0.00085275188460862822 0.0042011164259383223 0.0012474403761762942 0.0016813626623117122 -0.00096557955275037145
leaf_weight=32 28 24 32 20 20 32 93 22 335 52 24 24 24 20 23 27 20 24 21 26 19 28 24 26 23 20 255 24 22 25 22 50
leaf_count=32 28 24 32 20 20 32 93 22 335 52 24 24 24 20 23 27 20 24 21 26 19 28 24 26 23 20 255 24 22 25 22 50
internal_value=8.8651e-05 0.000815726 -0.00343499 0.00427347 0.00337289 -0.00996301 0.00546165 0.00643573 0.0101363 0.00827976 0.00396855 -0.00281563 -0.0103993 -0.00343856 0.0192901 0.0278712 0 0.00996301 -0.00188926 -0.00959401 -0.0316602 -0.001107 0.000853972 -0.000901525 0.00727636 -0.00947701 0.000959401 0.00473326 0.00701367 0.0215865 -0.00996301 -0.00359775
internal_weight=1461 1429 641 788 768 104 664 644 460 438 359 184 137 113 47 79 72 52 617 162 45 117 455 431 89 41 405 301 277 48 104 72
internal_count=1461 1429 641 788 768 104 664 644 460 438 359 184 137 113 47 79 72 52 617 162 45 117 455 431 89 41 405 301 277 48 104 72
is_linear=0
shrinkage=0.129519


Tree=132
num_leaves=34
num_cat=0
split_feature=12 14 14 0 16 16 11 11 1 1 14 12 1 14 9 9 5 0 13 17 26 9 15 0 9 10 10 0 15 15 14 16 5
split_gain=1.10859 1.0701 1.32416 1.21699 2.64842 2.37931 2.4198 5.41038 1.76933 3.04702 2.32629 1.70183 1.62929 2.80982 1.20351 1.43592 1.06593 1.49087 1.02328 1.14576 1.02117 3.48033 2.76141 2.14286 0.969231 0.912489 1.07702 1.43375 2.6011 0.907786 0.904579 0.555769 0.259379
threshold=-0.99763124042248752 0.19548167345241949 0.35645267952621967 1.0000000180025095e-35 0.98702143393805541 0.29342311478673805 -0.86976336936302323 0.69056404122701587 23.500000000000004 22.500000000000004 -0.97313470967538551 -0.53676558762589088 1.5000000000000002 -0.98371105771731127 -0.98214942551678475 0.89787622492179153 88.500000000000014 3.5000000000000004 0.35946433354369983 1.0000000180025095e-35 11.500000000000002 0.10837544681456417 0.97872324816535827 2.5000000000000004 -0.56368474752277564 0.99249573635719013 0.96633974041180482 1.0000000180025095e-35 0.33932379169061017 0.15951242222078788 0.57253657439026184 -0.099822328936732638 354.50000000000006
decision_type=2 2 2 2 2 2 2 2 2 2 2 2 2 2 2 2 2 2 2 2 2 2 2 2 2 2 2 2 2 2 2 2 2
left_child=-1 3 24 5 8 6 -2 -8 9 11 -10 14 -13 -14 -5 -16 17 -12 19 -18 22 -22 25 -23 -3 26 27 28 -4 -7 -29 -26 -28
right_child=1 2 20 4 -6 29 7 -9 10 -11 16 12 13 -15 15 -17 18 -19 -20 -21 21 23 -24 -25 31 -27 32 30 -30 -31 -32 -33 -34
leaf_value=-0.00021306198663390802 -0.0017059624336597714 1.6376299365158772e-05 0.0011480404626799114 -0.00025090706049294136 0.003080463264468656 -0.00086708924008271763 0.007117172125629484 -0.00026203983178416199 -0.00055816750403817181 -0.0020442578397108242 -3.9141903215672553e-05 0.00048518703717524497 -0.0047058379812685985 -2.4442241919285871e-05 0.00078920840223275525 0.00010413764586649001 0.00018563135980340168 0.00090017072040546786 0.0034467883216259057 0.0014108332810869521 -0.0014010896436877005 0.0018369287894073173 -0.00037471724261333106 0.00058195643976156344 -0.0012870209377060819 0.0023241070647393508 -0.0013987368770210719 0.00030911388370243097 -4.5278781595578266e-05 -0.00029403706142588291 -0.00010337511601687931 -0.000234068613206061 -9.9568580868612642e-05
leaf_weight=32 19 28 37 28 20 23 19 33 30 22 23 19 25 287 43 62 31 21 21 42 21 20 32 28 32 33 19 79 19 20 253 20 20
leaf_count=32 19 28 37 28 20 23 19 33 30 22 23 19 25 287 43 62 31 21 21 42 21 20 32 28 32 33 19 79 19 20 253 20 20
internal_value=-0.000443255 9.06362e-05 -0.0038391 0.00328729 0.00538062 -0.00908906 0.00547264 0.019926 0.00396083 0 0.0154189 0.00223309 -0.00273908 -0.00498151 0.0146074 0.0209698 0.0225251 0.00588723 0.030313 0.0230651 -0.0016161 0.0131396 -0.0036855 0.0323798 -0.0194279 -0.00112625 -0.00272991 -0.000667624 0.0185027 -0.0331328 -0.00390118 -0.029889 -0.023247
internal_weight=1461 1429 641 788 674 114 71 52 654 486 168 464 331 312 133 105 138 44 94 73 561 69 492 48 80 460 427 388 56 43 332 52 39
internal_count=1461 1429 641 788 674 114 71 52 654 486 168 464 331 312 133 105 138 44 94 73 561 69 492 48 80 460 427 388 56 43 332 52 39
is_linear=0
shrinkage=0.129519


Tree=133
num_leaves=30
num_cat=0
split_feature=14 2 26 26 14 14 1 14 0 13 0 1 26 5 16 16 16 26 5 13 13 12 9 9 26 0 16 1 1
split_gain=1.47413 2.06452 5.1748 1.62378 1.10653 1.59372 3.61505 1.65397 1.52327 1.6 1.43795 3.11481 2.42988 1.11496 1.13719 0.88045 0.973076 1.6125 1.13407 0.79485 0.947368 0.786721 1.01284 1.11509 0.860205 0.639256 2.74799 1.3072 0.380952
threshold=-0.96350018336582322 26.500000000000004 -18.499999999999996 -22.499999999999996 -0.15739011478661016 -0.87603971526095259 23.500000000000004 -0.83612626785978394 3.5000000000000004 -0.3383112583645268 5.5000000000000009 17.500000000000004 -9.4999999999999982 46.500000000000007 0.91159213926341576 0.99777677850226498 0.68743175015171565 23.500000000000004 94.500000000000014 -0.086976778877806138 0.058024361988385058 -0.8611288361322974 0.92922379131507438 0.86113431103781346 17.500000000000004 3.5000000000000004 0.91683631017779554 25.500000000000004 6.5000000000000009
decision_type=2 2 2 2 2 2 2 2 2 2 2 2 2 2 2 2 2 2 2 2 2 2 2 2 2 2 2 2 2
left_child=1 2 -1 -2 5 6 8 -7 9 -5 12 -12 -9 -14 -15 16 21 18 28 -3 -21 -6 23 24 -23 27 -27 -20 -18
right_child=3 19 -4 4 15 7 -8 10 -10 -11 11 -13 13 14 -16 -17 17 -19 25 20 -22 22 -24 -25 -26 26 -28 -29 -30
leaf_value=0.0044088887998418357 -0.0009594843877071828 0.00015605631688013916 -0.0053324351445526736 -0.00029304528682686263 -0.0023855955606488341 0.00069841469352716415 0.00060416177776768422 -0.00022810065655334854 -0.0063711102213526143 0.0015322948006667692 0.00042122378905352448 -0.00057801458396661743 0.00048750955337397382 -1.0422341729703521e-05 0.00037498663662536191 -0.00022363066007881094 -0.0024033059064383776 0.0020133936216697014 4.2684881562308199e-05 0.0011127933888574249 0.00016715028957313391 -2.8338451792731656e-05 0.00037240497280623125 -0.00013910435064843377 -0.0029948758407316394 0.00026907771746830075 -0.0030463453409893199 0.0020230907024996309 -0.00039553700370257021
leaf_weight=26 20 24 36 20 28 28 34 23 27 20 30 24 26 259 21 21 21 20 53 19 19 479 28 36 21 29 25 23 21
leaf_count=26 20 24 36 20 28 28 34 23 27 20 30 24 26 259 21 21 21 20 53 19 19 479 28 36 21 29 25 23 21
internal_value=-0.000975161 0.0125341 -0.00417804 -0.00222808 -0.00167185 0.0030356 -0.0115413 0.00661777 -0.0289968 -0.0129519 0.00439621 0.023985 0.00118103 0.00423265 0.00185027 -0.00466591 -0.00396487 0.00404747 0 0.0292463 0.0409008 -0.00656347 -0.00551145 -0.00676593 -0.00518077 0.00597781 -0.00479701 0.0136336 -0.0185027
internal_weight=1461 124 62 1337 1317 512 101 411 67 40 383 54 329 306 280 805 784 192 172 62 38 592 564 536 500 130 54 76 42
internal_count=1461 124 62 1337 1317 512 101 411 67 40 383 54 329 306 280 805 784 192 172 62 38 592 564 536 500 130 54 76 42
is_linear=0
shrinkage=0.129519


Tree=134
num_leaves=35
num_cat=0
split_feature=12 14 14 0 10 10 14 14 14 14 14 0 0 9 0 10 11 14 10 16 5 14 2 12 0 0 22 11 0 9 13 11 11 11
split_gain=1.92348 1.58295 2.16002 1.78227 2.31207 2.30161 1.87547 1.56088 1.46606 1.42966 1.3716 1.36319 3.31231 1.4155 1.3913 1.13778 1.12859 1.34254 1.22946 0.955895 0.927045 0.985063 1.18526 1.70216 0.87205 1.75325 0.796287 1.92 1.28495 3.37649 1.67633 0.959607 0.862231 0.830153
threshold=-0.99763124042248752 0.19548167345241949 0.24580949056559431 1.0000000180025095e-35 0.08054732823231521 0.097680735332368721 -0.52399942226329388 0.30778329753580902 -0.34437645908308506 0.093399895515124162 -0.58829477852304357 2.5000000000000004 4.5000000000000009 -0.452744437932114 1.5000000000000002 0.81800285027139286 0.99572776335819457 -0.99698452691574591 0.44312301391210612 -0.49065906150552457 200.50000000000003 -0.14463635294482105 23.500000000000004 0.90893208180343155 2.5000000000000004 4.5000000000000009 1.0000000180025095e-35 0.96851839807117801 1.0000000180025095e-35 -0.21022463061426777 0.16057120351387413 0.94135275643221283 0.72692958206603386 0.62585923293574564
decision_type=2 2 2 2 2 2 2 2 2 2 2 2 2 2 2 2 2 2 2 2 2 2 2 2 2 2 2 2 2 2 2 2 2 2
left_child=-1 3 -3 4 8 9 10 -4 -2 20 16 14 13 -13 -8 -14 17 -7 -19 -6 21 22 -5 -24 -22 -26 28 -28 29 -9 -31 32 33 -30
right_child=1 2 7 5 19 6 11 26 -10 -11 -12 12 15 -15 -16 -17 -18 18 -20 -21 24 -23 23 -25 25 -27 27 -29 31 30 -32 -33 -34 -35
leaf_value=-0.00029021157068612533 -0.00017462378528483022 -0.0013186266447803765 0.00025537337651849741 0.00074586194987338276 -0.0001985572543143266 -0.0037899074441454434 -0.0057066147066431238 0.0036021461682906766 -0.00088388905244774082 0.0028063039619789995 0.0013965301744314599 -0.0016156880841231311 -0.00040031119801279467 -0.00087741478544529265 0.0037553171924362854 0.0013655239124700333 -0.00042406134977918141 -1.1970574361445459e-06 0.00014467755186044982 0.00032641868768785418 5.7274143820529265e-05 -0.00072106100316376173 -0.00010121746476366443 0.00024153573893601787 0.0063874498744674896 0.00022935014572676021 -0.0039611226539034367 -9.0398032763309577e-06 -7.7403850306463577e-05 -0.00055322500436365849 0.0024579916322266145 -0.00012690066977144086 0.0015647455438362618 -0.0010291422192009625
leaf_weight=32 27 24 32 30 35 20 23 26 19 22 20 19 25 25 23 20 20 99 112 33 23 21 45 85 20 22 20 30 365 24 25 33 34 28
leaf_count=32 27 24 32 30 35 20 23 26 19 22 20 19 25 25 23 20 20 99 112 33 23 21 45 85 20 22 20 30 365 24 25 33 34 28
internal_value=-0.000975161 -0.000271909 -0.00505145 0.00361602 -0.0113613 0.00614928 0 -0.0035686 -0.0337876 0.015465 0.0062131 -0.0124722 -0.0218291 -0.0470979 0.00563127 0.0028782 0.00361209 0.00616758 0.00920752 0.00380939 0.012636 0.00787133 0.0113329 0.00597781 0.0259038 0.0370055 -0.00509221 -0.0207231 -0.00363138 0.0120885 -0.00792974 -0.00619439 -0.00454985 -0.00626174
internal_weight=1461 1429 641 788 114 674 406 617 46 268 271 135 89 44 46 45 251 231 211 68 246 181 160 130 65 42 585 50 535 75 49 460 427 393
internal_count=1461 1429 641 788 114 674 406 617 46 268 271 135 89 44 46 45 251 231 211 68 246 181 160 130 65 42 585 50 535 75 49 460 427 393
is_linear=0
shrinkage=0.129519


Tree=135
num_leaves=34
num_cat=1
split_feature=14 5 16 12 1 15 19 8 1 5 15 14 14 14 6 9 2 14 10 12 11 14 1 1 10 1 1 16 16 1 10 2 2
split_gain=1.47624 2.22529 1.07011 0.913753 0.862481 2.19422 1.35805 3.08512 2.92739 3.36623 2.27009 1.67218 2.7267 0.931677 1.1204 3.38731 3.42079 2.53385 1.83437 1.68192 1.63676 1.28502 1.27592 0.914286 0.818458 0.813747 0.767777 0.703526 0.963084 0.593939 0.394122 0.486129 0.1
threshold=-0.97008449772828931 62.500000000000007 0.99777677850226498 -0.42180510190895731 16.500000000000004 -0.84080672043737914 0 1.0000000180025095e-35 23.500000000000004 238.50000000000003 -0.75860107497549967 0.97604324744969628 0.90254336016595926 -0.93079825625447066 1.0000000180025095e-35 0.67802080537253961 35.500000000000007 0.54038287521742223 -0.6652727025667432 0.29958852271690523 -0.97509344079810367 -0.31391446897593306 9.5000000000000018 10.500000000000002 -0.21022037796396445 5.5000000000000009 7.5000000000000009 0.97832380634958016 0.89209344856396755 5.5000000000000009 -0.97111920233974802 24.500000000000004 30.500000000000004
decision_type=2 2 2 2 2 2 9 2 2 2 2 2 2 2 2 2 2 2 2 2 2 2 2 2 2 2 2 2 2 2 2 2 2
left_child=1 -1 4 29 13 -6 8 10 24 -10 -8 12 -12 -2 18 16 19 21 26 -16 -20 -18 -21 -17 -7 -5 32 28 -22 -3 -28 -32 -15
right_child=2 3 -4 25 5 6 7 -9 9 -11 11 -13 -14 14 15 23 17 -19 20 22 27 -23 -24 -25 -26 -27 30 -29 -30 -31 31 -33 -34
leaf_value=-0.0082003548449034874 -0.0013507228350949424 0.00074105672987404285 -0.00015707825317093179 -1.5289360677670549e-05 0.00088490750490766135 0.00080370320214394851 -0.0018921249680339332 -0.0010228294586141688 0.0012764187677352602 2.4990375274954381e-05 5.1736221037455219e-05 0.00388791104265506 -0.00013025782846985549 -0.0006967364433102456 0.00086043030594766382 -6.737856971750736e-05 -0.00041720918327486608 -0.002485785492543842 0.001560049920089379 0.00012948296352509114 -4.0004273259249347e-05 0.011596567380283324 0.00096795770567315899 -0.00031555733590582816 -0.0015333421482255623 0.00033247721158744279 -0.00023247318799588036 0.0023820643818629602 -0.00028635741269399746 0.00031035773729268462 -0.00088194133877172163 -0.00046167847653834885 -0.00012540573410358503
leaf_weight=20 28 20 21 29 21 22 30 25 20 35 406 20 42 20 23 21 20 19 28 33 260 19 24 24 31 23 20 23 33 24 29 28 20
leaf_count=20 28 20 21 29 21 22 30 25 20 35 406 20 42 20 23 21 20 19 28 33 260 19 24 24 31 23 20 23 33 24 29 28 20
internal_value=-0.000620557 0.0133985 -0.00182964 0.0215865 -0.00136954 0.00198649 0.00061578 -0.002187 0.0131714 0.0353234 0 0.002214 0.00057821 -0.00462568 -0.0036201 0.00495428 0.0150167 -0.00893235 -0.00702381 0.0323798 -0.00225905 0.00996301 0.0204504 -0.0259038 -0.00733127 0.00996301 -0.021033 -0.00491845 -0.00663067 0.0353234 -0.0285951 -0.034084 -0.00647596
internal_weight=1461 116 1345 96 1324 652 631 523 108 55 498 468 448 672 644 183 138 58 461 80 344 39 57 45 53 52 117 316 293 44 77 57 40
internal_count=1461 116 1345 96 1324 652 631 523 108 55 498 468 448 672 644 183 138 58 461 80 344 39 57 45 53 52 117 316 293 44 77 57 40
cat_boundaries=0 1
cat_threshold=81
is_linear=0
shrinkage=0.129519


Tree=136
num_leaves=27
num_cat=0
split_feature=13 0 0 22 11 13 13 13 0 0 1 13 26 9 13 0 9 16 14 11 3 13 14 13 13 10
split_gain=1.69936 1.49724 4.30718 1.47494 1.96923 1.45295 1.38421 3.0926 2.79444 5.14245 2.91382 2.53811 1.25823 2.73377 1.23361 1.65757 1.51895 1.16775 1.22449 1.04357 1.40368 0.962713 0.895041 0.669643 0.693362 0.109091
threshold=-0.96351521935644713 5.5000000000000009 4.5000000000000009 1.0000000180025095e-35 0.96231527631374336 -0.94842669772944921 -0.23955531300190366 -0.016126489383873798 1.5000000000000002 3.5000000000000004 5.5000000000000009 -0.28931847264162769 -18.499999999999996 0.83849049182116964 -0.67802707551174202 1.0000000180025095e-35 -0.67803021058859214 -0.90161545992537206 -0.86330706126299084 0.039769539193789956 11.500000000000002 0.99897542822295915 0.17011413867499778 -0.74155617376233318 -0.91597301953928589 -0.85225707553516283
decision_type=2 2 2 2 2 2 2 2 2 2 2 2 2 2 2 2 2 2 2 2 2 2 2 2 2 2
left_child=1 2 19 5 -5 -2 11 8 -8 -10 -11 14 -9 21 16 -16 -7 -17 -19 20 -1 22 -14 24 -18 -21
right_child=3 -3 -4 4 -6 6 7 12 9 10 -12 -13 13 -15 15 17 23 18 -20 25 -22 -23 -24 -25 -26 -27
leaf_value=-0.00072106621775547839 0.00028455677759799228 -0.0022038042214839737 0.0025112824621821052 -0.0074391289230936585 4.2650398506262758e-05 0.0025600838574598829 -0.00097104225519596677 0.00088241363181211215 0.0044977849630818975 -0.0039416208331513655 0.0073913615205819516 -0.00027415432507916251 9.3703904366195925e-05 -0.0031370201293185592 -0.00020236345921853801 -0.0010160336390905552 0.00033409220475543421 0.0011798342588147971 -5.4568248337196825e-05 -0.00029348790292384576 -0.0012914810836853043 -0.00060829843839212009 -4.2545944405212928e-05 0.00031418466007786852 -0.0004200282203563976 5.0378427007882251e-05
leaf_weight=27 22 19 19 20 32 20 26 35 31 20 21 22 346 19 26 26 36 42 98 20 19 20 315 24 132 24
leaf_count=27 22 19 19 20 32 20 26 35 31 20 21 22 346 19 26 26 36 42 98 20 19 20 315 24 132 24
internal_value=8.8651e-05 -0.0141662 -0.00831774 0.00145745 -0.019926 0.00232548 0.00174887 0.00482004 0.0264325 0.0395753 0.00947701 -0.0042565 0.00193838 0.000740109 -0.00192355 -0.0094441 0.00488751 -0.00468141 0 -0.0201474 -0.0337876 0.00209209 0.00293916 0.00134916 -0.00154189 -0.00588723
internal_weight=1461 128 109 1333 52 1281 1259 833 98 72 41 426 735 700 404 192 212 166 140 90 46 681 661 192 168 44
internal_count=1461 128 109 1333 52 1281 1259 833 98 72 41 426 735 700 404 192 212 166 140 90 46 681 661 192 168 44
is_linear=0
shrinkage=0.129519


Tree=137
num_leaves=34
num_cat=0
split_feature=13 13 0 15 15 13 13 13 15 16 26 16 25 16 16 14 16 0 16 1 16 14 0 0 0 16 1 14 1 12 1 13 9
split_gain=1.5899 2.17521 1.97711 2.7864 2.5 2.03992 1.30667 1.43719 1.21396 1.09761 2.94721 2.41137 1.74943 1.46934 1.62918 1.99892 1.38528 1.17604 1.98686 1.07643 1.07353 1.05438 1.05 0.870759 2.09015 0.806983 0.736415 1.40287 1.13523 1.22075 0.648043 0.628367 0.252962
threshold=-0.12546058073178529 -0.37447172655954947 1.0000000180025095e-35 -0.035471551146965145 0.7172936132855442 -0.46801289393397988 -0.33223377050200648 -0.17647005552944253 0.98331511241808744 -0.97876680704815899 -18.499999999999996 -0.95629206636249531 1.0000000180025095e-35 -0.71202943263366203 -0.522158361205323 0.15738683996405176 -0.84082858939570659 4.5000000000000009 0.10623888086365067 8.5000000000000018 -0.29342786347392769 -0.80671910480222953 3.5000000000000004 3.5000000000000004 1.5000000000000002 -0.13611530350477188 20.500000000000004 -0.39826417195808556 19.500000000000004 0.36447543099728857 19.500000000000004 -0.97876397852965813 -0.15101209918632377
decision_type=2 2 2 2 2 2 2 2 2 2 2 2 2 2 2 2 2 2 2 2 2 2 2 2 2 2 2 2 2 2 2 2 2
left_child=1 2 3 30 -5 8 -3 19 21 22 -11 -12 13 23 15 -15 -14 20 -19 -8 -16 -4 -2 24 -13 -21 28 -28 29 -23 -1 -29 -7
right_child=9 6 5 4 -6 32 7 -9 -10 10 11 12 16 14 17 -17 -18 18 -20 25 -22 26 -24 -25 -26 -27 27 31 -30 -31 -32 -33 -34
leaf_value=0.00049865235531004954 -1.0282799410654861e-05 -0.0017523492946924109 -0.00070166438177947301 -0.0004018164940035832 -0.00028847486469887028 0.00056618003725113198 -0.00046693801588202543 -0.0010211762230699774 0.00022250023704366141 0.0024308189989671182 0.00063481312199781747 -0.0022523964591617093 0.00022160465815255966 9.7054832942853887e-05 -0.00050937378766026929 0.0021187412369288346 -0.0042379082206120454 0.00029912154631087079 3.7651831396043261e-05 -4.3733151502376321e-05 1.1988405369238855e-05 0.00012680081908100486 -0.00042145422967807526 -0.0047839843282086051 0.00049173962236400239 0.00096898407137013961 -0.0015068208628525566 0.00092319676647321393 0.0051300960892020431 -0.00049992221578375531 -0.0023838759371643727 -0.00023416997772143929 0.0024958750906950255
leaf_weight=19 28 20 28 20 20 20 30 24 25 35 19 19 20 31 45 24 22 44 104 24 331 146 20 27 20 22 30 27 21 103 20 52 21
leaf_count=19 28 20 28 20 20 20 30 24 25 35 19 19 20 31 45 24 22 44 104 24 331 146 20 27 20 22 30 27 21 103 20 52 21
internal_value=-0.00115246 -0.0057821 -0.00234636 -0.0213133 -0.0453317 0.000821474 -0.0215865 -0.0155423 -0.00179888 0.00279065 0.00402016 0.00220146 0.000942643 0.00261046 0.00469759 0.0259038 -0.0246703 0.00247174 0.0122518 -0.0068168 -0.00137786 -0.00350052 -0.0161899 -0.0156993 -0.003321 0.00563127 -0.0017087 -0.0106942 0.0019188 -0.000520157 0.003321 -0.00163948 0.028431
internal_weight=1461 672 552 79 40 473 120 100 432 789 741 706 687 645 579 55 42 524 148 76 376 407 48 66 39 46 379 109 270 249 39 79 41
internal_count=1461 672 552 79 40 473 120 100 432 789 741 706 687 645 579 55 42 524 148 76 376 407 48 66 39 46 379 109 270 249 39 79 41
is_linear=0
shrinkage=0.129519


Tree=138
num_leaves=38
num_cat=0
split_feature=13 13 26 15 26 15 26 13 26 9 2 13 26 23 5 11 10 16 0 13 12 15 2 5 9 0 16 16 16 11 16 10 0 16 0 15 5
split_gain=1.52693 1.14286 0.95101 2.22051 5.50304 1.90476 2.27104 1.25803 1.97043 3.03851 1.32948 1.5735 1.28224 1.29037 1.63655 2.18163 1.01654 0.722556 1.84374 3.79843 1.72627 1.0279 1.3475 1.98 1.63846 1.02739 1.45599 3.06975 1.4185 1.51443 1.24512 0.950401 0.915238 0.890909 0.818182 0.674764 0.629762
threshold=-0.12546058073178529 -0.17647005552944253 8.5000000000000018 0.98091558679606183 1.5000000000000002 0.94496830006774635 21.500000000000004 0.48219581461954475 -18.499999999999996 0.83849049182116964 19.500000000000004 0.26140895925106966 -14.499999999999998 1.0000000180025095e-35 46.500000000000007 0.57075747273004163 0.50370931781787065 0.43540432083943342 1.0000000180025095e-35 -0.54580787074189718 0.42763731121559989 0.98331511241808744 31.500000000000004 224.50000000000003 0.92602006027323125 4.5000000000000009 0.9456351743229523 0.90160086863968458 0.83374617138413387 -0.39727776132405551 0.7028870838160538 -0.84313311835787952 1.5000000000000002 0.71353761266622884 5.5000000000000009 0.99467293209889374 238.50000000000003
decision_type=2 2 2 2 2 2 2 2 2 2 2 2 2 2 2 2 2 2 2 2 2 2 2 2 2 2 2 2 2 2 2 2 2 2 2 2 2
left_child=1 17 3 4 7 6 -4 8 -2 10 11 -10 -9 14 -14 -16 -12 18 19 20 -1 22 24 -24 31 26 27 28 29 -19 -31 -20 -25 -27 -35 -23 -34
right_child=2 -3 5 -5 -6 -7 -8 12 9 -11 16 -13 13 -15 15 -17 -18 25 21 -21 -22 35 23 32 -26 33 -28 -29 -30 30 -32 -33 36 34 -36 -37 -38
leaf_value=-0.0010624921522098616 0.0024706037505245718 -0.00088891435074154885 -0.0035135625496856043 -0.00086573368453483532 0.0058102052654541887 0.00013966777243753874 0.00033208164215352981 -0.00020849746473838843 0.0018261529923930301 -0.001270518146743902 0.00027572586938215079 0.00045281806847443105 0.00053954661374095391 0.0002291947274329779 6.8913058771170735e-07 -0.0034276780562770524 -0.00049047640214489106 -0.001052813012635688 -0.00023868274762714795 0.002325685633155869 -0.00046116473117334427 0.00074349388033306493 0.0022357030020107253 0.0009260352071067434 0.00016424542443970849 0.002512201406788418 -0.00024453681307047461 0.00070159845479349919 -0.00074649323585575581 0.0010345277163246421 -4.3644061393931359e-05 -0.0010724793354649773 8.3889792308458096e-05 5.1680408715605529e-05 -0.0021108837211017946 -0.00057204069097826918 -0.0006393307186486958
leaf_weight=23 30 24 31 33 22 24 29 21 19 29 121 29 33 26 302 21 19 27 37 19 19 19 20 32 37 20 33 22 22 27 33 26 40 22 22 20 128
leaf_count=23 30 24 31 33 22 24 29 21 19 29 121 29 33 26 302 21 19 27 37 19 19 19 20 32 37 20 33 22 22 27 33 26 40 22 22 20 128
internal_value=-8.8651e-05 -0.00462568 0.00377559 0.00532774 0.00693853 -0.00925137 -0.0215865 0.00478225 0.0120605 0.00775921 0.0137786 0.0323798 0.000321387 0.00203433 0 -0.00280692 0.00740109 -0.00359775 -0.00678434 -0.0276024 -0.0493406 -0.003247 -0.00566646 0 -0.0181327 0.00227227 -0.003159 0.00296609 -0.00594125 0.00148873 0.0129519 -0.0308379 -0.00388557 0.0161899 0.00588723 0.016605 -0.00770947
internal_weight=1461 672 789 705 672 84 60 650 247 217 188 48 403 382 356 323 140 648 420 61 42 359 320 220 100 228 164 131 109 87 60 63 200 64 44 39 168
internal_count=1461 672 789 705 672 84 60 650 247 217 188 48 403 382 356 323 140 648 420 61 42 359 320 220 100 228 164 131 109 87 60 63 200 64 44 39 168
is_linear=0
shrinkage=0.129519


Tree=139
num_leaves=45
num_cat=0
split_feature=14 0 10 14 15 15 15 0 15 15 15 10 14 12 10 15 11 10 11 2 13 2 26 10 15 9 26 5 10 5 15 0 10 1 1 12 0 11 10 10 5 2 9 5
split_gain=1.89106 1.40459 4.04477 3.60902 1.47686 2.10531 1.81805 2.04295 2.24359 2.99145 3.61221 2.9193 2.75238 2.21455 1.5019 1.28302 1.82599 1.69912 1.1632 1.14035 1.113 1.02162 1.0817 1.38618 1.30986 1.15547 2.17381 1.08098 1.01341 0.977449 1.05697 1.3116 0.860945 1.3586 0.963409 0.854701 1.01587 1.40389 2.5293 0.848077 0.821448 0.575908 0.363636 0.196042
threshold=0.61406596158459648 1.0000000180025095e-35 -0.15101602693478736 1.0000000180025095e-35 -0.18281597401273728 -0.33628698087879166 0.99348475779378076 4.5000000000000009 0.95846562273089031 0.022576145604933002 0.17964446838920581 0.41202506375868281 -0.086975421574875297 0.80800279670863706 -0.97874870457683605 0.6523422256022039 -0.27694476165744958 0.48877522411129343 0.022575206119361854 26.500000000000004 0.9800658150361089 50.500000000000007 24.500000000000004 -0.32613736746952132 -0.86330057456837561 0.10837544681456417 13.500000000000002 354.50000000000006 -0.39827153806311177 58.500000000000007 -0.99467753128998015 1.5000000000000002 0.6174544326165855 20.500000000000004 16.500000000000004 -0.13185729634369439 2.5000000000000004 0.91593490216309192 -0.50557503990954278 -0.6905596507703472 240.50000000000003 20.500000000000004 0.80417553764032002 360.50000000000006
decision_type=2 2 2 2 2 2 2 2 2 2 2 2 2 2 2 2 2 2 2 2 2 2 2 2 2 2 2 2 2 2 2 2 2 2 2 2 2 2 2 2 2 2 2 2
left_child=1 2 3 -1 5 14 7 8 9 19 -11 -10 -12 15 -3 16 -9 -17 -18 -6 29 22 23 28 -25 -26 -27 -23 35 -16 -31 -32 33 -4 -34 36 40 38 -38 -37 42 -7 -2 -29
right_child=21 4 32 -5 6 41 -8 13 11 10 12 -13 -14 -15 20 17 18 -19 -20 -21 -22 27 -24 24 25 26 -28 43 -30 30 31 -33 34 -35 -36 39 37 -39 -40 -41 -42 -43 -44 -45
leaf_value=-0.00010789194749552121 0.00033806535153140226 0.0004064616067828682 -0.00027460695198912039 -0.001960757248920818 -0.0023241847611610049 0.0047039067702241092 0.00061776267227087558 -0.0051705631666145585 -2.7557822268951832e-05 0.003297384769996351 -0.00028516153712976344 -0.0014051332077394971 0.00015737158072791829 -0.0009056830226574328 0.00044999585639326112 2.9637541819916811e-05 0.00076528444054102518 0.0082994213359925736 -0.00010079254738260262 -0.00036518414397631514 0.00029767985416250464 -0.0017315974388883736 -0.0012566885485313212 0.00093825165759305615 -0.00029672833433676602 0.00023893351630382197 0.001636318388520248 0.00028674616616601058 -0.00099862605238363179 0.0013817888748739128 0.0018890479815577891 -0.00039887786532713607 5.52431966238376e-05 0.0029082831392094038 -0.00060707524947001019 0.00010415859413246649 0.0027110450489805206 -6.8489986880607712e-05 2.3416227183443743e-05 -0.00092675611157682226 -0.00051080878602670354 0.00039603623437426425 -0.00012044819194295439 -0.0016468820881482696
leaf_weight=35 22 24 33 19 20 19 34 19 19 24 140 20 70 26 24 32 22 21 27 19 27 19 19 23 31 36 22 24 36 30 40 204 21 20 19 32 30 19 32 20 19 28 22 19
leaf_count=35 22 24 33 19 20 19 34 19 19 24 140 20 70 26 24 32 22 21 27 19 27 19 19 23 31 36 22 24 36 30 40 204 21 20 19 32 30 19 32 20 19 28 22 19
internal_value=-0.000265953 -0.00325048 -0.0149784 -0.043173 -0.00131122 0.00457896 -0.00604248 -0.00818313 -0.0141143 -0.00996301 -0.004428 -0.043173 -0.00986813 0.00440541 0.00111335 0.0117745 0 0.0268813 0.0132162 -0.043173 -0.00119556 0.00700927 0.00963366 0.0112953 0.0231284 0.016008 0.0267971 -0.00835607 0.00558272 -0.00347702 -0.00567237 -0.00849306 0.00139268 0.0122188 -0.0129519 0.00925137 0.014391 0.023985 0.0334243 -0.00498151 0.00205586 0.030313 0.0117745 0.00301207
internal_weight=1461 1036 147 54 889 396 493 459 312 273 234 39 210 147 349 121 68 53 49 39 325 425 363 344 112 89 58 62 232 298 274 244 93 53 40 196 144 81 62 52 63 47 44 43
internal_count=1461 1036 147 54 889 396 493 459 312 273 234 39 210 147 349 121 68 53 49 39 325 425 363 344 112 89 58 62 232 298 274 244 93 53 40 196 144 81 62 52 63 47 44 43
is_linear=0
shrinkage=0.129519


Tree=140
num_leaves=24
num_cat=1
split_feature=9 8 2 14 2 1 14 14 14 1 1 1 15 16 14 14 11 0 19 16 11 11 5
split_gain=1.48048 1.42079 3.71212 1.81359 1.00241 2.06589 2.04886 1.7737 2.01719 1.54077 3.90273 3.66037 1.53068 1.53061 1.42258 1.67742 1.58065 1.44456 1.20893 1.17127 2.07502 1.61816 0.4
threshold=0.9962888416657264 1.0000000180025095e-35 26.500000000000004 0.9953013416090124 19.500000000000004 28.500000000000004 0.96849880583763492 0.93769647993491489 0.836143665535245 23.500000000000004 22.500000000000004 21.500000000000004 0.67799886003753596 -0.3584608628474476 -0.30163931797635496 -0.93079825625447066 0.19336742136696441 3.5000000000000004 0 -0.90713695618521706 0.92273069556937581 0.99196248624718542 92.500000000000014
decision_type=2 2 2 2 2 2 2 2 2 2 2 2 2 2 2 2 2 2 9 2 2 2 2
left_child=1 3 -3 4 6 9 7 8 19 10 11 18 -10 -7 15 -11 17 -16 -6 21 -21 -1 -2
right_child=22 2 -4 -5 5 13 -8 -9 12 14 -12 -13 -14 -15 16 -17 -18 -19 -20 20 -22 -23 -24
leaf_value=-0.00018864810281112688 -0.00044786289545212493 -0.00104157468003742 3.0179100465690682e-05 0.00069637139156460408 -2.7429070249632749e-05 -0.0017073472515412478 0.0012384989768371461 -0.00051374495888511693 0.00055493468014844146 -0.00013520268332191089 -0.0042445661959759906 0.0066739660840914854 9.4525747246281433e-05 -0.00016087464294549443 -0.00044491377739626364 0.0034088027135095044 0.00028723146706919494 0.00063759357007300507 -0.00029645464550815054 -1.1699163818050219e-05 0.00034341934285677783 -3.3180707193296095e-05 -0.00024506206115303532
leaf_weight=19 20 20 24 36 483 21 33 24 31 26 32 32 20 28 34 36 36 28 126 256 44 32 20
leaf_count=19 20 20 24 36 483 21 33 24 31 26 32 32 20 28 34 36 36 28 126 256 44 32 20
internal_value=-0.00132977 -0.000638025 -0.0235489 9.40589e-05 -0.000676088 -0.00323064 0.00423265 0.00182421 0.00386624 -0.00171034 -0.00442636 -0.00222264 0.0279355 -0.0290757 0.00971394 0.0250682 0 -0.0125341 -0.00446618 0.000369 0.00345384 -0.0177771 -0.0259038
internal_weight=1461 1421 44 1377 1341 882 459 426 402 833 673 641 51 49 160 62 98 62 609 351 300 51 40
internal_count=1461 1421 44 1377 1341 882 459 426 402 833 673 641 51 49 160 62 98 62 609 351 300 51 40
cat_boundaries=0 1
cat_threshold=137
is_linear=0
shrinkage=0.129519


Tree=141
num_leaves=22
num_cat=0
split_feature=9 15 26 13 1 9 8 14 15 13 15 15 5 0 0 14 15 1 11 0 5
split_gain=1.41708 1.46249 1.11098 3.23918 2.36846 1.29307 0.856517 2.8955 1.13819 2.45881 1.81037 1.30292 0.767217 1.31899 1.02381 1.1591 1.08695 0.949648 0.816878 0.593939 0.4
threshold=0.9962888416657264 0.96522610578843548 6.5000000000000009 0.4071210141943909 24.500000000000004 -0.39826117949089107 1.0000000180025095e-35 -0.048361937605030693 0.91027842784872848 -0.20179863041063703 0.88618201382888007 0.85950060977100495 277.50000000000006 1.5000000000000002 1.5000000000000002 0.95043692734339424 -0.53130155919828825 12.500000000000002 -0.89405649444168434 2.5000000000000004 92.500000000000014
decision_type=2 2 2 2 2 2 2 2 2 2 2 2 2 2 2 2 2 2 2 2 2
left_child=1 6 3 4 -3 -6 8 -8 10 -10 11 12 14 18 16 -16 -1 -15 -14 -11 -2
right_child=20 2 -4 -5 5 -7 7 -9 9 19 -12 -13 13 17 15 -17 -18 -19 -20 -21 -22
leaf_value=-0.00041727406434090541 -0.00038985607570764301 0.0049697920374731433 0.00038536665822874906 -0.00091753658283286437 -0.0003284084248749857 -0.00030908278722354424 0.00011331485577391639 -0.00085432217608382257 -0.00043361655557101986 0.0016385031768005377 -0.0074739530273786161 0.0013682901679885656 -0.00036644270264153607 -0.00048152316451600404 7.5096894816689835e-05 -9.2237776074931103e-05 7.9898958301313882e-06 -6.9931426188115837e-05 0.00048992287427205639 0.00024684711495138241 -0.00021332183227536715
leaf_weight=98 20 27 22 26 27 22 19 25 25 20 20 19 30 91 550 70 146 111 49 24 20
leaf_count=98 20 27 22 26 27 22 19 25 25 20 20 19 30 91 550 70 146 111 49 24 20
internal_value=-0.00186167 -0.0011849 -0.0146231 -0.0203167 -0.0068168 -0.0237892 9.98606e-05 -0.0176617 0.000723571 0.0168938 -0.000218782 0.000445083 -0.000113117 -0.00599199 0.00179888 0.00459584 -0.00530816 -0.0115413 0.00819741 0.0353234 -0.0259038
internal_weight=1461 1421 124 102 76 49 1297 44 1253 69 1184 1164 1145 281 864 620 244 202 79 44 40
internal_count=1461 1421 124 102 76 49 1297 44 1253 69 1184 1164 1145 281 864 620 244 202 79 44 40
is_linear=0
shrinkage=0.129519


Tree=142
num_leaves=28
num_cat=0
split_feature=15 9 26 13 13 16 1 10 0 10 11 11 11 11 16 16 14 14 0 17 11 1 9 0 16 5 10
split_gain=2.11015 1.46753 1.42222 3.66232 2.08866 1.11846 1.01092 2.37372 2.1 1.64436 0.770567 2.17778 1.78421 0.983041 0.926252 1.45925 1.25952 1.08753 1.5013 0.9 0.711111 0.688255 0.948157 1.66591 1.5277 0.4 0.29757
threshold=0.9524372690416032 0.9962888416657264 6.5000000000000009 0.4071210141943909 -0.20179863041063703 0.022575427941169002 28.500000000000004 -0.83375966452616657 3.5000000000000004 0.47369649395226454 0.97872324816535827 0.99196248624718542 0.93315540453694978 0.95752911693909504 0.77108682076304746 0.83374617138413387 0.41593973716973393 -0.10623912647794688 4.5000000000000009 1.0000000180025095e-35 0.99865421017599987 1.5000000000000002 -0.17647087149565663 1.5000000000000002 0.67644692717078947 92.500000000000014 -0.99864786094873803
decision_type=2 2 2 2 2 2 2 2 2 2 2 2 2 2 2 2 2 2 2 2 2 2 2 2 2 2 2
left_child=1 6 3 4 5 -2 10 -8 9 -9 12 -12 14 -14 21 16 -16 26 -19 -15 -13 -1 24 -24 -23 -3 -17
right_child=2 25 -4 -5 -6 -7 7 8 -10 -11 11 20 13 19 15 17 -18 18 -20 -21 -22 22 23 -25 -26 -27 -28
leaf_value=0.00049630168720577036 -0.00033852071359571391 -0.00033936224971863277 0.00033545429775773145 -0.00079869802819977046 0.00076031222903552814 -0.00018592761139575264 0.00038923461020639861 -0.00029808430363226571 -0.0026415790603834853 0.0008791189667308846 -0.00039913343292956717 -8.0299334583175725e-05 5.8957133690503829e-05 0.0010227559516485609 0.0025538501401776719 0.0021621953223855948 0.00028684769951816259 0.0003341427971788364 -0.0017531002892916781 -0.00015613315988501146 0.00016609285239438328 -0.00011553540465079299 -0.00046523082329743648 0.00010039288388645281 -0.0039314216109002428 -0.00018569257073574748 -0.00016019414088811197
leaf_weight=32 32 20 24 28 24 36 26 19 30 21 36 36 36 20 20 19 28 72 33 20 24 330 104 262 28 20 81
leaf_count=32 32 20 24 28 24 36 26 19 30 21 36 36 36 20 20 19 28 72 33 20 24 330 104 262 28 20 81
internal_value=-0.00310279 -0.00147516 -0.0179888 -0.0237452 -0.0112625 -0.0228563 -0.000709972 -0.0134916 -0.0259038 -0.00647596 0.000329007 -0.0107933 0.0013131 0.0204504 -0.000128364 0.00665513 0.0269832 0.0018954 0.0111016 0.00647596 0.0043173 -0.0023985 -0.00322009 0.00141551 -0.00795928 -0.0259038 -0.00777115
internal_weight=1461 1317 144 120 92 68 1277 96 70 40 1181 96 1085 76 1009 253 48 205 105 40 60 756 724 366 358 40 100
internal_count=1461 1317 144 120 92 68 1277 96 70 40 1181 96 1085 76 1009 253 48 205 105 40 60 756 724 366 358 40 100
is_linear=0
shrinkage=0.129519


Tree=143
num_leaves=27
num_cat=0
split_feature=15 26 13 13 13 1 1 5 9 16 13 0 11 13 13 9 10 11 5 11 25 26 13 1 13 24
split_gain=1.81253 1.25 2.50518 2.08866 1.14602 2.16 2.36308 3.38645 1.37143 1.11846 0.834112 0.840289 1.64626 2.58269 3.60222 2.4784 2.55924 1.4673 3.20673 2.38963 1.8583 2.65098 1.32878 1.18005 3.1469 1.70494
threshold=0.9524372690416032 6.5000000000000009 0.4071210141943909 -0.20179863041063703 -0.96351521935644713 29.500000000000004 4.5000000000000009 218.50000000000003 -0.49064630004295678 0.022575427941169002 0.99897542822295915 5.5000000000000009 0.95566275305367776 -0.77517597200567023 -0.38640321612842066 -0.814291907305839 -0.89404254237865755 0.95566275305367776 226.50000000000003 0.93315540453694978 1.0000000180025095e-35 -16.499999999999996 0.99398759792145908 7.5000000000000009 -0.16375645203002628 1.0000000180025095e-35
decision_type=2 2 2 2 2 2 2 2 2 2 2 2 2 2 2 2 2 2 2 2 2 2 2 2 2 2
left_child=4 2 3 9 5 6 8 -8 -1 -2 11 17 13 -13 -15 -16 -17 19 20 22 -19 -22 23 24 -6 -25
right_child=1 -3 -4 -5 10 -7 7 -9 -10 -11 -12 12 -14 14 15 16 -18 18 -20 -21 21 -23 -24 25 -26 -27
leaf_value=0.0033239812991280727 -0.00029467579986714034 0.00029200654358973966 -0.00069525134167465713 0.00066183723843683405 -0.0016370530039514118 0.00066869900743954705 -0.0016631337203165306 -0.00016426777305854779 -0.00026534559169768347 -0.00016184642594977715 -0.00036885740831130051 -0.0042619018776519722 0.00051810486485374377 0.0047100094211541804 0.00092490113090089516 9.3604220323281436e-05 -0.0015260402369685628 -0.0016973363778338745 0.00022016072321497565 0.00034089912818078855 -0.0053510446173337155 0.00024992506362279954 0.00041334783632430289 -7.0058222559967306e-06 -5.6648471995148529e-05 0.0011663009485315989
leaf_weight=20 32 24 28 24 24 20 24 28 28 36 20 20 21 22 36 20 49 28 37 26 20 34 28 617 150 45
leaf_count=20 32 24 28 24 24 20 24 28 28 36 20 20 21 22 36 20 49 28 37 26 20 34 28 617 150 45
internal_value=-0.00239358 -0.0161899 -0.0215865 -0.0112625 -0.000885097 -0.0129519 -0.0207231 -0.039852 0 -0.0228563 0.000324609 0.000770292 0.00925137 0.00440541 0.0112182 0.00123352 -0.0131396 -0.000641819 -0.0141492 0.00116422 -0.028431 -0.014391 0 -0.000929563 -0.0104211 0.00156519
internal_weight=1461 144 120 92 1317 120 100 52 48 68 1197 1177 168 147 127 105 69 1009 119 890 82 54 864 836 174 662
internal_count=1461 144 120 92 1317 120 100 52 48 68 1197 1177 168 147 127 105 69 1009 119 890 82 54 864 836 174 662
is_linear=0
shrinkage=0.129519


Tree=144
num_leaves=26
num_cat=0
split_feature=15 1 1 8 12 15 0 15 10 0 16 11 0 13 13 10 11 15 16 12 1 0 0 13 1
split_gain=1.86717 1.4837 2.68281 2.48426 1.2004 1.81071 1.33929 1.21905 0.947368 0.84 0.813198 0.930725 1.93415 1.6075 1.7052 1.56277 1.49087 1.02 0.870719 0.865244 1.98352 2.38095 0.9555 0.535714 0.272932
threshold=0.92518487570179841 29.500000000000004 28.500000000000004 1.0000000180025095e-35 -0.57078287476060374 0.97113435722967201 3.5000000000000004 0.96606258810721657 0.029024409397335454 3.5000000000000004 -0.99465740988130913 -0.064463015794845882 5.5000000000000009 -0.98132686700352856 -0.94842669772944921 -0.18493013702746816 -0.59869031648930193 0.8697593477501786 -0.96797918525527737 -0.98801846520836334 25.500000000000004 3.5000000000000004 1.5000000000000002 0.66607499652289859 28.500000000000004
decision_type=2 2 2 2 2 2 2 2 2 2 2 2 2 2 2 2 2 2 2 2 2 2 2 2 2
left_child=1 2 10 -3 7 24 -7 -2 -5 -9 23 12 13 -12 -15 -14 -17 19 -16 -13 22 -22 -21 -1 -6
right_child=4 3 -4 8 5 6 -8 9 -10 -11 11 17 15 14 18 16 -18 -19 -20 20 21 -23 -24 -25 -26
leaf_value=0.00025796537217071767 0.00081426741766486659 0.00076616361704237395 -0.00086389902931098528 0.00014708702138843788 -0.00030599417819672769 0.00025418610543721408 -0.00031248115638499131 -0.00043414914050151916 -0.00051718444547115135 3.7440282113705173e-05 8.3310488845155396e-05 -0.00017052084416379679 0.00013366077195388557 -0.00070492514113109088 -0.0018469927864095963 0.0015176919090773172 -0.00084075863646738882 -0.00029076118077529795 2.6206540420245324e-05 -0.00014592406555572886 0.00080479046796549079 -0.0047101061757665371 -1.3655175802085196e-05 -0.00025045733494392529 -0.00021975511719608793
leaf_weight=28 24 21 29 19 21 32 24 35 19 25 24 32 33 27 31 21 23 19 389 143 21 21 361 20 19
leaf_count=28 24 21 29 19 21 32 24 35 19 25 24 32 33 27 31 21 23 19 389 143 21 21 361 20 19
internal_value=-0.00203897 -0.000303324 -0.00127187 0.0197572 -0.014391 -0.0242848 -0.00925137 -0.00308379 0 -0.0129519 -0.000325698 -0.00101805 0.00283619 -0.000274988 -0.00202826 0.0218669 0.00588723 -0.00455595 0 -0.00358531 -0.00237215 0.0246703 -0.00462568 0.0161899 -0.0453317
internal_weight=1461 1281 1222 59 180 96 56 84 38 60 1193 1145 548 471 447 77 44 597 420 578 546 42 504 48 40
internal_count=1461 1281 1222 59 180 96 56 84 38 60 1193 1145 548 471 447 77 44 597 420 578 546 42 504 48 40
is_linear=0
shrinkage=0.129519


Tree=145
num_leaves=26
num_cat=0
split_feature=15 12 1 1 12 13 16 11 5 26 1 5 13 17 5 5 15 1 11 26 13 12 5 13 1
split_gain=1.77695 1.80064 1.46841 2.7858 2.11481 0.793407 0.739699 0.920272 0.988034 0.755986 4.37319 1.55719 1.67225 1.26432 1.10957 1.4349 1.10977 0.625 1.03214 0.826469 3.16484 1.01053 0.632331 0.535714 0.261019
threshold=0.8697593477501786 0.78725816212489719 29.500000000000004 28.500000000000004 0.42763731121559989 -0.91597301953928589 -0.99465740988130913 0.97872324816535827 48.500000000000007 4.5000000000000009 7.5000000000000009 58.500000000000007 0.29239989284795059 1.0000000180025095e-35 94.500000000000014 104.50000000000001 -0.92923668111203817 29.500000000000004 -0.78326178756187226 6.5000000000000009 0.62671365618031138 -0.79384213008979243 296.50000000000006 0.66607499652289859 18.500000000000004
decision_type=2 2 2 2 2 2 2 2 2 2 2 2 2 2 2 2 2 2 2 2 2 2 2 2 2
left_child=2 5 3 6 -4 -2 23 9 -9 11 -11 12 -8 -14 16 -16 -13 18 -7 20 21 -20 -23 -1 -10
right_child=1 -3 4 -5 -6 17 7 8 24 10 -12 14 13 -15 15 -17 -18 -19 19 -21 -22 22 -24 -25 -26
leaf_value=0.00022455391746931344 -0.00022204224810860176 -0.00018119270470456022 0.00022273735046261106 -0.00075200756480367579 -0.0010463041321614464 0.0017283708748371033 0.0027160108298637979 -0.00010978704326374342 2.2197731680226679e-05 -0.0041492248173575028 0.00090583015375729817 0.00020186661187935906 -2.2002549910418434e-05 0.0016172713513174992 7.9696214913475543e-05 4.7475506220661911e-07 -0.00019437901693750322 -8.3706544584792207e-05 0.00061836364503326576 0.00032910214536876212 -0.00086252217276443189 -0.00010303856708581522 2.009349963643641e-05 -0.00021801831481225349 -0.00047956281312520237
leaf_weight=28 28 32 23 29 21 20 20 20 21 22 34 44 32 19 40 730 87 20 20 23 21 56 20 20 31
leaf_count=28 28 32 23 29 21 20 20 20 21 22 34 44 32 19 40 730 87 20 20 23 21 56 20 20 31
internal_value=-0.00168437 -0.0118726 0.000318229 -0.000550209 0.0235489 -0.00747226 0.000451286 -0.000235489 -0.014391 0.000755948 -0.0138771 0.001599 0.0200663 0.00761877 0.00014375 0.00201848 -0.0108757 -0.0043173 -0.00161899 -0.00555082 -0.00996301 0 -0.0068168 0.0161899 -0.00498151
internal_weight=1461 240 1221 1177 44 208 1148 1100 72 1028 56 972 71 51 901 770 131 180 160 140 117 96 76 48 52
internal_count=1461 240 1221 1177 44 208 1148 1100 72 1028 56 972 71 51 901 770 131 180 160 140 117 96 76 48 52
is_linear=0
shrinkage=0.129519


Tree=146
num_leaves=31
num_cat=0
split_feature=15 1 1 11 11 0 1 26 10 2 5 15 0 0 15 15 15 15 16 13 13 13 15 0 15 15 11 13 1 2
split_gain=1.53314 1.44172 2.81682 1.1644 1.06667 1.30452 1.2515 1.2449 2.15111 1.06129 1.26902 0.904762 1.2331 0.894041 2.68682 8.01592 5.24787 3.71228 2.88758 1.17357 1.20751 1.66407 1.16659 3.51542 1.23987 1.54083 1.09983 1.14381 0.988034 0.947368
threshold=0.8697593477501786 29.500000000000004 28.500000000000004 0.039769539193789956 0.49812943072827087 3.5000000000000004 22.500000000000004 5.5000000000000009 -0.90161545992537195 16.500000000000004 118.50000000000001 0.94135275643221283 2.5000000000000004 5.5000000000000009 -0.71201091358925084 -0.44312992910900667 -0.95244167294248061 0.17964446838920581 0.7028870838160538 0.99398759792145908 0.79317318001497539 0.82353009937458566 0.79383983598139407 2.5000000000000004 -0.97113884758256674 -0.91595184315390066 0.94496830006774635 0.97742141165890761 7.5000000000000009 31.500000000000004
decision_type=2 2 2 2 2 2 2 2 2 2 2 2 2 2 2 2 2 2 2 2 2 2 2 2 2 2 2 2 2 2
left_child=1 2 13 -3 9 7 -7 8 -6 -2 -11 -12 -13 19 16 -16 -15 29 -19 20 22 -22 24 -24 28 -26 27 -23 -1 -17
right_child=4 3 -4 -5 5 6 -8 -9 -10 10 11 12 -14 14 15 17 -18 18 -20 -21 21 26 23 -25 25 -27 -28 -29 -30 -31
leaf_value=-0.0015135181787942484 0.00053827371381051734 8.2170384420533784e-05 -0.0006546081872240004 0.00019388859904821107 2.6947793308210309e-06 -0.0018240918017048036 -0.00020170986962037241 0.00028647711655357348 -0.0003499191005356181 -0.00011312522634771185 -7.286494441549718e-05 -0.00039050687251456731 0.00034101605094484467 0.011796404358906144 0.004307684096903343 -0.00013388299914820416 -0.00073192578574938431 0.003568893744421044 -0.00051788924408109431 0.00036944362555883998 -0.0032657371473485213 0.00014665082844990163 0.00068864010694229684 -0.0013983695334520705 0.00057418247540764295 1.4636857080551161e-05 -3.4112042311568116e-05 -0.00013556460945602218 -0.00030021473989670817 -0.0059491008918920391
leaf_weight=20 22 25 29 19 25 19 33 23 20 22 28 22 26 21 21 19 25 35 22 34 19 101 23 24 52 614 24 23 52 19
leaf_count=20 22 25 29 19 25 19 33 23 20 22 28 22 26 21 21 19 25 35 22 34 19 101 23 24 52 614 24 23 52 19
internal_value=-0.00132977 0.000530381 -0.000330125 0.0235489 -0.0107933 -0.0194279 -0.0348705 -0.00761877 -0.0201474 -0.00215865 -0.00792974 0 0.0107933 0.000676929 0.00959401 0.0200978 -0.0168938 0.00409008 0.0249949 -0.000788149 -0.00163259 -0.0116335 0.000494978 -0.0192901 0.001755 0.00350052 -0.00700103 -0.00208902 -0.014391 -0.0272672
internal_weight=1461 1221 1177 44 240 120 52 68 45 120 98 76 48 1148 162 116 46 95 57 986 952 167 785 47 738 666 148 124 72 38
internal_count=1461 1221 1177 44 240 120 52 68 45 120 98 76 48 1148 162 116 46 95 57 986 952 167 785 47 738 666 148 124 72 38
is_linear=0
shrinkage=0.129519


Tree=147
num_leaves=39
num_cat=2
split_feature=15 1 15 11 16 1 13 13 13 1 6 15 6 1 16 1 1 12 16 12 1 13 20 20 10 12 11 17 11 9 10 26 9 24 11 9 11 6
split_gain=1.95499 1.94116 1.42532 2.56 1.42185 1.12281 0.952381 0.831437 2.31953 1.28396 2.35392 0.824482 1.56408 3.81072 3.23388 2.70812 3.71855 2.54575 2.17527 1.94454 1.89394 1.86774 2.72587 2.46767 1.68421 1.407 2.05294 1.45202 2.5007 2.06739 1.08651 1.05251 2.56445 1.74024 0.840928 0.873421 0.762402 0.75188
threshold=0.9524372690416032 21.500000000000004 0.98699576267654165 0.63920241694561786 -0.99465740988130913 23.500000000000004 0.66607499652289859 -0.97009963647103548 -0.98132686700352856 29.500000000000004 1.0000000180025095e-35 0.40319675393412696 1.0000000180025095e-35 12.500000000000002 0.97110348624087073 11.500000000000002 9.5000000000000018 -0.92272482904738273 0.97832380634958016 0.11478736014455101 7.5000000000000009 -0.38044538728672533 0 1 0.38043945030393422 -0.91597566659893348 0.24372619187392147 1.0000000180025095e-35 0.92919371535393525 0.14250626876356548 -0.97874870457683605 8.5000000000000018 0.24372619187392147 1.0000000180025095e-35 0.93315540453694978 -0.97113884758256674 -0.098750666093870329 1.0000000180025095e-35
decision_type=2 2 2 2 2 2 2 2 2 2 2 2 2 2 2 2 2 2 2 2 2 2 9 9 2 2 2 2 2 2 2 2 2 2 2 2 2 2
left_child=4 -2 3 -3 6 -4 -1 8 9 10 36 12 15 14 19 16 18 -15 20 -14 -9 23 -23 -19 -18 26 -17 28 -27 -29 -13 33 -33 34 35 -32 -6 -7
right_child=1 2 5 -5 7 37 -8 11 -10 -11 -12 30 13 17 -16 25 24 21 -20 -21 -22 22 -24 -25 -26 27 -28 29 -30 -31 31 32 -34 -35 -36 -37 -38 -39
leaf_value=0.00047566049108871774 -0.00031399493073693523 0.00083843403781240142 -0.0012988854404334907 -0.00013402980355138269 -1.5625826406221948e-06 7.3932685594580559e-06 -0.00019167652209437891 -0.00053628818881585932 -0.00017155235525344212 0.00059574218693599686 0.0014484501159760402 -0.00023953184557872802 0.00025826615817743919 0.0029666978799721133 -0.01063924639403461 7.4075398807858941e-05 -0.0040999838830039388 -0.00063712738304317707 0.003206669529674772 0.0017445784923850627 0.00032574769709607876 -0.0023342043181437022 4.7484260675729567e-06 -0.005981030040508927 -0.0082224499687179077 0.00033536773298467701 -0.0027957616848742557 0.00047373606978652236 -0.0010421973703606871 0.00061041045638183307 0.00020702244493320249 0.00089779315124043991 -0.0071405639450488629 0.0068941878724839136 0.00016235021548653694 3.3837870688245944e-06 -0.00063408242343347796 -0.00017558457956727764
leaf_weight=28 23 25 19 20 19 36 20 88 20 20 20 24 29 19 19 23 19 27 35 27 32 34 45 22 19 111 30 149 36 37 32 27 19 19 35 204 29 21
leaf_count=28 23 25 19 20 19 36 20 88 20 20 20 24 29 19 19 23 19 27 35 27 32 34 45 22 19 111 30 149 36 37 32 27 19 19 35 204 29 21
internal_value=-0.00186167 -0.0161899 -0.00963366 0.00863461 -0.000295032 -0.0204504 0.0215865 -0.0011227 -0.0119925 -0.00294362 -0.0114282 -0.000111558 -0.00242545 -0.0116684 0.0120885 0.00111847 -0.0114084 -0.0237892 -0.00250682 0.0277541 -0.0107933 -0.030356 -0.0180343 -0.0502217 -0.0477176 0.00738192 -0.0122188 0.0105016 0.000881083 0.0181048 0.00503686 0.00693853 -0.0112625 0.00982559 0.00716896 0.00439048 -0.0269832 -0.0113613
internal_weight=1461 144 121 45 1317 76 48 1269 108 88 68 1161 801 222 75 579 193 147 155 56 120 128 79 49 38 386 53 333 147 186 360 336 46 290 271 236 48 57
internal_count=1461 144 121 45 1317 76 48 1269 108 88 68 1161 801 222 75 579 193 147 155 56 120 128 79 49 38 386 53 333 147 186 360 336 46 290 271 236 48 57
cat_boundaries=0 1 2
cat_threshold=8 8
is_linear=0
shrinkage=0.129519


Tree=148
num_leaves=19
num_cat=0
split_feature=15 13 1 1 15 5 15 26 13 12 0 11 15 0 12 11 12 1
split_gain=1.85254 1.25803 1.33045 2.98188 2.81107 2.76928 1.40906 1.08889 2.13333 1.08624 2.53858 2.46711 2.22532 1.29317 1.21353 1.02384 0.946779 0.874
threshold=0.9524372690416032 0.99768613338197654 29.500000000000004 28.500000000000004 0.91593490216309192 150.50000000000003 0.89115239534193136 6.5000000000000009 0.45369364581266863 0.21652658465572391 5.5000000000000009 0.92273069556937581 -0.99589637178820756 4.5000000000000009 0.33222858587828868 -0.083761810613582982 -0.6905596507703472 26.500000000000004
decision_type=2 2 2 2 2 2 2 2 2 2 2 2 2 2 2 2 2 2
left_child=1 2 3 4 6 -4 9 8 16 10 13 -12 -11 -1 -14 -7 -2 -18
right_child=7 -3 5 -5 -6 15 -8 -9 -10 12 11 -13 14 -15 -16 -17 17 -19
leaf_value=3.6967628564178998e-05 4.3534025295844475e-06 -0.00039647462261430675 0.00027738435630695214 -0.00038913075331497091 0.00077808310998871524 -7.2831176770517882e-05 -0.0084431983086806373 0.00022517131941980869 -0.00052762592352247279 0.00078170848171693944 0.00018916435743200453 0.0012595966207723439 -0.00022419550333048022 -0.00077683279497014666 -7.3476677569838682e-05 0.00014232484432341738 -0.00022899215450702842 -7.8188916417330497e-06
leaf_weight=488 28 32 19 36 27 19 19 24 24 20 76 20 56 95 382 28 35 33
leaf_count=488 28 32 19 36 27 19 19 24 24 20 76 20 56 95 382 28 35 33
internal_value=-0.000443255 0.00108178 0.00171348 0.000743752 0.00186122 0.0196241 0.000896326 -0.014391 -0.0194279 0.00148087 0.00476875 0.0242848 -0.00339351 0.00155512 -0.0053227 0.00275573 -0.0107933 -0.0190469
internal_weight=1461 1317 1285 1219 1183 66 1156 144 120 1137 679 96 458 583 438 47 96 68
internal_count=1461 1317 1285 1219 1183 66 1156 144 120 1137 679 96 458 583 438 47 96 68
is_linear=0
shrinkage=0.129519


Tree=149
num_leaves=17
num_cat=1
split_feature=15 13 13 26 11 0 14 12 13 26 10 5 0 15 19 11
split_gain=1.85254 1.25803 1.67075 1.08889 1.65679 2.45041 1.17907 0.947368 0.885071 0.913971 1.37419 2.21846 2.30083 0.814125 0.942055 0.857143
threshold=0.9524372690416032 0.99768613338197654 0.99398759792145908 6.5000000000000009 0.71503381463111937 3.5000000000000004 0.55119311828352802 -0.67802903493420741 0.98803388382128687 25.500000000000004 0.99855310097228323 36.500000000000007 3.5000000000000004 0.89260960731044081 0 -0.52766560075116253
decision_type=2 2 2 2 2 2 2 2 2 2 2 2 2 2 9 2
left_child=1 2 8 4 5 6 -2 -7 9 10 11 12 -1 14 -13 -15
right_child=3 -3 -4 -5 -6 7 -8 -9 -10 -11 -12 13 -14 15 -16 -17
leaf_value=0.00062300773774997295 -0.00099837995234879789 -0.00034512356808236779 0.00018622121470763999 0.00019600732242469886 -0.00021782518455916672 -4.1905685951450881e-07 -6.8061954735115606e-06 0.0014397243553908358 -0.00033856156975546376 -0.0075446884436020647 -0.0010012220360033901 -6.8641607487276854e-05 0.00089413570760108081 2.2282467597579066e-05 2.4626883032678836e-05 -0.00092500508929961144
leaf_weight=31 36 32 20 24 23 19 23 19 20 20 21 104 25 32 988 24
leaf_count=31 36 32 20 24 23 19 23 19 20 20 21 104 25 32 988 24
internal_value=-0.000443255 0.00108178 0.00171348 -0.014391 -0.0194279 -0.0120172 -0.0285381 0.0136336 0.00112625 0.00156047 0.00200887 0.00258178 0.0277541 0.00135386 0.00213493 -0.0138771
internal_weight=1461 1317 1285 144 120 97 59 38 1265 1245 1225 1204 56 1148 1092 56
internal_count=1461 1317 1285 144 120 97 59 38 1265 1245 1225 1204 56 1148 1092 56
cat_boundaries=0 1
cat_threshold=80
is_linear=0
shrinkage=0.129519


Tree=150
num_leaves=32
num_cat=0
split_feature=15 13 1 11 14 10 0 15 12 26 13 13 11 11 17 11 26 9 14 12 15 1 0 0 11 8 23 2 1 13 9
split_gain=1.48875 1.27761 1.17428 1.64855 1.66957 1.33333 1.11935 0.925129 1.5981 1.16607 1.18482 3.57375 2.08413 1.31769 2.00439 1.20553 1.02657 0.854398 0.799763 0.988249 1.19568 1.13636 1.08811 2.82088 1.52186 0.771354 1.50495 0.764007 0.664615 1.22727 0.499221
threshold=0.9524372690416032 0.99768613338197654 21.500000000000004 0.65231507897944274 0.91852788691372023 0.3484035575467645 3.5000000000000004 -0.60895740420855382 -0.91597566659893348 -12.499999999999998 0.76070426302234284 0.86167488712516305 -0.30983329214072974 0.97872324816535827 1.0000000180025095e-35 0.93771544905322113 -18.499999999999996 0.63920241694561786 0.9908174711139236 -0.75015199441507729 -0.99885295938472651 17.500000000000004 2.5000000000000004 1.0000000180025095e-35 0.86113431103781346 1.0000000180025095e-35 1.0000000180025095e-35 11.500000000000002 9.5000000000000018 0.96522164277488309 -0.99054481509840819
decision_type=2 2 2 2 2 2 2 2 2 2 2 2 2 2 2 2 2 2 2 2 2 2 2 2 2 2 2 2 2 2 2
left_child=1 7 -2 4 5 -4 -5 8 -1 16 13 17 -13 15 -15 25 -9 -12 19 21 -21 27 23 -22 -24 26 -11 -10 29 -14 -30
right_child=2 -3 3 6 -6 -7 -8 9 18 10 11 12 28 14 -16 -17 -18 -19 -20 20 22 -23 24 -25 -26 -27 -28 -29 30 -31 -32
leaf_value=-0.001695608027053106 -0.000105157023652265 -0.00030042345827944761 0.0060870947167518145 -5.7381371155991383e-05 -0.00011295182025951004 -0.00016804069337281332 -0.00015661446927305907 9.8747546607601746e-05 0.00021762560330590341 8.1363085635378136e-06 0.00068747151713187383 -0.0014261077041578475 -0.00031869573289322693 0.00025840885393456299 -0.00052103666030850308 0.00015133290712582328 0.00073880367359555369 0.00098307473479388352 0.00040157529635832925 0.00043877659113555261 -0.0002326982883384197 0.0065373829638071413 -0.00020458699632357451 0.00057084349825666783 -0.006207900156928358 -4.5810854211379423e-05 0.00037857840849544599 -0.0001432176335059005 1.1127776617717433e-05 0.00021255335773504803 0.0010059755477892208
leaf_weight=20 23 32 21 30 20 28 22 21 19 523 20 24 22 24 34 35 19 23 24 24 36 22 137 77 22 24 22 31 28 32 22
leaf_count=20 23 32 21 30 20 28 22 21 19 523 20 24 22 24 34 35 19 23 24 24 36 22 137 77 22 24 22 31 28 32 22
internal_value=-8.8651e-05 0.00127847 -0.0125921 -0.00749284 0.00563127 0.0185027 -0.0249075 0.00191507 -0.00314367 0.00430247 0.00326519 0.0128762 0.00202374 0.000782593 -0.0178647 0.00257323 0.0259038 0.0451811 -0.00132162 -0.00281563 -0.00612591 0.0107933 -0.00857112 0.00114619 -0.0154771 0.00113813 0.00213885 0 0.00996301 0 0.0207231
internal_weight=1461 1317 144 121 69 49 52 1285 412 873 833 171 128 662 58 604 40 43 392 368 296 72 272 113 159 569 545 50 104 54 50
internal_count=1461 1317 144 121 69 49 52 1285 412 873 833 171 128 662 58 604 40 43 392 368 296 72 272 113 159 569 545 50 104 54 50
is_linear=0
shrinkage=0.129519


Tree=151
num_leaves=23
num_cat=1
split_feature=11 26 9 0 10 17 26 26 13 13 13 13 26 13 5 5 11 11 0 20 12 5
split_gain=1.3758 1.28636 1.71094 2.11932 3.1746 1.52381 1.20684 1.60424 1.06439 2.33333 1.31488 1.10258 1.08278 1.39249 1.87504 1.88153 1.33821 0.916395 0.870578 5.51521 3.31325 0.723214
threshold=0.88618201382888007 -12.499999999999998 0.66527693225344786 3.5000000000000004 -0.55656394595157355 1.0000000180025095e-35 21.500000000000004 16.500000000000004 -0.96351521935644713 -0.97876397852965813 -0.98803388382128643 0.99768613338197654 6.5000000000000009 0.99286655449081762 62.500000000000007 20.500000000000004 0.80417553764032002 0.96687895796550427 1.0000000180025095e-35 0 0.18281650233046787 212.50000000000003
decision_type=2 2 2 2 2 2 2 2 2 2 2 2 2 2 2 2 2 2 2 9 2 2
left_child=6 17 3 18 5 -5 7 8 9 10 21 12 13 14 15 -10 -16 -2 -3 -20 -21 -1
right_child=1 2 -4 4 -6 -7 -8 -9 11 -11 -12 -13 -14 -15 16 -17 -18 -19 19 20 -22 -23
leaf_value=-3.2643253672896808e-05 0.0029207760156241768 4.4441310507604387e-05 -0.00039726967725691923 0.0003389150217546163 0.00039655572102600273 -0.00011744800257192938 0.00085633153057442467 -0.0008066040812917929 1.7499145955389009e-06 -0.001047669834616924 0.00093289412831277867 -0.00026151286852446853 0.00068172708754333556 0.00016228281875297192 -1.7091620631241687e-05 -0.0014408461472309598 0.00061872082050179911 0.00053238048604226909 0.00096851956159003884 -0.0011639191851874869 -0.00032120280836187264 -0.00046574969064318669
leaf_weight=28 22 21 21 21 21 21 36 20 20 28 20 32 34 19 915 21 28 31 23 20 23 36
leaf_count=28 22 21 21 21 21 21 36 20 20 28 20 32 34 19 915 21 28 31 23 20 23 36
internal_value=-8.8651e-05 0.00925137 0.00378711 0.00863461 0.0267262 0.00616758 -0.00177997 -0.00248038 -0.00186437 -0.0138771 -0.00308379 -0.000605796 0.000124898 -0.000645659 -0.00131625 -0.028431 -0.000137348 0.0268813 -0.00446618 -0.0117745 -0.039157 -0.0121424
internal_weight=1461 224 171 150 63 42 1237 1201 1181 112 84 1069 1037 1003 984 41 943 53 87 66 43 64
internal_count=1461 224 171 150 63 42 1237 1201 1181 112 84 1069 1037 1003 984 41 943 53 87 66 43 64
cat_boundaries=0 1
cat_threshold=1
is_linear=0
shrinkage=0.129519


Tree=152
num_leaves=38
num_cat=0
split_feature=13 13 15 1 14 0 14 10 0 16 16 10 1 13 0 2 5 15 10 15 9 9 9 1 13 1 9 1 2 1 5 9 13 14 0 14 1
split_gain=1.37359 1.74811 1.26211 1.88003 1.3519 2.13792 1.24165 1.18421 1.05337 2.64862 2.15504 2.1878 3.87319 2.1364 2.16405 2.55015 1.97626 1.95007 1.69973 1.55512 3.02832 1.48288 1.35401 1.05126 1.32275 1.30421 1.75792 1.6342 1.00898 0.924338 1.02657 0.9 0.640212 0.63564 1.27026 0.820648 0.1
threshold=0.98701858156467404 0.97876397852965835 0.98153590997917928 23.500000000000004 -0.35646009640603105 3.5000000000000004 0.35645267952621967 0.011826144619637501 3.5000000000000004 -0.93392460008367661 -0.3804332934655118 0.5475998096715059 8.5000000000000018 -0.63920832810365547 1.0000000180025095e-35 13.500000000000002 285.50000000000006 -0.10409780073360199 -0.99465740988130902 -0.99051733471092085 0.87397152483179585 -0.97113884758256674 -0.47558551945199218 21.500000000000004 -0.89405649444168434 22.500000000000004 -0.78326540922535159 24.500000000000004 37.500000000000007 17.500000000000004 346.50000000000006 0.46800856592688467 -0.15100930614146782 0.77922293312517721 2.5000000000000004 0.69211325255028833 26.500000000000004
decision_type=2 2 2 2 2 2 2 2 2 2 2 2 2 2 2 2 2 2 2 2 2 2 2 2 2 2 2 2 2 2 2 2 2 2 2 2 2
left_child=1 2 6 -4 -5 -6 8 31 13 -10 11 -11 -13 14 17 -16 18 -1 -12 -15 21 -21 -17 24 -8 -25 36 -28 33 30 -30 -2 -29 35 -35 -26 -27
right_child=7 -3 3 4 5 -7 23 -9 9 10 16 12 -14 19 15 22 -18 -19 -20 20 -22 -23 -24 25 28 26 27 32 29 -31 -32 -33 -34 34 -36 -37 -38
leaf_value=-0.00073322316631868698 -0.00034053367542053148 0.00026078279057016666 -0.00070265532203067226 0.00014565090522635697 0.00052173976222140428 -0.00021454263984887475 0.00051986035807967293 6.3193079067054759e-05 0.00034519416269682878 -0.0022648232769621646 0.0022479213739981067 -0.0026397113339798497 0.00099524971866464637 -0.00096486350638856242 0.003778559349081573 7.1437192568577038e-05 0.00065980203328227789 -7.3784487824452095e-06 -0.0001354884809560766 0.0015808060751054155 0.0017075535153983842 2.3456514790447043e-05 -8.2839309979765012e-05 0.009627818849928407 2.7894397342892303e-05 0.00020689748962318962 -0.0014759900449985216 0.00064811660666804036 -0.003298132259116216 0.00013195717507635227 -0.00016669803717531229 -3.7983812807184777e-05 -2.6681961181123118e-05 -0.00011199120149271785 0.00035095243841514698 0.00084307773508764756 6.8515134220109572e-05
leaf_weight=20 20 20 27 22 20 19 24 36 35 37 20 21 34 20 27 47 28 19 144 30 19 208 39 19 80 20 19 27 19 29 21 20 21 80 103 47 20
leaf_count=20 20 20 27 22 20 19 24 36 35 37 20 21 34 20 27 47 28 19 144 30 19 208 39 19 80 20 19 27 19 29 21 20 21 80 103 47 20
internal_value=-8.8651e-05 0.000841641 0.000284657 -0.0147181 -0.00212326 -0.016605 0.00131852 -0.017042 -0.00207785 -0.00771431 -0.0118574 -0.0281563 -0.0117745 0.00211337 -0.0102252 -0.00114619 -0.00404747 -0.036531 -0.00947701 0.00888398 0.0115912 0.00761877 -0.0120483 0.00612094 0.00289249 0.0164469 0.0108941 -0.00193312 0.00102522 -0.0131396 -0.0259038 -0.0323798 0.0107933 0.00417804 -0.000707755 0.0112182 0.0323798
internal_weight=1461 1385 1365 88 61 39 1277 76 748 319 284 92 55 429 152 113 192 39 164 277 257 238 86 529 403 126 107 67 379 69 40 40 48 310 183 127 40
internal_count=1461 1385 1365 88 61 39 1277 76 748 319 284 92 55 429 152 113 192 39 164 277 257 238 86 529 403 126 107 67 379 69 40 40 48 310 183 127 40
is_linear=0
shrinkage=0.129519


Tree=153
num_leaves=29
num_cat=0
split_feature=11 11 26 0 0 11 17 1 11 9 15 15 1 16 1 9 0 0 1 2 1 1 12 0 2 5 5 9
split_gain=1.77041 2.01667 1.28689 1.275 2.56406 1.55754 1.49339 2.40275 1.64687 1.07272 1.19877 1.01082 0.949808 1.44767 0.980754 1.72105 0.731602 2.56061 3.35138 2.27273 1.70961 2.72432 1.62365 1.52381 1.37427 1.17657 0.562566 0.557724
threshold=0.91593490216309192 0.94135275643221283 21.500000000000004 1.0000000180025095e-35 1.5000000000000002 0.99572776335819457 1.0000000180025095e-35 19.500000000000004 0.97508442350096225 -0.72696319516528884 -0.99885295938472651 0.99758684199993464 30.500000000000004 0.99572603683968142 29.500000000000004 0.9962888416657264 2.5000000000000004 1.5000000000000002 11.500000000000002 40.500000000000007 12.500000000000002 6.5000000000000009 -0.84313311835787952 4.5000000000000009 41.500000000000007 297.50000000000006 263.50000000000006 -0.9354548908432756
decision_type=2 2 2 2 2 2 2 2 2 2 2 2 2 2 2 2 2 2 2 2 2 2 2 2 2 2 2 2
left_child=2 -2 9 -3 -5 6 7 -6 -8 16 -11 12 13 14 15 -12 17 18 -1 -19 21 23 -20 -18 26 -26 -22 -23
right_child=1 3 -4 4 5 -7 8 -9 -10 10 11 -13 -14 -15 -16 -17 20 19 22 -21 24 27 -24 -25 25 -27 -28 -29
leaf_value=0.002170483744176663 0.00024830812618544716 0.00025052282948339201 0.00071070094972697294 -0.0040843195269417232 0.00063263249938755762 -0.00032569421556262034 9.6873549381398439e-05 -0.00086510284173862571 0.0010577514832778778 0.0003168284442560586 -7.3116649597925089e-05 -0.00028499451075903717 -0.00042847943585952908 0.00040635538895116442 0.00019162701893111095 -0.0014177847828803563 -0.00013443049916658488 -0.0040311285131402978 0.00018861477313990977 -2.987705277304957e-06 0.00018083513530268918 -0.0012867157471187702 -0.0017947732277381419 0.011492160926724993 -0.0020009570204715037 0.00020554862701816594 0.0023799833654854197 -0.0030017191428524949
leaf_weight=37 32 24 36 23 23 30 19 19 22 20 786 24 19 25 30 21 21 22 26 22 21 21 25 21 19 22 31 20
leaf_count=37 32 24 36 23 23 30 19 19 22 20 786 24 19 25 30 21 21 22 26 22 21 21 25 21 19 22 31 20
internal_value=-0.000797859 0.0107933 -0.0025516 0.00485697 0 0.00802331 0.0171652 0 0.034749 -0.00325636 -0.00546081 -0.00615395 -0.00543951 -0.00480814 -0.00572546 -0.00658028 0.00336413 -0.00392482 0.00883085 -0.0294362 0.00883085 -0.00468141 -0.012698 0.0185027 0.0208902 0.003159 0.0348705 -0.028431
internal_weight=1461 192 1269 160 136 113 83 42 41 1233 925 905 881 862 837 807 308 132 88 44 176 83 51 42 93 41 52 41
internal_count=1461 192 1269 160 136 113 83 42 41 1233 925 905 881 862 837 807 308 132 88 44 176 83 51 42 93 41 52 41
is_linear=0
shrinkage=0.129519


Tree=154
num_leaves=23
num_cat=1
split_feature=1 26 17 0 0 11 5 1 0 26 26 1 9 15 23 9 19 11 15 1 11 0
split_gain=1.70252 1.63945 1.46098 2.98333 2.06229 1.33801 2.5 1.09767 1.48837 1.83588 3.04211 2.70409 0.910239 0.949815 0.993571 5.07686 0.970885 3.66575 3.15175 3.4632 2.41654 2.0535
threshold=2.5000000000000004 21.500000000000004 1.0000000180025095e-35 3.5000000000000004 2.5000000000000004 0.9252105435402006 235.50000000000003 7.5000000000000009 1.0000000180025095e-35 -17.499999999999996 -10.499999999999998 14.500000000000002 0.99761913169647187 -0.99885295938472651 1.0000000180025095e-35 -0.32614396506100213 0 0.82414472752956958 -0.77243410105675281 14.500000000000002 0.85784900197110281 1.0000000180025095e-35
decision_type=2 2 2 2 2 2 2 2 2 2 2 2 2 2 2 2 9 2 2 2 2 2
left_child=2 5 3 -1 -4 12 7 -7 -9 -10 -11 -12 13 -2 16 -16 17 21 19 -18 -20 -15
right_child=1 -3 4 -5 -6 6 -8 8 9 10 11 -13 -14 14 15 -17 18 -19 20 -21 -22 -23
leaf_value=-3.8074249778426771e-05 0.00027579309472732612 0.00076517942211986744 -0.0015635862169537437 -0.0048014561775679152 0.0025523479276392896 0.00015894108264713199 0.0002298505043969987 0.00042794144945010825 -0.0042349434613474894 0.0010723472325918134 0.00048662774099523983 -0.00045498788392055254 0.00014974154594482692 -0.00025621618535906878 0.0046289082353213181 -0.00017728525434055768 -0.00099532530082761892 0.0013907694393706317 -0.00013559500366694849 0.0023165226892359831 -0.0052168302530758454 -3.5370424920118984e-05
leaf_weight=23 24 33 22 19 32 21 20 21 23 19 40 36 24 126 22 23 42 34 50 24 19 764
leaf_count=23 24 33 22 19 32 21 20 21 23 19 40 36 24 126 22 23 42 34 50 24 19 764
internal_value=-0.00221628 -0.00104374 -0.0188882 -0.0370055 -0.00479701 -0.00175026 0.00863461 0.00323798 -0.000931792 -0.00658572 0.00136336 -0.0102252 -0.00337289 -0.00390395 -0.00445809 0.014391 -0.00525904 -0.00360546 -0.015185 0.00392482 -0.0356647 -0.00523898
internal_weight=1461 1365 96 42 54 1332 180 160 139 118 95 76 1152 1128 1104 45 1059 924 135 66 69 890
internal_count=1461 1365 96 42 54 1332 180 160 139 118 95 76 1152 1128 1104 45 1059 924 135 66 69 890
cat_boundaries=0 1
cat_threshold=172
is_linear=0
shrinkage=0.129519


Tree=155
num_leaves=24
num_cat=0
split_feature=11 11 12 26 26 12 11 5 25 14 14 10 2 26 9 15 16 16 0 16 16 5 9
split_gain=1.79163 3.50417 2.53344 2.33904 1.44375 1.23021 1.34467 1.69884 1.10519 3.6 1.27935 3.16813 1.15078 3.71816 3.16485 2.34917 1.44368 1.03963 2.81252 1.1936 1.28408 0.4 0.105263
threshold=0.91593490216309192 0.94135275643221283 -0.22072160979833097 -12.499999999999998 21.500000000000004 -0.063390818651690536 0.97364703930971175 46.500000000000007 1.0000000180025095e-35 -0.98131155305593898 -0.9859468191523747 0.45847758937963173 10.500000000000002 8.5000000000000018 0.43733377705052545 0.94496830006774635 0.9974810894942604 0.96575082725138761 3.5000000000000004 0.93469109537144635 0.908039770357156 226.50000000000003 -0.082689790342551792
decision_type=2 2 2 2 2 2 2 2 2 2 2 2 2 2 2 2 2 2 2 2 2 2 2
left_child=4 -2 -3 -4 8 -5 -7 -8 10 -10 11 -1 13 14 -12 -15 17 19 -19 20 -14 -9 -21
right_child=1 2 3 5 -6 6 7 21 9 -11 12 -13 16 15 -16 -17 -18 18 -20 22 -22 -23 -24
leaf_value=0.0012136872687818093 0.00037265161374005096 0.00022081760246685516 0.00033421463251250542 -0.0010625111137226063 0.00051954618436598262 -0.00029129516607223437 0.00061471129271499806 -0.0010346250912362086 0.0032384147925130758 -0.0010535141916929703 5.6145533773805929e-05 -0.00051098648353734954 -5.7701875660458933e-05 -0.0037275424247531822 0.018395809433472368 0.00038724642655145372 -0.00039001455902815265 0.00065094157993738613 -0.0028265014462559596 -0.00012776102084327722 0.0001494997412386035 0.00016985889763647893 -0.0012295733613592917
leaf_weight=26 32 28 30 21 36 22 19 20 20 20 29 30 884 31 25 21 20 36 26 19 27 20 19
leaf_count=26 32 28 30 21 36 22 19 20 20 20 29 30 884 31 25 21 20 36 26 19 27 20 19
internal_value=-0.00221628 0.0094441 0.00161899 -0.00588723 -0.00398049 -0.0152375 -0.00799501 0.00219524 -0.00472698 -0.0259038 -0.00401694 -0.0231284 -0.00307565 0.00977503 0.033579 -0.0149445 -0.00439687 -0.00371519 0.0125341 -0.00477679 -0.00383866 -0.0129519 -0.0272672
internal_weight=1461 192 160 132 1269 102 81 59 1233 40 1193 56 1137 106 54 52 1031 1011 62 949 911 40 38
internal_count=1461 192 160 132 1269 102 81 59 1233 40 1193 56 1137 106 54 52 1031 1011 62 949 911 40 38
is_linear=0
shrinkage=0.129519


Tree=156
num_leaves=31
num_cat=0
split_feature=11 12 16 12 25 0 1 12 0 0 3 5 2 1 0 12 0 11 15 0 11 0 0 1 13 26 14 0 5 12
split_gain=2.49404 1.76503 1.84598 1.62183 1.65462 1.5935 1.77662 2.3694 1.53941 2.54135 1.39784 1.18914 1.39612 1.26867 5.46118 3.54228 1.5291 1.11896 1.08122 1.05 1.0201 2.25877 0.955502 0.815736 1.46058 0.57112 0.565589 0.440957 0.105263 0.105263
threshold=0.91593490216309192 -0.99763124042248752 0.88522326341139235 -0.22072160979833097 1.0000000180025095e-35 1.0000000180025095e-35 6.5000000000000009 0.98993709428380428 1.5000000000000002 4.5000000000000009 3.5000000000000004 20.500000000000004 4.5000000000000009 26.500000000000004 4.5000000000000009 0.51849435583340198 2.5000000000000004 0.99572776335819457 -0.99885295938472651 2.5000000000000004 -0.95244167294248061 4.5000000000000009 1.0000000180025095e-35 8.5000000000000018 -0.11905811071747219 -11.499999999999998 0.19548167345241949 2.5000000000000004 224.50000000000003 0.99865940500831329
decision_type=2 2 2 2 2 2 2 2 2 2 2 2 2 2 2 2 2 2 2 2 2 2 2 2 2 2 2 2 2 2
left_child=1 -1 11 27 8 -4 7 -7 -5 28 -8 19 -13 18 15 16 -15 25 -14 -3 21 -20 -22 -12 -25 -6 -26 -2 -10 -9
right_child=3 2 5 4 17 6 10 29 9 -11 23 12 13 14 -16 -17 -18 -19 20 -21 22 -23 -24 24 26 -27 -28 -29 -30 -31
leaf_value=-0.00033239712135831539 0.00017372391602110384 0.00054867168766423657 -0.00029989877670935302 -0.00050324041540419863 0.00018349557658301274 0.007520728053450442 0.00025312275512319541 0.0013102845023845843 9.0089650590798246e-05 -0.00046558802047420422 -0.00087197100903438525 -0.00019057337943038564 0.00024754610628332157 -0.00029773399717844578 -0.0009427816817607098 0.0024950524700982461 0.00061904995327764962 -5.8200635533872021e-05 0.00039811644097339615 -0.00040433612538264766 -0.00018627505714871915 -0.00078660924325720666 -0.00010190193708188182 0.0011464167141991431 0.00045972126820809978 0.00018156045261180049 -0.0006555581979656649 0.00076821615564892816 0.0031087424975375162 0.0026526486456406755
leaf_weight=32 19 20 28 24 19 21 24 19 19 25 20 34 24 36 31 22 27 22 103 28 95 41 583 19 21 20 22 25 19 19
leaf_count=32 19 20 28 24 19 21 24 19 19 25 20 34 24 36 31 22 27 22 103 28 95 41 583 19 21 20 22 25 19 19
internal_value=-0.000265953 -0.00234747 -0.00157056 0.0134916 0.00700103 0.0100663 0.0149143 0.0329286 -0.00446618 0.00616758 0.00488751 -0.00372181 -0.00468141 -0.00376979 0.00893235 0.0259038 0.0102793 0.0233559 -0.00551145 0.0161899 -0.00630263 0.00359775 -0.00840537 -0.003159 0.00417804 0.036531 -0.00903622 0.0353234 0.0272672 0.0136336
internal_weight=1461 1269 1237 192 148 193 165 59 87 63 106 1044 996 962 116 85 63 61 846 48 822 144 678 82 62 39 43 44 38 38
internal_count=1461 1269 1237 192 148 193 165 59 87 63 106 1044 996 962 116 85 63 61 846 48 822 144 678 82 62 39 43 44 38 38
is_linear=0
shrinkage=0.129519


Tree=157
num_leaves=33
num_cat=0
split_feature=11 12 11 11 12 26 26 2 11 0 12 16 14 11 11 11 11 2 11 14 15 15 1 15 1 1 0 0 2 2 0 10
split_gain=2.51921 1.74149 1.61807 1.5744 1.40558 1.33492 2.1164 1.79912 1.25954 1.13859 2.93645 3.20025 3.06527 1.91371 2.32108 1.88758 1.95502 1.56574 1.42541 1.35452 1.24082 2.49611 2.42799 2.18558 1.57143 1.19451 0.859524 0.688275 1.57685 1.33636 1.15714 0.493873
threshold=0.91593490216309192 0.93771382312378271 0.22700019328474733 0.93544191479114935 -0.99763124042248752 -6.4999999999999991 -17.499999999999996 31.500000000000004 0.97872324816535827 1.0000000180025095e-35 -0.79384213008979243 0.78055612251570128 0.73720146439925716 -0.86976336936302323 -0.59869031648930193 0.77241981449888963 0.83966414931270739 30.500000000000004 0.72692958206603386 0.17011413867499778 0.96522610578843548 0.98153590997917928 23.500000000000004 0.91161058030431374 20.500000000000004 26.500000000000004 2.5000000000000004 3.5000000000000004 26.500000000000004 51.500000000000007 4.5000000000000009 0.41202506375868281
decision_type=2 2 2 2 2 2 2 2 2 2 2 2 2 2 2 2 2 2 2 2 2 2 2 2 2 2 2 2 2 2 2 2
left_child=1 4 27 -2 -1 6 -5 -7 -9 10 11 -6 13 -12 -15 18 19 -18 20 -17 23 -22 -23 25 -25 -11 -10 28 -3 -30 -29 -16
right_child=3 2 -4 5 9 7 -8 8 26 15 12 -13 -14 14 31 16 17 -19 -20 -21 21 22 -24 24 -26 -27 -28 30 29 -31 -32 -33
leaf_value=-0.00028934533006683025 0.00030137803096626974 -0.0014401274144674454 0.00047898727400936235 -0.00016562918641623115 -0.0022591656398366191 -0.0011257421050233827 0.00038587209287437686 0.00015122334277817122 -0.00043806114656778466 -8.8357815776809082e-05 -0.0012862563711164832 -1.8741398824378168e-05 0.0048460962939893097 0.0026007162051333828 -0.00070225312660215607 -0.00013361829400193693 -0.0036778754169203721 0.0043108297538883462 0.0011801687431901419 -0.007853702264698564 -0.0051049399425544279 -0.0005769251020199623 0.00026580969585620267 0.00072183400730534055 -2.0008231247183403e-06 0.00058692242331258413 0.00023582394485387997 0.0017877686840515694 0.0010461414939115983 -0.0010525863202389349 1.7876699091925275e-06 -2.2189876233512283e-05
leaf_weight=32 24 37 28 27 21 24 36 33 20 588 25 19 27 21 22 26 34 28 28 20 21 27 37 28 22 59 28 20 24 20 36 19
leaf_count=32 24 37 28 27 21 24 36 33 20 588 25 19 27 21 22 26 34 28 28 20 21 27 37 28 22 59 28 20 24 20 36 19
internal_value=-0.00168437 -0.00377637 0.00863461 0.0121424 -0.00563127 0.00770947 0.0226145 -0.00123352 0.00799501 -0.0048328 -0.0151386 -0.0453317 -0.00454453 -0.016376 -0.00417804 -0.00310394 -0.019188 -0.00417804 -0.000959401 -0.0394189 -0.00198751 -0.0167613 -0.00404747 -0.000185824 0.0259038 -0.00220203 -0.00539663 0.00283619 -0.00479701 0.0117745 0.0138771 -0.022113
internal_weight=1461 1269 165 192 1104 168 63 105 81 1072 154 40 114 87 62 918 108 62 810 46 782 85 64 697 50 647 48 137 81 44 56 41
internal_count=1461 1269 165 192 1104 168 63 105 81 1072 154 40 114 87 62 918 108 62 810 46 782 85 64 697 50 647 48 137 81 44 56 41
is_linear=0
shrinkage=0.129519


Tree=158
num_leaves=39
num_cat=1
split_feature=11 9 26 26 1 0 0 20 26 14 14 14 5 11 0 14 14 14 14 12 12 1 13 14 13 26 26 12 5 14 5 14 26 0 9 2 0 2
split_gain=2.71124 1.57997 1.17993 1.86644 2.05136 1.25969 1.46514 2.71371 1.19342 1.02205 1.85521 1.27724 2.04848 1.70937 2.6901 2.98674 1.48246 1.26659 1.78082 1.20376 1.8023 1.07625 2.76923 1.46785 1.8648 1.75172 2.89984 1.41674 2.31111 1.35408 1.14688 1.06364 0.974919 1.10171 1.62365 0.904159 0.315152 0.1
threshold=0.92273069556937581 0.99907018497641642 -1.4999999999999998 -8.4999999999999982 15.500000000000002 1.5000000000000002 4.5000000000000009 0 -20.499999999999996 0.27073626511000476 0.17011413867499778 0.06768135347655746 216.50000000000003 0.71503381463111937 3.5000000000000004 -0.21442283416999405 -0.21442283416999405 -0.66847725498735555 -0.73282764931651345 0.77652048701313048 0.60383265664488517 26.500000000000004 -0.15100930614146782 0.88520689104503758 -0.32003757145143863 6.5000000000000009 17.500000000000004 0.29958852271690523 343.50000000000006 0.36847673223780592 262.50000000000006 -0.79902849257019848 16.500000000000004 3.5000000000000004 0.12545942051955486 19.500000000000004 2.5000000000000004 21.500000000000004
decision_type=2 2 2 2 2 2 2 9 2 2 2 2 2 2 2 2 2 2 2 2 2 2 2 2 2 2 2 2 2 2 2 2 2 2 2 2 2 2
left_child=1 9 3 4 -2 -4 7 -7 -6 10 11 13 -13 17 16 -16 -15 18 31 20 -19 23 -23 25 -25 27 -27 29 -29 -11 -31 -1 33 35 -35 -26 -30 -12
right_child=2 -3 5 -5 8 6 -8 -9 -10 21 37 12 -14 14 15 -17 -18 19 -20 -21 -22 22 -24 24 32 26 -28 28 36 30 -32 -33 -34 34 -36 -37 -38 -39
leaf_value=4.7962093098375166e-05 -0.0004211786102003743 -0.00024467363928883053 -0.00038132384096814406 0.00017431274826639934 0.00013266452467945491 -5.3669994719404865e-05 -0.00018923159549568728 0.00082616026549073502 0.0042308877757256209 0.00020755580462155222 -0.0010570492122598735 0.0029053056027881241 -0.00034910664377261715 0.0043111352930906349 -0.0083550350619497841 -2.7605711577167531e-05 -0.00052751829153575868 -0.00022556152727196908 0.0005947938719074702 -0.00074090580889905162 0.00090322874037319424 0.00083892800081713311 -0.00040772406330243533 -0.00063924291656506835 0.0010724747964346679 0.00094164240307656227 -2.9950647004360444e-05 -0.00065412533172992226 0.00052647012680208036 0.00014171645970011167 -0.0010730414939260223 -0.0008093450387172661 -0.00066952434621583704 0.0001714649419228462 -0.00043544250889289893 -0.00074216589587007542 -0.00041903753292189876 -0.00070004869932626648
leaf_weight=220 19 20 28 19 19 21 30 25 23 20 20 24 20 32 24 19 25 192 32 32 40 26 26 24 33 28 25 20 22 144 20 40 23 26 25 25 30 20
leaf_count=220 19 20 28 19 19 21 30 25 23 20 20 24 20 32 24 19 25 192 32 32 40 26 26 24 33 28 25 20 22 144 20 40 23 26 25 25 30 20
internal_value=-0.000620557 -0.00273846 0.0140782 0.0259038 0.0148629 0.00498151 0.0136336 0.0281563 0.0308379 -0.0021638 -0.00525078 -0.00370055 0.0176617 -0.00513338 -0.0207231 -0.0451811 -0.00227227 -0.00232948 0.00354847 -0.00883085 -0.00558272 0.00225469 0.019926 0.000278536 -0.00996301 0.00544903 0.0268813 0.00101187 -0.014391 0.00703908 0.003159 0 -0.00392482 0.00118825 -0.012698 0.0133985 0 -0.0323798
internal_weight=1461 1277 184 80 61 104 76 46 42 1257 740 700 44 656 100 43 57 556 292 264 232 517 52 465 156 309 53 256 72 184 164 260 132 109 51 58 52 40
internal_count=1461 1277 184 80 61 104 76 46 42 1257 740 700 44 656 100 43 57 556 292 264 232 517 52 465 156 309 53 256 72 184 164 260 132 109 51 58 52 40
cat_boundaries=0 1
cat_threshold=4
is_linear=0
shrinkage=0.129519


Tree=159
num_leaves=38
num_cat=1
split_feature=1 26 2 0 10 0 16 13 26 26 16 10 12 0 9 15 15 1 12 13 0 20 16 12 0 0 0 15 1 2 0 10 15 16 5 1 1
split_gain=2.10013 3.45537 3.21335 3.07022 2.65416 3.86286 3.11143 2.64219 2.70794 2.62584 2.42855 3.01161 1.68332 1.36134 1.33559 1.32894 4.35793 2.13307 1.07675 1.07595 1.88492 2.39269 2.3481 2.34174 2.13755 1.21358 0.984689 0.965223 2.04917 1.51486 1.00337 2.90659 2.48575 2.09015 1.56995 0.747579 1.50205
threshold=7.5000000000000009 4.5000000000000009 8.5000000000000018 4.5000000000000009 -0.89404254237865755 3.5000000000000004 -0.21442680003292627 0.94738457656407282 10.500000000000002 17.500000000000004 -0.23537842981696278 -0.45273527932988084 -0.5074255885747686 1.5000000000000002 -0.90893996196865012 0.62585923293574564 0.7172936132855442 8.5000000000000018 0.45847758937963173 -0.75861861348348636 1.0000000180025095e-35 0 0.63587493146015672 -0.19337602734302622 5.5000000000000009 1.0000000180025095e-35 2.5000000000000004 0.98091558679606183 23.500000000000004 29.500000000000004 2.5000000000000004 -0.20180761162458913 0.94601698252975897 0.33830050392772759 287.50000000000006 26.500000000000004 20.500000000000004
decision_type=2 2 2 2 2 2 2 2 2 2 2 2 2 2 2 2 2 2 2 2 2 9 2 2 2 2 2 2 2 2 2 2 2 2 2 2 2
left_child=1 2 -1 4 -4 6 12 8 15 -10 11 -5 -6 -9 -8 17 -17 -2 -15 25 22 -22 23 -21 -23 -19 -14 30 -29 -30 31 33 34 -18 -32 36 -27
right_child=7 -3 3 10 5 -7 14 13 9 -11 -12 -13 26 18 -16 16 27 19 -20 20 21 24 -24 -25 -26 35 -28 28 29 -31 32 -33 -34 -35 -36 -37 -38
leaf_value=0.00097097998643779404 0.0012990008574441131 -0.0029471083825250845 0.0013709604764890746 0.00063518661611154106 0.0044875318337896722 -0.0022499219366077933 -0.00034835869119676627 5.3961196789265216e-05 0.00090562490612409953 0.000109915766575341 -0.0014916563769356941 -0.00044253075389184094 -0.00030917122697821483 -0.00033462770690713401 -0.00077940477721425198 -0.0057648620424044479 -0.00067860211030517888 -0.00029771431226629743 -0.00052355350604927156 0.00017100650906941834 0.00050610252206471343 -0.00012580078080121849 -0.00014932186864644853 0.0037501342035795183 0.00044089612258503856 0.00038721130475441424 0.00049174777113462258 -0.00075292372460535929 -0.00055644871992446832 0.00089067481908978899 -4.4721775694292884e-05 0.0017171093264553635 0.00040152713030072555 0.00063962078984169328 -0.0024915789135978882 0.00051694286675762308 -0.001551517257057787
leaf_weight=30 36 22 26 26 23 35 19 21 21 37 36 21 57 30 21 25 19 24 21 26 24 368 20 31 72 73 20 24 22 31 43 24 24 20 19 30 40
leaf_count=30 36 22 26 26 23 35 19 21 21 37 36 21 57 30 21 25 19 24 21 26 24 368 20 31 72 73 20 24 22 31 43 24 24 20 19 30 40
internal_value=-0.000265953 -0.00925137 -0.00577474 -0.0100332 -0.0186868 -0.0244236 -0.0148022 0.00241769 0.004059 0.0312632 0.0109233 0.030313 -0.00259038 -0.0215865 -0.0453317 0.00247323 -0.00567614 0.00522255 -0.0330147 0.00365873 0.00646399 0.00334963 0.025231 0.0386285 0.00117745 -0.00542895 -0.0117745 0 -0.0117745 0.00244376 0.00608479 0.0185027 -0.00301207 -0.003321 -0.0167121 -0.000905728 -0.00573094
internal_weight=1461 336 314 284 201 175 140 1125 1053 58 83 47 100 72 40 995 251 744 51 708 541 464 77 57 440 167 77 226 77 53 149 63 86 39 62 143 113
internal_count=1461 336 314 284 201 175 140 1125 1053 58 83 47 100 72 40 995 251 744 51 708 541 464 77 57 440 167 77 226 77 53 149 63 86 39 62 143 113
cat_boundaries=0 1
cat_threshold=1
is_linear=0
shrinkage=0.129519


Tree=160
num_leaves=32
num_cat=0
split_feature=1 13 0 13 26 26 9 13 1 1 16 26 25 12 1 0 16 14 11 11 1 14 5 9 12 11 2 1 2 12 5
split_gain=1.59112 1.46316 2.85658 2.28415 2.01993 1.81645 3.89026 1.44005 1.2518 2.75649 2.86957 2.41754 2.02515 1.24903 1.20658 1.20611 2.84395 2.41999 2.15463 2.39337 1.2801 1.23963 1.35146 1.07299 0.897188 0.835405 1.16364 1.07737 2.77974 1.57995 0.512121
threshold=5.5000000000000009 0.95438314380657363 1.5000000000000002 0.97742141165890761 10.500000000000002 17.500000000000004 0.19337368024598431 0.91854222108504036 23.500000000000004 22.500000000000004 0.13824519700499568 -16.499999999999996 1.0000000180025095e-35 -0.95244002147885587 24.500000000000004 4.5000000000000009 -0.32614339955141752 -0.99698452691574591 0.022575206119361854 0.80417553764032002 3.5000000000000004 -0.10623912647794688 275.50000000000006 -0.12546116083924147 -0.43733099657705288 0.73865729060996177 30.500000000000004 26.500000000000004 25.500000000000004 -0.59868927840444253 160.50000000000003
decision_type=2 2 2 2 2 2 2 2 2 2 2 2 2 2 2 2 2 2 2 2 2 2 2 2 2 2 2 2 2 2 2
left_child=15 4 -3 -4 7 -6 -7 8 9 11 -11 -2 13 -13 23 17 -17 -1 21 -20 -21 -19 24 -10 -23 27 -27 28 -16 -29 -9
right_child=1 2 3 -5 5 6 -8 30 14 10 -12 12 -14 -15 25 16 -18 18 19 20 -22 22 -24 -25 -26 26 -28 29 -30 -31 -32
leaf_value=0.0018331236146125927 -0.00047935004330191031 5.8273184833293496e-05 -0.00048364786875032333 -0.00012652392848925477 0.00078832914168567908 0.00060996535553431419 -0.0018257062544699599 6.2905099968156279e-05 0.00082719196660715067 -0.0031548798299830972 0.00046127305182752968 -0.00054176302446915469 0.00017249547700632828 6.1397144544038221e-06 -0.0008222058285579512 0.00029755779090436646 -0.00093100525566636584 -0.00068632069117403871 0.0068583004611196489 -0.0011767312920482136 -0.0011616924357061992 -0.00013609302274174615 4.2015598051539169e-05 0.00028942511695884859 -0.00026912763369184539 0.00061685570221468964 -7.8223152350962957e-06 0.00029374050151915549 0.00064250480937081821 -4.7296815106318693e-05 0.00036326887592901268
leaf_weight=22 33 22 26 32 21 22 21 24 22 24 22 28 32 625 23 36 32 20 21 29 19 22 20 21 19 30 36 38 34 65 20
leaf_count=22 33 22 26 32 21 22 21 24 22 24 22 28 32 625 23 36 32 20 21 29 19 22 20 21 19 30 36 38 34 65 20
internal_value=-0.00115246 0.000742534 -0.0161899 -0.0312632 0.00192973 0.0242848 0.00903622 0.000601296 -0.000376145 -0.0030515 -0.0337876 -0.00108233 0.000567237 -0.000991724 0.00722226 -0.0107933 0.00380939 -0.0165664 -0.02245 -0.00563127 -0.0215865 -0.036777 -0.0276024 0.0271087 -0.041067 0.00343856 0.0156993 -0.00161899 -0.0159059 0.00628734 0.0235489
internal_weight=1461 1221 80 58 1141 64 43 1077 1033 764 46 718 685 653 269 240 68 172 150 69 48 81 61 43 41 226 66 160 57 103 44
internal_count=1461 1221 80 58 1141 64 43 1077 1033 764 46 718 685 653 269 240 68 172 150 69 48 81 61 43 41 226 66 160 57 103 44
is_linear=0
shrinkage=0.129519


Tree=161
num_leaves=36
num_cat=1
split_feature=8 16 15 26 5 10 1 15 12 1 12 0 15 5 1 11 0 0 20 11 26 26 2 5 15 1 25 13 11 0 13 10 1 15 2
split_gain=1.3005 2.22841 1.15719 1.55529 4.73822 1.95256 1.52172 1.45628 1.4344 3.73333 1.60798 2.06186 1.33613 1.29643 1.26316 1.26288 3.80952 1.16671 2.01654 3.41759 0.832767 4.23427 2.5893 1.36759 1.13524 0.694623 0.657035 3.8836 0.753275 0.585565 2.24883 1.23786 0.692308 0.516717 0.4
threshold=1.0000000180025095e-35 -0.40022913375588282 0.3774616112060829 6.5000000000000009 28.500000000000004 0.92843842216862604 23.500000000000004 0.42180388294288101 -0.90892157495189674 3.5000000000000004 -0.75015199441507729 4.5000000000000009 -0.22701068973476937 263.50000000000006 17.500000000000004 0.30983042691905766 3.5000000000000004 1.0000000180025095e-35 0 -0.42180583328916638 -6.4999999999999991 -16.499999999999996 8.5000000000000018 66.500000000000014 0.29343244258940787 15.500000000000002 1.0000000180025095e-35 0.93315108981194161 0.91161058030431374 4.5000000000000009 0.32614245703617079 -0.074115882986646578 26.500000000000004 0.94135275643221283 24.500000000000004
decision_type=2 2 2 2 2 2 2 2 2 2 2 2 2 2 2 2 2 2 9 2 2 2 2 2 2 2 2 2 2 2 2 2 2 2 2
left_child=2 -2 6 4 -4 -5 8 -6 9 -1 11 25 15 -11 -7 29 -17 18 -12 -20 21 22 -19 -22 -25 -10 27 28 33 30 32 -31 -8 -9 -32
right_child=1 -3 3 5 7 14 12 26 10 13 17 -13 -14 -15 -16 16 -18 20 19 -21 23 -23 -24 24 -26 -27 -28 -29 -30 31 34 -33 -34 -35 -36
leaf_value=0.00045753011069472562 6.1567401594756258e-05 -0.00058458430140288884 -0.00094705373872995709 -0.00033567957630328458 0.00017454545814203954 0.00059183192542409577 -0.0010597520342803056 -2.6243057144469473e-06 0.0009104244897014381 -0.0018431024231777859 0.0001609534144181375 -0.0039158421471346631 0.00066040260663181524 -4.2313938569204337e-05 0.00039674405707176862 -5.8705987581271814e-05 0.0036073414438420742 -0.0036708424122539442 0.0001217490874108165 -0.0013374159657503733 -0.0010890818968490765 0.00051010386907267172 0.0060538832356117813 -3.533803418088236e-05 -0.00058223426620957353 0.00017208359111636233 -1.9720528000851429e-05 0.0019096149663152913 -0.00013802393874944241 -0.0056532950394398455 0.00082862784314970378 0.00026361156082858655 -1.3265334922594361e-05 7.1765780875986162e-05 0.00072636200603024242
leaf_weight=24 25 23 19 20 20 38 26 239 22 32 31 21 20 28 19 28 20 19 20 23 34 19 23 336 19 25 19 19 26 20 20 21 26 117 20
leaf_count=24 25 23 19 20 20 38 26 239 22 32 31 21 20 28 19 28 20 19 20 23 34 19 23 336 19 25 19 19 26 20 20 21 26 117 20
internal_value=-0.000620557 -0.0215865 9.16625e-05 0.0048328 0.00197524 0.0218669 -0.002806 0.00470979 -0.00574789 -0.0215865 -0.00350052 0.0152375 0.00708811 -0.0388557 0.034084 0.00357788 0.0215865 -0.00593217 -0.0210031 -0.039157 -0.00345384 0.0106163 -0.0123352 -0.00566022 -0.00328358 0.030313 0.00308379 0.00419888 0.00135622 -0.00292148 0.00281563 -0.015795 -0.0149445 0.00291054 0.0259038
internal_weight=1461 48 1413 536 459 77 877 440 676 84 592 68 201 60 57 181 48 524 74 43 450 61 42 389 355 47 420 401 382 133 92 41 52 356 40
internal_count=1461 48 1413 536 459 77 877 440 676 84 592 68 201 60 57 181 48 524 74 43 450 61 42 389 355 47 420 401 382 133 92 41 52 356 40
cat_boundaries=0 1
cat_threshold=8
is_linear=0
shrinkage=0.129519


Tree=162
num_leaves=45
num_cat=0
split_feature=15 13 13 1 12 15 0 9 1 13 13 15 13 16 15 15 10 1 9 14 1 15 15 0 14 11 0 15 10 11 1 1 13 0 1 15 1 9 0 13 10 0 14 1
split_gain=1.86835 1.65293 2.13333 1.591 1.71196 1.27051 1.24457 1.98405 1.93339 1.89226 6.81615 3.63558 3.36793 1.82107 5.55226 5.1436 3.2399 3.25375 1.57058 1.5217 1.40113 2.14886 1.3496 1.20282 3.03723 2.18585 2.08629 6.31015 2.02318 1.70263 1.65587 1.63333 1.5166 1.19607 1.15967 1.09553 1.65085 1.62338 1.04644 1.00392 0.9 0.843791 0.804762 1.00762
threshold=0.22700964008248717 0.91336570061733802 0.76070426302234284 28.500000000000004 0.39629089145655316 0.17964446838920581 2.5000000000000004 0.98667101781630184 2.5000000000000004 -0.32003757145143863 -0.47370388626641718 -0.23954977472127606 0.22700964008248717 0.17435360825960225 -0.9484047710472957 -0.86330057456837561 0.38043945030393422 6.5000000000000009 0.15951094710994368 0.25829437498066693 19.500000000000004 -0.56192038168531944 -0.90163369914317004 2.5000000000000004 0.96849880583763492 0.58481550752069722 3.5000000000000004 0.76350272041163636 0.6174544326165855 0.51295437088821561 13.500000000000002 7.5000000000000009 -0.93993263901404311 2.5000000000000004 10.500000000000002 0.57075747273004163 15.500000000000002 -0.90163369914317004 5.5000000000000009 -0.92107319833963663 -0.065537083312030939 3.5000000000000004 -0.25829974943412232 6.5000000000000009
decision_type=2 2 2 2 2 2 2 2 2 2 2 2 2 2 2 2 2 2 2 2 2 2 2 2 2 2 2 2 2 2 2 2 2 2 2 2 2 2 2 2 2 2 2 2
left_child=3 2 23 5 -5 6 8 13 -1 10 11 22 -11 16 -15 -16 19 -18 -17 -8 34 -22 -10 29 25 26 27 -25 30 31 -28 40 -31 -4 -14 -33 -37 -38 -19 -27 -2 -21 -3 -44
right_child=1 42 33 4 -6 -7 7 -9 9 12 -12 -13 20 14 15 18 17 38 -20 41 21 -23 -24 24 -26 39 28 -29 -30 32 -32 35 -34 -35 -36 36 37 -39 -40 -41 -42 -43 43 -45
leaf_value=-0.0010258758129755073 -0.0015309065685505771 -0.00021380273227278996 0.00035573731487666268 -0.00042909138922013446 -3.9452857154564341e-05 -0.0011274296898001568 0.0011725893649260426 0.00075158417011074344 0.001534474415045225 0.0040736936730754727 -0.0064208054850270211 -0.00043104288993632968 -0.00067020907040561814 -0.0036583056190573121 0.0010687776357920309 -5.7149107839603402e-05 -0.0066634431142948139 -3.3002302070226986e-05 -0.00093344919553948428 0.0035400393583890988 -0.00099699045056594101 7.5098518318785344e-05 -2.0689988499687952e-05 0.00038451883452986333 0.00031890876900624867 0.00016078291255803757 -0.00074995029630775534 -0.0021707050652446536 0.0011518379026432836 -2.3747684943538554e-05 6.2470738224926477e-05 0.00038017452906083713 -0.0013374094332025935 9.2586744487153049e-05 0.00023443381607130475 -0.00023921587467958208 -0.0018072869093827613 0.0020316937111562348 0.001434628734543198 0.010137273378380598 -0.00013699148726662792 3.3733304977321213e-05 0.0001164507322017638 -0.00023478057641956927
leaf_weight=29 20 24 29 36 37 24 34 23 27 30 19 25 27 22 24 97 28 66 26 22 23 36 47 26 24 34 53 23 26 22 67 34 25 31 47 31 20 35 23 20 20 65 25 35
leaf_count=29 20 24 29 36 37 24 34 23 27 30 19 25 27 22 24 97 28 66 26 22 23 36 47 26 24 34 53 23 26 22 67 34 25 31 47 31 20 35 23 20 20 65 25 35
internal_value=-0.000797859 0.00456638 0.00719551 -0.00479701 -0.0230651 -0.0030515 -0.00210031 0.00240966 -0.00835607 -0.00507014 -0.0175619 -0.00392482 0.00397298 0.000318229 -0.00996301 -0.000881083 0.00761877 -0.00774901 -0.011583 0.0224785 -0.00486914 -0.0197572 0.0105016 0.0043173 0.00996301 0.00572173 -0.000664201 -0.0237892 0.00709694 -0.00312848 0 0.00323798 -0.0248015 0.0302211 0.00700103 0.0107933 0.00301207 0.0164843 0.00436581 0.028782 -0.0194279 0.0133985 -0.0123352 -0.0043173
internal_weight=1461 624 540 837 73 764 740 430 310 281 118 99 163 407 169 147 238 117 123 121 133 59 74 480 273 249 195 49 146 207 120 160 47 60 74 120 86 55 89 54 40 87 84 60
internal_count=1461 624 540 837 73 764 740 430 310 281 118 99 163 407 169 147 238 117 123 121 133 59 74 480 273 249 195 49 146 207 120 160 47 60 74 120 86 55 89 54 40 87 84 60
is_linear=0
shrinkage=0.129519


Tree=163
num_leaves=48
num_cat=1
split_feature=15 14 1 19 1 1 12 0 1 0 13 1 15 11 17 0 11 11 9 13 0 13 15 0 13 26 13 1 5 16 9 13 26 15 26 15 15 0 0 0 15 1 16 9 16 13 0
split_gain=2.35262 2.65974 1.16667 1.0735 1.9729 1.31887 1.45564 1.39642 2.78285 2.76656 1.50975 1.4867 1.2575 2.09255 1.23071 1.13031 1.23592 1.07299 0.985593 1.09644 0.92985 0.883458 1.56686 1.2801 0.852101 1.92063 1.84586 1.66355 1.60303 1.46123 1.09394 0.833688 1.1644 1.09826 1.33146 0.9 0.628473 1.81702 2.02346 1.39213 1.59072 1.07742 2.20408 1.05329 0.953567 0.751304 0.596221
threshold=0.24685605472551267 0.95436825032516992 6.5000000000000009 0 28.500000000000004 2.5000000000000004 -0.97876680704815899 5.5000000000000009 14.500000000000002 4.5000000000000009 -0.70596181949113168 17.500000000000004 0.056949529780582459 0.86972315351350449 1.0000000180025095e-35 1.5000000000000002 -0.11798870221290068 0.39034993933883777 -0.97876850416056749 0.42180388294288101 1.0000000180025095e-35 -0.016126489383873798 -0.41887844496219279 3.5000000000000004 0.91336570061733802 -1.4999999999999998 1.0000000180025095e-35 6.5000000000000009 30.500000000000004 -0.42179730054635628 0.76140650896573492 0.76070426302234284 6.5000000000000009 0.94601698252975897 15.500000000000002 0.98699576267654165 0.83964085476224259 2.5000000000000004 3.5000000000000004 4.5000000000000009 0.61492551969769504 21.500000000000004 0.33830050392772759 -0.58482361983252518 0.069825392779418613 -0.80673169413132828 3.5000000000000004
decision_type=2 2 2 9 2 2 2 2 2 2 2 2 2 2 2 2 2 2 2 2 2 2 2 2 2 2 2 2 2 2 2 2 2 2 2 2 2 2 2 2 2 2 2 2 2 2 2
left_child=3 24 -3 12 5 -5 -7 9 -9 10 -8 -11 13 15 -12 16 20 -18 -17 21 -1 22 -20 -23 26 -26 36 -27 -29 30 -28 33 -33 34 46 -35 37 43 -39 -40 -41 42 -38 -2 -43 -45 -31
right_child=1 2 -4 4 -6 6 7 8 -10 11 14 -13 -14 -15 -16 18 17 -19 19 -21 -22 23 -24 -25 25 27 29 28 -30 31 -32 32 -34 35 -36 -37 41 38 39 40 -42 44 -44 45 -46 -47 -48
leaf_value=-0.00032204523893161795 -0.00034220451338840262 0.00012360252036813695 0.00023609341660259779 -0.00037643883464264839 -0.00046842248782927147 0.00013212427673349632 -0.00072069272039773657 -0.00034581001461350057 0.00067104323959071811 -0.004341397322891038 -4.8948344442857936e-05 -0.00018100003368379377 -0.0013345561622183921 0.00090289287138365227 0.00038955111228225362 -0.00033746992449366811 0.00094468789323958965 0.00013439978024023876 -0.00046741169220530044 0.00039616052297006716 0.0013357305992482769 -0.0071602946896519373 0.001023284924622579 -0.00030919348141089366 -0.00014051912477593224 0.0032622772982241481 0.00038380823294461203 4.8861317627611128e-05 -0.00037293480459671104 -0.0043317763301982184 0.00010546755725185516 8.0594988410280158e-05 0.00033336634954195699 0.00038287772867246183 0.00061228371298001957 -0.0016711554248779535 -0.0012875843103859262 0.0022945327750203129 -0.0012133236505190853 -0.0002098142710330144 0.0049248392576081547 -6.1409570408319774e-05 7.8766923330374531e-05 0.0041097778683449491 0.0067188948452798509 -0.00020823283888110543 -0.0013910468215068499
leaf_weight=26 29 32 24 32 32 27 34 20 33 26 197 25 21 30 25 35 22 21 95 35 27 19 34 29 21 19 24 24 20 20 20 25 19 20 29 20 21 25 24 25 21 37 28 25 22 23 19
leaf_count=26 29 32 24 32 32 27 34 20 33 26 197 25 21 30 25 35 22 21 95 35 27 19 34 29 21 19 24 24 20 20 20 25 19 20 29 20 21 25 24 25 21 37 28 25 22 23 19
internal_value=-0.000620557 0.00546672 0.0323798 -0.00505814 -0.00927144 -0.00710964 -0.00502012 -0.00719551 0.0122188 -0.0105472 -0.00505934 -0.0380939 0 0.00173618 -0.00116684 -0.00113282 0.0107933 0.0271087 -0.00576806 -0.00244376 -0.00244376 -0.00658572 -0.00100402 -0.0215865 0.00277541 -0.00925137 0.00489778 0.00205586 -0.0117745 0.0145379 0.0353234 0.008521 0.0235489 0.0023985 -0.00761877 0.0194279 -0.00185027 0.00301207 0.014997 0.00370055 0.0168938 -0.00959401 -0.0237892 -0.0117745 0.00219524 0 -0.023247
internal_weight=1461 616 56 845 451 419 387 360 53 307 256 51 394 373 222 343 96 43 247 212 53 177 129 48 560 84 476 63 44 196 44 152 44 108 68 40 280 172 95 70 46 108 49 77 59 48 39
internal_count=1461 616 56 845 451 419 387 360 53 307 256 51 394 373 222 343 96 43 247 212 53 177 129 48 560 84 476 63 44 196 44 152 44 108 68 40 280 172 95 70 46 108 49 77 59 48 39
cat_boundaries=0 1
cat_threshold=197
is_linear=0
shrinkage=0.129519


Tree=164
num_leaves=43
num_cat=0
split_feature=15 14 13 13 0 14 13 1 15 14 0 0 0 0 9 0 0 15 13 14 15 0 0 9 1 1 1 12 1 10 1 5 12 26 0 10 26 0 14 2 16 1
split_gain=1.5517 2.11558 1.59376 2.2102 1.2798 2.38048 2.15101 1.93007 1.61966 2.57255 2.1979 1.31688 1.15594 2.05648 2.35386 1.9961 1.79836 1.77778 1.14292 1.14286 1.12873 4.97818 1.47917 0.925518 1.08077 2.44286 1.99385 1.05603 1.57693 4.08333 1.09751 1.29058 1.01932 1.23401 0.934148 0.902256 0.777778 1.9315 3.78947 0.63122 0.343572 0.105263
threshold=0.22700964008248717 0.95436825032516992 1.0000000180025095e-35 0.91336570061733802 5.5000000000000009 0.59349884098449612 -0.70596181949113168 5.5000000000000009 0.54219933886002003 -0.054805253183622789 3.5000000000000004 2.5000000000000004 2.5000000000000004 3.5000000000000004 0.15951094710994368 1.5000000000000002 1.0000000180025095e-35 0.92149396721964838 -0.38640321612842066 0.98484943023723592 0.056949529780582459 4.5000000000000009 2.5000000000000004 -0.97876850416056749 28.500000000000004 27.500000000000004 29.500000000000004 -0.73865259438682551 25.500000000000004 0.5475998096715059 15.500000000000002 82.500000000000014 0.95436825032516992 -12.499999999999998 2.5000000000000004 0.029024409397335454 6.5000000000000009 2.5000000000000004 -0.20812201737948546 13.500000000000002 -0.90161545992537206 13.500000000000002
decision_type=2 2 2 2 2 2 2 2 2 2 2 2 2 2 2 2 2 2 2 2 2 2 2 2 2 2 2 2 2 2 2 2 2 2 2 2 2 2 2 2 2 2
left_child=20 2 4 12 5 7 -6 -2 18 10 -10 -7 15 -14 17 16 -4 -15 40 -3 23 22 -22 34 25 27 -26 30 32 -30 39 -32 33 -29 -1 -28 37 -5 -39 -25 -9 -16
right_child=1 19 3 36 6 11 -8 8 9 -11 -12 -13 13 14 41 -17 -18 -19 -20 -21 21 -23 -24 24 26 -27 35 28 29 -31 31 -33 -34 -35 -36 -37 -38 38 -40 -41 -42 -43
leaf_value=-0.00044494271789931371 -0.00058796114224579806 0.00020811151363425774 0.0014767889078325395 8.1033886667979756e-05 -9.1662048280889043e-05 -0.00034387956504019042 0.0033430513943131634 -0.00081293327590315498 0.00014973877696617554 0.0050934968916319439 -0.0017899136528706343 -0.0074923756315958476 -0.0037776882022142722 -0.00018012220261016655 0.0006405539938167138 0.00069513160457815792 -7.6898769043024244e-05 0.00027008683282963387 0.00017938274036060703 0.00010759362748649382 -0.00048292729832336728 -0.005314547710779138 0.0025413331776848926 0.00099185906422520446 -0.00034866773406974486 0.0010153868871491797 -0.00027702458261166227 0.00017295643085886049 -0.0013704847337124443 0.00026032492981317278 -0.0001575570638948261 0.0016443749887954816 0.00063880663178089627 -0.00018048545254463548 -6.0383877761277946e-06 0.00079745200853960656 -0.0003255446084578396 -0.00032119079307688401 7.2148423752787608e-05 6.2259552848050151e-05 -0.00078272206776700936 0.00033951626228230432
leaf_weight=23 32 28 28 25 22 20 19 22 53 23 28 22 27 25 19 28 30 20 20 28 28 25 27 23 25 28 21 56 24 24 31 32 33 363 29 19 21 19 19 26 27 19
leaf_count=23 32 28 28 25 22 20 19 22 53 23 28 22 27 25 19 28 30 20 20 28 28 25 27 23 25 28 21 56 24 24 31 32 33 363 29 19 21 19 19 26 27 19
internal_value=-0.00115246 0.00373613 0.00136816 0.00832623 -0.00539663 -0.00891427 0.015795 -0.003159 0.002246 0.0124538 0.001599 -0.0370055 0.0158595 0.00706468 0.0171652 0.0271087 0.0133985 -0.0028782 -0.0131396 0.0277541 -0.00479701 -0.0194279 0.00235489 -0.00325081 -0.00202087 -0.000404747 -0.0179334 -0.00211633 -0.00466269 -0.0269832 0.00925137 -0.00205586 -0.00229237 -0.00401849 -0.019926 0 -0.00925137 -0.00205586 -0.0204504 0.0237892 -0.0237892 0.0409008
internal_weight=1461 624 568 280 288 247 41 205 173 104 81 42 196 110 83 86 58 45 69 56 837 80 55 757 705 640 65 612 500 48 112 63 452 419 52 40 84 63 38 49 49 38
internal_count=1461 624 568 280 288 247 41 205 173 104 81 42 196 110 83 86 58 45 69 56 837 80 55 757 705 640 65 612 500 48 112 63 452 419 52 40 84 63 38 49 49 38
is_linear=0
shrinkage=0.129519


Tree=165
num_leaves=40
num_cat=0
split_feature=15 13 15 13 15 15 0 15 15 0 0 1 15 0 13 10 1 26 15 0 25 14 0 9 0 10 15 0 1 13 1 15 15 13 0 2 10 13 13
split_gain=2.03561 1.62188 1.51071 1.26265 1.46965 2.39505 2.05334 1.13857 1.56089 2.93969 2.89715 1.0268 1.13636 1.35645 1.36943 1.28294 0.911851 1.71007 1.86091 2.84923 2.23533 2.23509 1.84851 1.70467 1.33628 2.4 2.18182 1.28054 2.83333 1.7562 1.7284 1.51601 2.95704 1.37145 1.25496 0.98769 0.593939 0.533333 0.902256
threshold=0.78125476209224975 -0.85001289022095461 0.82048548965790546 0.98372640911059162 0.84660111278280559 0.88119114410046628 1.0000000180025095e-35 0.99348475779378076 0.94908416543986196 2.5000000000000004 3.5000000000000004 27.500000000000004 0.52492452807984302 5.5000000000000009 -0.91072037282037865 0.011826144619637501 5.5000000000000009 -15.499999999999998 1.0000000180025095e-35 1.0000000180025095e-35 1.0000000180025095e-35 -0.33830597889949443 3.5000000000000004 0.79383249484937135 2.5000000000000004 -0.45273527932988084 0.12545535980491204 4.5000000000000009 25.500000000000004 0.83435276274965309 20.500000000000004 -0.99760529321244107 -0.98292201184843975 -0.75014982656592333 5.5000000000000009 18.500000000000004 -0.36648370705903521 -0.97876397852965813 -0.93993263901404311
decision_type=2 2 2 2 2 2 2 2 2 2 2 2 2 2 2 2 2 2 2 2 2 2 2 2 2 2 2 2 2 2 2 2 2 2 2 2 2 2 2
left_child=1 11 -2 4 -4 -6 -7 8 10 -10 -8 12 13 14 15 -1 24 22 27 21 23 -20 -18 34 35 -26 -27 31 29 30 -29 -19 -33 -34 -21 -3 -9 -17 -39
right_child=2 16 3 -5 5 6 7 36 9 -11 -12 -13 -14 -15 -16 37 17 18 19 20 -22 -23 -24 -25 25 26 -28 28 -30 -31 -32 32 33 -35 -36 -37 -38 38 -40
leaf_value=-0.00013537729367023605 0.00060289379847235992 -0.00065760634809564923 -0.00072235342070047339 -0.00064482119892553258 0.00039138836417906749 -0.00076560336911922651 0.0024420414232338705 0.0006126094289591853 -0.0013071078004832145 0.00022115002958115015 -0.0012458610410721691 -0.00019782948786077148 -0.00099655827204634621 0.0020318268569411392 -0.0028206585487326593 0.0016154020404017624 -0.00026087652783389215 -0.0047774591144226445 2.518495153528514e-05 -0.00010562257833123986 0.0002993693746960825 0.0043311972804280768 9.6867988467949629e-05 0.00029847486138021522 0.00047775036794113593 -0.0036308327247066177 0.00299983787920415 -8.3903161155946836e-05 -0.0022977369673828274 0.0054289545020204718 -0.0003933932966577728 0.0041769216624111382 0.0032308903769214773 -2.2201940310376939e-05 0.00062448795587156665 -0.0012340022514186579 0.0011608365773557356 -0.0014873531993328528 0.00043065682437195933
leaf_weight=34 28 25 20 20 28 32 27 20 31 47 35 28 32 20 30 20 30 19 20 151 19 19 23 22 35 27 22 60 34 21 21 20 28 281 31 37 24 21 19
leaf_count=34 28 25 20 20 28 32 27 20 31 47 35 28 32 20 30 20 30 19 20 151 19 19 23 22 35 27 22 60 34 21 21 20 28 281 31 37 24 21 19
internal_value=-0.000975161 -0.00349442 0.00830251 0.00547264 0.00784965 0.0106163 0.00599626 0.0112625 0.00555082 -0.00664201 0.0208902 -0.0139678 -0.0103027 -0.00539663 -0.0104451 -0.00275573 -0.00123352 0.000486305 0.00208342 0.0108757 0.00522723 0.043173 -0.0219938 0.0012698 -0.0106454 0 -0.0185027 -0.00267602 -0.0133329 -0.00253959 -0.011193 0.00148873 0.00354308 0.000419156 -0.00284657 -0.0250682 0.0294362 0.00863461 0
internal_weight=1461 1149 312 284 264 244 216 184 140 78 62 204 176 144 124 94 945 799 746 262 223 39 53 204 146 84 49 484 136 102 81 348 329 309 182 62 44 60 40
internal_count=1461 1149 312 284 264 244 216 184 140 78 62 204 176 144 124 94 945 799 746 262 223 39 53 204 146 84 49 484 136 102 81 348 329 309 182 62 44 60 40
is_linear=0
shrinkage=0.129519


Tree=166
num_leaves=26
num_cat=0
split_feature=15 1 12 13 16 0 11 12 0 11 1 26 5 26 11 14 2 16 5 15 16 16 14 10 15
split_gain=2.32728 1.78858 2.96431 1.59408 1.78167 2.79591 1.63717 3.35099 1.57597 4.60774 1.96262 1.8735 2.56046 1.85542 1.80799 1.69472 1.62604 1.52071 1.46606 1.38217 2.09206 4.45187 1.32079 0.648448 1.10769
threshold=0.97362002771214617 1.5000000000000002 -0.48314634702607495 0.94101405461977705 -0.67802903493420741 2.5000000000000004 -0.75015329512557205 -0.98523800472371936 5.5000000000000009 0.75011860976965206 2.5000000000000004 -15.499999999999998 58.500000000000007 -7.4999999999999991 0.81425425632861714 0.71050481915882269 31.500000000000004 -0.091258822863741984 270.50000000000006 -0.78590998259564904 0.77108682076304746 0.32410992729244054 0.97459910280005768 -0.36648370705903521 0.99683609994235911
decision_type=2 2 2 2 2 2 2 2 2 2 2 2 2 2 2 2 2 2 2 2 2 2 2 2 2
left_child=1 2 -1 8 -5 18 -7 -8 10 15 -3 12 -12 -13 22 19 -16 -2 -6 -10 21 -21 -15 -19 -25
right_child=17 3 -4 4 5 6 7 -9 9 -11 11 13 -14 14 16 -17 -18 23 -20 20 -22 -23 -24 24 -26
leaf_value=0.0011654234369387882 0.00020061305612848319 -0.0011621432171197914 -0.00035618139581138081 -0.00038500684147912419 -0.0003964690609645118 0.0010783107100744067 0.0023925788563220226 -0.00072613995487039195 0.0006154040144111968 0.00098571957211478038 -0.00037024076345502628 0.00090769932376541832 8.4321729326764503e-05 -1.4015586452663545e-05 -0.0011086246251161237 0.00061019604893392237 -0.0001361070367292276 -0.00066644307457544322 -0.00049043452605278433 -8.3973029865517629e-05 0.00013882045742971371 -0.0020653930995836499 0.00054444917513229334 3.977005898863698e-05 0.0010895432615871277
leaf_weight=19 32 33 29 28 27 20 19 23 23 36 30 22 23 710 35 34 96 24 19 26 26 21 54 32 20
leaf_count=19 32 33 29 28 27 20 19 23 23 36 30 22 23 710 35 34 96 24 19 26 26 21 54 32 20
internal_value=-0.00150707 -0.00296755 0.0215865 -0.00387069 -0.0171422 -0.00959401 0.00835607 -0.00616758 -0.00232669 0.00936283 -0.00426135 -0.0032046 -0.0268813 -0.00183615 -0.00274957 -0.0019926 -0.0168078 0.0167895 -0.0337876 -0.0107933 -0.0195166 -0.0358244 -0.000339055 0.0068168 0.0149445
internal_weight=1461 1353 48 1305 136 108 62 42 1169 166 1003 970 53 917 895 130 131 108 46 96 73 47 764 76 52
internal_count=1461 1353 48 1305 136 108 62 42 1169 166 1003 970 53 917 895 130 131 108 46 96 73 47 764 76 52
is_linear=0
shrinkage=0.129519


Tree=167
num_leaves=26
num_cat=0
split_feature=8 13 14 13 16 14 5 9 14 16 16 15 15 9 12 1 1 5 9 12 1 1 13 1 5
split_gain=1.19285 2.06289 1.95014 1.39279 2.07879 1.54277 1.2511 1.34472 1.3468 1.32117 1.81275 1.03134 1.87493 0.949097 1.51743 0.861893 0.83352 1.40482 0.750958 0.952381 0.762085 1.15987 0.670654 0.347971 0.148485
threshold=1.0000000180025095e-35 0.99398759792145908 -0.048361937605030693 0.94101405461977705 -0.67802903493420741 0.22071905835446473 359.50000000000006 0.37446826358596375 0.96849880583763492 -0.95629206636249531 -0.97876680704815899 -0.95244167294248061 -0.71201091358925084 -0.9354548908432756 -0.84313311835787952 2.5000000000000004 20.500000000000004 283.50000000000006 0.27694220057652758 0.77652048701313048 28.500000000000004 23.500000000000004 0.9800658150361089 16.500000000000004 70.500000000000014
decision_type=2 2 2 2 2 2 2 2 2 2 2 2 2 2 2 2 2 2 2 2 2 2 2 2 2
left_child=1 3 -2 6 -5 22 7 13 9 10 23 24 -13 14 16 -3 17 -1 20 -20 21 -15 -6 -9 -11
right_child=2 15 -4 4 5 -7 -8 8 -10 11 -12 12 -14 18 -16 -17 -18 -19 19 -21 -22 -23 -24 -25 -26
leaf_value=-0.00044090190131361066 4.4880500381153671e-05 9.3630769624311109e-05 -0.0012129683105690304 -0.00033514108416613327 -0.00030282937808802081 9.331465755123996e-05 0.00062652568956147276 -0.00060817569473208531 0.00012653069343954181 0.000189816194936224 0.0013229048517289434 -0.00032619498719017821 8.3025634700125697e-06 -0.00018068934487046624 0.00044876912487718803 0.0010985564747747656 0.00077531626305055829 0.00024998049840050621 4.1675167560418777e-05 -0.00024740472565018681 -0.00023327172625056626 0.00018121839441505007 -0.00013371960484077588 0.00011189275878733049 0.00073941997277848965
leaf_weight=29 23 24 25 28 24 20 21 25 36 24 20 48 236 509 36 19 19 32 20 28 32 107 33 23 20
leaf_count=29 23 24 25 28 24 20 21 25 36 24 20 48 236 509 36 19 19 32 20 28 32 107 33 23 20
internal_value=-0.00150707 -0.000824963 -0.0215865 -0.00170171 -0.0160357 -0.0050462 -0.000511933 -0.00104115 0.00479701 0.00261655 0.0190469 -0.000789751 -0.00364843 -0.00414716 0.00669927 0.0271087 -0.00323798 -0.0106163 -0.0059549 -0.0215865 -0.00479701 -0.00378465 -0.0159059 0.00539663 0.0176617
internal_weight=1461 1413 48 1370 105 77 1265 1244 432 396 68 328 284 812 116 43 80 61 696 48 648 616 57 48 44
internal_count=1461 1413 48 1370 105 77 1265 1244 432 396 68 328 284 812 116 43 80 61 696 48 648 616 57 48 44
is_linear=0
shrinkage=0.129519


Tree=168
num_leaves=30
num_cat=1
split_feature=8 14 13 13 0 13 0 13 11 9 5 9 14 1 0 1 26 26 0 13 14 20 9 9 1 1 14 14 13
split_gain=1.17188 1.95014 1.32333 1.27988 1.10204 2.40275 0.924873 2.78884 2.24566 2.07391 1.87016 1.61649 1.75743 2.04202 2.88235 2.30501 1.60129 1.90292 2.02888 1.11516 1.11782 1.32711 0.989724 0.859147 0.785965 0.74015 2.73311 1.54635 0.551566
threshold=1.0000000180025095e-35 -0.048361937605030693 0.99700008544936913 0.95438314380657363 3.5000000000000004 0.97876397852965835 1.5000000000000002 0.91854222108504036 0.32612888491727238 0.14250626876356548 44.500000000000007 -0.78326540922535159 0.71050481915882269 13.500000000000002 1.0000000180025095e-35 7.5000000000000009 -20.499999999999996 -11.499999999999998 2.5000000000000004 -0.7912172255939699 -0.77516387511460583 0 -0.98214942551678475 0.76140650896573492 17.500000000000004 5.5000000000000009 0.14463334349030674 0.95998715143177804 0.97742141165890761
decision_type=2 2 2 2 2 2 2 2 2 2 2 2 2 2 2 2 2 2 2 2 2 9 2 2 2 2 2 2 2
left_child=2 -2 3 6 28 -6 8 9 11 22 -10 24 13 15 -15 -13 -11 -18 -19 -12 -21 -22 -8 -14 -1 26 -24 -27 -5
right_child=1 -3 -4 4 5 -7 7 -9 10 16 19 12 23 14 -16 -17 17 18 -20 20 21 -23 25 -25 -26 27 -28 -29 -30
leaf_value=0.0010378815182961584 3.9067616299714472e-05 -0.0010558656908580286 0.00029952419270210646 -8.8416341104074879e-05 -0.00026055565472910908 0.00061487301189649577 -0.00077715299604743185 0.00027132438293534688 -0.00016624580619502874 -0.0014144474949427488 -0.0024595915948212831 -0.00072147257594878749 0.0023060939523407197 -0.000550548950684284 -1.3810096673974258e-05 0.0017302716018925749 0.0015907910648851082 0.0008570305995102991 9.8622629403530537e-06 -0.00019048361429292065 0.0013436528173759307 -0.00044549930901719646 6.7959304402577815e-05 -5.7635835117163878e-05 0.00016218517051721758 -7.1435142064863572e-05 -0.00084604754592187644 0.00075314882980046687 -0.00053358278352624118
leaf_weight=21 23 25 30 22 19 23 19 34 26 33 32 24 29 34 34 27 22 64 255 34 32 25 50 30 19 375 38 28 34
leaf_count=21 23 25 30 22 19 23 19 34 26 33 32 24 29 34 34 27 22 64 255 34 32 25 50 30 19 375 38 28 34
internal_value=-0.00168437 -0.0215865 -0.00100829 -0.00159206 -0.0158595 0 -0.000503966 0.00169306 -0.00599952 0.00029303 -0.0182544 0.0023765 -0.00291054 -0.0119724 -0.0266657 0.00761877 0.00761877 0.0102552 0.00771431 -0.011583 -0.00426986 0.0068168 -0.00507918 0.0153667 0.0259038 -0.0039568 -0.0147181 -0.00160694 -0.0277541
internal_weight=1461 48 1413 1383 98 42 1285 918 367 884 149 218 178 119 68 51 374 341 319 123 91 57 510 59 40 491 88 403 56
internal_count=1461 48 1413 1383 98 42 1285 918 367 884 149 218 178 119 68 51 374 341 319 123 91 57 510 59 40 491 88 403 56
cat_boundaries=0 1
cat_threshold=8
is_linear=0
shrinkage=0.129519


Tree=169
num_leaves=50
num_cat=0
split_feature=10 0 13 13 14 5 1 13 15 15 15 15 15 1 0 1 26 15 15 2 13 1 15 11 15 13 0 0 0 0 1 1 1 1 1 11 15 11 14 14 11 10 9 0 0 13 0 14 5
split_gain=1.48592 1.52521 2.52767 5.06013 3.33652 2.28149 1.95007 1.94077 1.50811 3.48808 2.44734 1.99451 1.89457 1.37423 1.92568 1.67058 2.53285 1.95576 1.587 1.72706 1.3003 1.96085 3.03343 2.22817 2.14988 1.26673 1.52672 1.18519 1.14683 3.36111 2.5331 2.65329 3.91143 2.54415 1.79688 1.12932 1.44449 2.04789 1.11244 1.07765 1.06254 0.956802 0.911358 2.11702 4.89925 1.14286 0.621862 0.572463 0.223229
threshold=0.45847758937963173 2.5000000000000004 0.97742141165890761 0.73937687903084115 -0.39234700605541861 282.50000000000006 4.5000000000000009 0.93545056548590033 -0.79384350655589164 -0.92436682192247444 -0.59869031648930193 -0.98292201184843975 -0.42180583328916638 28.500000000000004 3.5000000000000004 7.5000000000000009 4.5000000000000009 0.76350272041163636 0.39034993933883777 48.500000000000007 0.97531609421264875 23.500000000000004 -0.53130155919828825 -0.064463015794845882 -0.38044538728672533 -0.9932608998627811 4.5000000000000009 1.5000000000000002 3.5000000000000004 2.5000000000000004 12.500000000000002 24.500000000000004 20.500000000000004 16.500000000000004 20.500000000000004 0.70288017738294994 -0.83377653105606597 0.40614137006726808 -0.29548893422398248 -0.16375389655355058 -0.97876850416056749 -0.7614016681079937 0.15951094710994368 1.0000000180025095e-35 1.5000000000000002 -0.63920832810365547 4.5000000000000009 0.59349884098449612 231.50000000000003
decision_type=2 2 2 2 2 2 2 2 2 2 2 2 2 2 2 2 2 2 2 2 2 2 2 2 2 2 2 2 2 2 2 2 2 2 2 2 2 2 2 2 2 2 2 2 2 2 2 2 2
left_child=1 5 3 8 -5 20 -4 46 9 11 -10 -3 -12 15 -15 16 17 18 19 -2 21 23 -23 27 -24 -14 -27 38 29 40 -30 32 33 -32 -31 36 -25 -38 -1 -26 -17 -37 45 -44 -45 -42 -6 -40 -43
right_child=13 2 6 4 7 -7 -8 -9 10 -11 12 -13 25 14 -16 28 -18 -19 -20 -21 -22 22 24 35 39 26 -28 -29 30 34 31 -33 -34 -35 -36 41 37 -39 47 -41 42 48 43 44 -46 -47 -48 -49 -50
leaf_value=-0.00038364179411069652 0.0034395952700817297 0.002686497092295786 1.151308077762908e-05 -0.00072173711951280316 0.0023428247617188701 0.00042246767880883048 0.0039700938735992104 -0.006367731656209864 -0.000507049428673585 0.0010618609753573001 0.0012620210720425515 -0.0017592184109454327 0.0012058262504772339 -3.6012430671626616e-05 -0.0021214121224352885 -0.00025869767667608513 -0.0018448408683391666 0.00062304558313160932 -0.0003258270063588569 -0.0038032619660715136 -0.00031934277037758092 -0.0015344889534429915 0.0025841251469879535 -0.00038028489210799999 0.00025898307846351754 0.00024700354188350642 -0.00019692851111933227 0.0011702225435332747 0.00080886529783899162 -0.0031003114427986954 -0.00031692186299365208 0.0005946171598971478 -0.00078613034074254877 0.00055775453162294005 -0.00046508890332532053 -0.0023870684731388033 -0.00049391644347370205 0.00059474431794114999 0.00088513785437771325 -0.00030969787222621785 -1.8802244943972393e-05 0.00090091728893148854 0.0065327717463568207 -0.00019542212197363191 0.00041417848859426034 0.00071252321866701598 -0.00010434172225515904 -0.000576072330230756 -0.00061989641035801188
leaf_weight=19 37 24 19 30 20 35 20 25 29 27 19 28 22 23 19 20 22 20 30 22 30 19 19 28 23 131 131 36 34 29 27 29 25 29 19 21 42 22 19 20 28 20 23 23 22 28 19 34 21
leaf_count=19 37 24 19 30 20 35 20 25 29 27 19 28 22 23 19 20 22 20 30 22 30 19 19 28 23 131 131 36 34 29 27 29 25 29 19 21 42 22 19 20 28 20 23 23 22 28 19 34 21
internal_value=-0.00274818 0.000272099 0.00476173 0.00230826 -0.0248015 -0.00571408 0.036531 -0.00809495 0.00850856 0.0245922 0.00468141 0.00498151 0.00812166 -0.00839712 -0.0308379 -0.00637889 -0.0187852 -0.0106942 -0.0189185 -0.00658572 -0.00868091 -0.00641932 0.011193 -0.0118643 0.0250682 0.00547264 0.00296609 0.0023985 -0.00154189 -0.00809495 0.00719551 -0.00235489 -0.014391 0.00462568 -0.0377764 -0.0218669 -0.030972 -0.0202374 -0.00719551 0.00903622 0.00179888 -0.00835607 0.00626706 -0.00380939 -0.0201474 0.0185027 0.00996301 0.00244376 0.003159
internal_weight=1461 952 544 505 94 408 39 64 411 79 332 52 303 509 42 467 131 109 89 59 373 343 81 262 62 284 262 108 336 192 144 110 81 56 48 154 92 64 72 43 144 62 124 68 45 56 39 53 41
internal_count=1461 952 544 505 94 408 39 64 411 79 332 52 303 509 42 467 131 109 89 59 373 343 81 262 62 284 262 108 336 192 144 110 81 56 48 154 92 64 72 43 144 62 124 68 45 56 39 53 41
is_linear=0
shrinkage=0.129519


Tree=170
num_leaves=33
num_cat=0
split_feature=25 26 26 5 8 16 5 15 0 13 0 0 16 13 1 5 21 13 1 15 15 13 26 13 16 16 10 15 26 9 15 10
split_gain=1.36803 1.92667 1.64694 2.3179 1.41878 2.11481 1.35212 1.19973 1.87478 2.56661 5.12 2.38054 2.93867 2.76502 2.49639 3.90238 2.09421 2.05159 1.67699 2.91475 2.78283 2.03475 1.66788 2.48001 1.65827 1.82743 1.63625 1.18255 1.13259 0.986566 0.609908 0.196761
threshold=1.0000000180025095e-35 -7.4999999999999991 -16.499999999999996 54.500000000000007 1.0000000180025095e-35 -0.40022913375588282 355.50000000000006 0.78125476209224975 2.5000000000000004 -0.96688789938088693 4.5000000000000009 4.5000000000000009 0.94211777295804799 -0.38044538728672533 11.500000000000002 86.500000000000014 1.0000000180025095e-35 -0.98132686700352856 7.5000000000000009 -0.9484047710472957 -0.99323793665845683 0.92230992668936429 13.500000000000002 0.9053161325100999 0.45082531555062666 1.0000000180025095e-35 0.45847758937963173 0.94135275643221283 -26.499999999999996 -0.9354548908432756 -0.067682409684136677 -0.23537842981696172
decision_type=2 2 2 2 2 2 2 2 2 2 2 2 2 2 2 2 2 2 2 2 2 2 2 2 2 2 2 2 2 2 2 2
left_child=4 2 3 -2 6 -6 7 8 17 10 -10 12 13 -11 16 -16 -13 -1 26 20 -20 -21 23 24 25 27 30 -9 -5 -27 -19 -26
right_child=1 -3 -4 28 5 -7 -8 22 9 11 -12 14 -14 -15 15 -17 -18 18 19 21 -22 -23 -24 -25 31 29 -28 -29 -30 -31 -32 -33
leaf_value=0.00088880155852906874 -0.0012848935074692217 -0.0002948644541124507 0.00010895649717073541 0.0029941018281118489 0.00023413444509053199 -0.00051344627487227195 0.00010195443199721085 -3.6328132663856329e-05 -0.0011148322822390141 0.0010621856713765004 6.8991602392250059e-05 -0.00010510049731439207 0.0044136852458146695 -3.5314378220706993e-05 0.00085436991602363076 -0.0006843114103641803 0.0016515202180544704 -0.0010036009528269199 -0.00044675235906852569 -9.4885828461623397e-05 0.013870799185479636 -0.00029110195122136192 -0.00017011121562581503 0.0023575333893401515 0.000278681014180527 0.00027912637720569472 -0.0010965388408446005 0.00042483510869085637 -0.00020549398072073718 -0.00078655902019347324 -0.00017352663037255243 0.0005267716852604083
leaf_weight=23 21 20 36 21 21 23 37 47 25 91 25 60 22 144 22 125 43 26 23 236 19 20 27 28 20 20 30 57 22 73 35 19
leaf_count=23 21 20 36 21 21 23 37 47 25 91 25 60 22 144 22 125 43 26 23 236 19 20 27 28 20 20 30 57 22 73 35 19
internal_value=-0.00186167 -0.0151106 -0.00777115 -0.0202374 -0.000676088 -0.0235489 9.98606e-05 -0.000616758 -0.00280692 0.00209277 -0.0259038 0.00485377 0.0136071 0.00936947 -0.00414461 -0.0149784 0.0113172 -0.00943101 -0.0116534 -0.00695405 0.0246703 -0.0121424 0.00667624 0.00981206 0.0054881 0.000657458 -0.0270425 0.0124538 -0.00301207 -0.0125341 -0.0148629 0.029889
internal_weight=1461 120 100 64 1341 44 1297 1260 969 557 50 507 257 235 250 147 103 412 389 298 42 256 291 264 236 197 91 104 43 93 61 39
internal_count=1461 120 100 64 1341 44 1297 1260 969 557 50 507 257 235 250 147 103 412 389 298 42 256 291 264 236 197 91 104 43 93 61 39
is_linear=0
shrinkage=0.129519


Tree=171
num_leaves=31
num_cat=0
split_feature=11 1 11 15 15 15 15 12 11 2 15 1 26 14 26 1 25 0 1 9 14 9 1 15 1 15 15 16 1 12
split_gain=1.36537 1.43719 1.25016 1.27918 3.65801 1.19048 1.66667 1.14391 2.29493 1.32294 1.88044 1.09862 0.982059 3.31276 1.20897 2.5 1.25932 1.09632 3.51542 2.45666 2.28533 1.14328 1.4359 1.20898 1.08994 0.664935 1.28177 0.900718 0.466667 0.4
threshold=-0.064463015794845882 30.500000000000004 -0.11798870221290068 0.84660111278280559 0.88618201382888007 0.96231527631374336 0.98699576267654165 0.91852788691372023 -0.26037633224328088 49.500000000000007 -0.9873387547174689 14.500000000000002 -20.499999999999996 -0.97008449772828931 -10.499999999999998 16.500000000000004 1.0000000180025095e-35 2.5000000000000004 26.500000000000004 0.9550229469509578 0.93313652766413646 0.92602006027323125 18.500000000000004 -0.96795400926015729 25.500000000000004 0.79383983598139407 0.68823599250537171 -0.16799793862756152 20.500000000000004 -0.70291145964310642
decision_type=2 2 2 2 2 2 2 2 2 2 2 2 2 2 2 2 2 2 2 2 2 2 2 2 2 2 2 2 2 2
left_child=2 12 3 7 -5 28 -7 9 -9 10 -1 -11 13 -2 15 -14 17 18 19 20 -16 23 -23 -19 -25 26 27 -12 -6 -8
right_child=1 -3 -4 4 5 6 29 8 -10 11 25 -13 14 -15 16 -17 -18 21 -20 -21 -22 22 -24 24 -26 -27 -28 -29 -30 -31
leaf_value=0.0007038527665587269 0.0026063083162950478 -0.00029837900600513387 0.00024060771461118562 0.0003522656119622402 -0.00032337926249004494 0.0002938981350047627 -0.0018725962482229713 0.00014604233465180541 -0.00013766825253149232 -0.0014161772246312336 -5.2792271144722125e-06 -0.00038692590502451772 -0.00059542452204062698 -0.00060310258803852423 -0.00012588905188304185 0.0031908180986307101 -0.00021583539975812894 -0.00574619964046298 0.00040455075028964486 -0.00074051282424118282 -0.00054446738004460232 0.00059489892300705095 -3.8078589727128591e-05 7.1229486453108445e-05 -0.0003211906143863472 -0.00018010864960942119 0.0004378689172968407 -0.00029122810118460246 -0.00028526004613701832 0.00029758841376762292
leaf_weight=29 19 20 24 20 28 24 20 32 36 19 252 23 20 29 174 20 31 21 36 24 30 24 28 239 46 20 36 97 20 20
leaf_count=29 19 20 24 20 28 24 20 32 36 19 252 23 20 29 174 20 31 21 36 24 30 24 28 239 46 20 36 97 20 20
internal_value=-0.000797859 -0.00459529 0.00333049 0.00229916 0.0137369 0.00462568 0.0161899 -0.000476173 0.0152375 -0.00272099 -0.000596862 -0.0246703 -0.00367058 -0.0215865 -0.00242965 0.0194279 -0.00376855 -0.00249876 -0.00883085 -0.0147697 -0.0101584 0.00217071 0.019926 -0.00084653 0.00136336 -0.0028782 -0.00168207 -0.00408227 -0.0107933 0
internal_weight=1461 761 700 676 132 112 64 544 68 476 434 42 741 48 693 40 653 622 264 228 204 358 52 306 285 405 385 349 48 40
internal_count=1461 761 700 676 132 112 64 544 68 476 434 42 741 48 693 40 653 622 264 228 204 358 52 306 285 405 385 349 48 40
is_linear=0
shrinkage=0.129519


Tree=172
num_leaves=20
num_cat=1
split_feature=9 26 14 26 26 25 19 14 8 0 11 11 0 11 0 26 2 5 1
split_gain=3.01543 2.7658 3.75006 3.04365 1.81775 1.98834 0.964499 2.01554 1.62356 1.18298 2.48674 1.16902 3.76923 1.42932 1.99538 1.05574 2.35511 1.5229 0.468085
threshold=0.99907018497641642 -15.499999999999998 -0.87603971526095259 -26.499999999999996 -10.499999999999998 1.0000000180025095e-35 0 -0.98992565105027064 1.0000000180025095e-35 1.0000000180025095e-35 0.52766072109828632 0.9252105435402006 3.5000000000000004 0.056949529780582459 2.5000000000000004 6.5000000000000009 3.5000000000000004 28.500000000000004 24.500000000000004
decision_type=2 2 2 2 2 2 9 2 2 2 2 2 2 2 2 2 2 2 2
left_child=1 2 3 -1 -3 6 7 -6 15 10 -8 13 -13 18 -15 17 -17 -9 -11
right_child=-2 4 -4 -5 5 -7 9 8 -10 11 -12 12 -14 14 -16 16 -18 -19 -20
leaf_value=0.0036964240262210299 -0.00011401948320357005 0.0015490896997845294 -0.00097865584191283712 -0.00043532891624593342 -0.00049087551882632304 -0.00022871904517627025 0.00020656603706456758 -0.00041640245840751113 -0.00076591743379179835 0.0022757471670366864 -0.0014363045971074204 0.0010874778551207523 -0.00035163276524780051 -0.0022824762034943432 -3.8161344459456993e-05 2.4360498067237895e-05 0.00053766633814615898 3.1271983641998968e-05 0.00050510572729179021
leaf_weight=19 20 20 22 27 29 32 23 30 19 25 24 26 26 65 128 67 21 816 22
leaf_count=19 20 20 22 27 29 32 23 30 19 25 24 26 26 65 128 67 21 816 22
internal_value=-0.00186167 -0.00116846 -0.0266657 -0.00563127 9.4333e-05 -0.000478637 0.000294139 0.00235015 0.00339767 -0.00556673 -0.0248015 -0.00266135 0.0149445 -0.00647596 -0.0114084 0.00416014 0.0176617 0.00275573 0.0137786
internal_weight=1461 1441 68 46 1373 1353 1321 982 953 339 47 292 52 240 193 934 88 846 47
internal_count=1461 1441 68 46 1373 1353 1321 982 953 339 47 292 52 240 193 934 88 846 47
cat_boundaries=0 1
cat_threshold=168
is_linear=0
shrinkage=0.129519


Tree=173
num_leaves=24
num_cat=0
split_feature=9 25 14 26 0 15 15 26 8 12 26 5 2 26 0 14 15 16 15 16 9 2 1
split_gain=3.10167 2.20758 1.84685 2.11147 2.3582 1.36249 2.79011 1.11206 0.948415 1.19692 0.982292 1.11228 2.57143 2.40275 0.932155 1.26463 0.995744 1.85407 1.7666 0.882883 0.873763 0.860645 0.1
threshold=0.99907018497641642 1.0000000180025095e-35 -0.89974715708216946 -15.499999999999998 2.5000000000000004 0.84487857356050267 0.87966017529557439 -25.499999999999996 1.0000000180025095e-35 -0.99273797715557011 21.500000000000004 64.500000000000014 5.5000000000000009 5.5000000000000009 5.5000000000000009 0.95436825032516992 0.93312951628665375 0.24164313636530463 0.90620637762200806 -0.11478337950545257 0.9893236546938301 15.500000000000002 23.500000000000004
decision_type=2 2 2 2 2 2 2 2 2 2 2 2 2 2 2 2 2 2 2 2 2 2 2
left_child=1 5 7 -4 -5 8 -7 -3 9 -1 11 12 13 -11 15 16 18 19 -8 -18 21 -13 -22
right_child=-2 2 3 4 -6 6 14 -9 -10 10 -12 20 -14 -15 -16 -17 17 -19 -20 -21 22 -23 -24
leaf_value=0.00029565312641625978 -9.925177711147836e-05 0.0027289973008898221 -0.00056977435441675213 0.00065155397798859714 -0.000184295902175488 0.00030058627087675916 -0.0010162579594450124 -0.00037894548678415958 -0.00071009868000721128 0.0023642782579001852 0.00017366317155684973 0.00021545862619220881 -0.0014316598176182319 -0.00036270603872903318 -0.00019373338860869025 0.00053221087787378352 -3.1847861281273218e-05 -0.0009355764611397693 0.000387162021019651 0.00025178237893243001 -0.00033078981409359783 -4.3545650498214204e-05 -8.5299884908461446e-05
leaf_weight=32 20 20 26 21 26 31 19 27 25 19 29 80 21 23 34 20 37 22 22 74 20 793 20
leaf_count=32 20 20 26 21 26 31 19 27 25 19 29 80 21 23 34 20 37 22 22 74 20 793 20
internal_value=-0.00115246 -0.000449407 -0.0172692 -0.030162 -0.0137786 0.00107851 0.0095014 0.00275573 -0.000975662 -0.000374694 -0.00115987 -0.00185786 -0.0185027 0 0.00454453 0.00801149 0.00446618 -0.000973828 0.022113 0.0058342 -0.000709305 0.000148361 -0.0194279
internal_weight=1461 1441 120 73 47 1321 259 47 1062 1037 1005 976 63 42 228 194 174 133 41 111 913 873 40
internal_count=1461 1441 120 73 47 1321 259 47 1062 1037 1005 976 63 42 228 194 174 133 41 111 913 873 40
is_linear=0
shrinkage=0.129519


Tree=174
num_leaves=17
num_cat=0
split_feature=9 25 14 26 0 26 1 13 13 13 13 26 11 13 5 13
split_gain=1.71833 1.63642 1.47014 2.49868 2.32368 1.11206 1.05295 0.827859 1.30384 1.20285 1.17242 1.63039 3.71582 1.11844 0.981818 0.856892
threshold=0.99907018497641642 1.0000000180025095e-35 -0.89974715708216946 -16.499999999999996 3.5000000000000004 -25.499999999999996 30.500000000000004 0.99398759792145908 0.98701858156467404 0.97742141165890761 0.79317318001497539 6.5000000000000009 0.39034993933883777 0.76070426302234284 154.50000000000003 0.72620980401264112
decision_type=2 2 2 2 2 2 2 2 2 2 2 2 2 2 2 2
left_child=1 6 5 -4 -5 -3 7 8 9 10 13 12 -12 15 -9 -1
right_child=-2 2 3 4 -6 -7 -8 14 -10 -11 11 -13 -14 -15 -16 -17
leaf_value=1.2713602187802568e-05 -8.6396771700900058e-05 0.0023755399010397002 -0.00088869153645963555 1.760042902485601e-05 -0.00010478794464735144 -0.00032986479095505311 0.00013431240818275868 0.0012731500664229858 -0.0012337847361526574 0.00039615483852164011 -7.3302270686342167e-05 0.00027077711176715839 -0.0015290768560368088 0.0004565957821836325 -7.5590874543875875e-05 -0.0024619877804232799
leaf_weight=993 20 20 23 29 21 27 23 20 19 21 128 26 26 21 24 20
leaf_count=993 20 20 23 29 21 27 23 20 19 21 128 26 26 21 24 20
internal_value=-0.00115246 -0.00062917 -0.0151106 -0.0266135 -0.0103615 0.00275573 0.000686324 0.000199567 -0.000413139 0.000104874 -0.000426752 -0.0100737 -0.0151386 0.0012526 0.0176617 0.000639285
internal_weight=1461 1441 120 73 50 47 1321 1298 1254 1235 1214 180 154 1034 44 1013
internal_count=1461 1441 120 73 50 47 1321 1298 1254 1235 1214 180 154 1034 44 1013
is_linear=0
shrinkage=0.129519


Tree=175
num_leaves=24
num_cat=0
split_feature=9 25 14 11 26 15 1 12 26 15 1 12 1 13 2 15 15 15 0 16 16 0 11
split_gain=1.70221 1.1506 1.13635 1.35663 1.98664 1.12268 1.78824 1.76896 1.11206 0.9833 1.5698 1.49333 0.970118 0.814432 0.9 0.777609 1.45044 1.09246 1.08218 3.41675 0.728814 0.421053 0.4
threshold=0.99907018497641642 1.0000000180025095e-35 -0.89974715708216946 0.96522610578843548 -15.499999999999998 -0.90163369914317004 5.5000000000000009 0.74299920719979384 -25.499999999999996 -0.97410815583833232 7.5000000000000009 -0.70291145964310642 30.500000000000004 0.99398759792145908 38.500000000000007 -0.87603313289604434 -0.72694302724356785 -0.69365844210389216 2.5000000000000004 0.55478649335567887 -0.2707318836520925 3.5000000000000004 -0.59869031648930193
decision_type=2 2 2 2 2 2 2 2 2 2 2 2 2 2 2 2 2 2 2 2 2 2 2
left_child=1 5 8 -4 -5 6 21 9 -3 10 -8 -12 13 15 -15 -7 18 -18 -17 -20 -19 -1 -9
right_child=-2 2 3 4 -6 12 7 22 -10 -11 11 -13 -14 14 -16 16 17 20 19 -21 -22 -23 -24
leaf_value=-0.002261886626834689 -7.5206735612910481e-05 0.0020678620017658632 -0.00029625720844446917 -0.00066979702656129458 6.6071860671228634e-05 0.00018596954446996141 -0.00079642203518976047 -0.0012697205979143415 -0.00028714098493489104 0.00085180855811550803 -0.000406187325333306 0.00061263337727523765 0.00011691637977768948 0.0011082527570888969 3.222518289199236e-05 -0.0012437045149195089 0.00025047561669368386 -4.2263325430444472e-05 0.0024272272878363304 -0.0022262719762916935 5.8516662285810442e-05 -0.0017733554375463471 -0.00021475837524695572
leaf_weight=19 20 20 20 21 32 20 19 20 27 30 25 35 23 20 20 35 21 376 30 28 561 19 20
leaf_count=19 20 20 20 21 32 20 19 20 27 30 25 35 23 20 20 35 21 376 30 28 561 19 20
internal_value=-0.00132977 -0.000808933 -0.0129519 -0.0230651 -0.0122188 0.000294139 -0.009004 -0.00260777 0.00275573 0.00594125 -0.00163948 0.00863461 0.00182743 0.00128237 0.0194279 0.000604665 0.000123234 0.00162237 -0.0153195 -0.00446618 0.000967592 -0.034084 -0.0259038
internal_weight=1461 1441 120 73 53 1321 187 149 47 109 79 60 1134 1111 40 1071 1051 958 93 58 937 38 40
internal_count=1461 1441 120 73 53 1321 187 149 47 109 79 60 1134 1111 40 1071 1051 958 93 58 937 38 40
is_linear=0
shrinkage=0.129519


Tree=176
num_leaves=14
num_cat=0
split_feature=9 15 15 0 11 13 1 8 13 26 26 16 5
split_gain=1.76716 0.893957 2.22222 2.05214 1.33516 0.868583 1.70835 0.857704 1.73183 0.839752 1.04179 0.929031 0.771429
threshold=0.99907018497641642 -0.96795400926015729 -0.9873387547174689 4.5000000000000009 -0.65234524191686594 0.99897542822295915 30.500000000000004 1.0000000180025095e-35 0.99398759792145908 25.500000000000004 19.500000000000004 0.9617714795408695 162.50000000000003
decision_type=2 2 2 2 2 2 2 2 2 2 2 2 2
left_child=1 2 3 4 -1 6 7 8 9 10 11 -3 -4
right_child=-2 5 12 -5 -6 -7 -8 -9 -10 -11 -12 -13 -14
leaf_value=-0.00068037854590746575 -6.5466023442868076e-05 -1.302609529627746e-05 -0.00037988723833273173 0.0025754068978998913 0.00013198891041863147 -0.0005529288622114864 0.00012603252171090537 -0.00050935873392016933 0.00026538182622429441 -0.0072819030672832885 0.0010058729697967959 0.00035826188525877012 -0.001105267470412683
leaf_weight=24 20 1121 20 20 28 20 20 20 27 20 23 70 28
leaf_count=24 20 1121 20 20 28 20 20 20 27 20 23 70 28
internal_value=-0.000620557 -8.98814e-05 -0.0107933 0.00359775 -0.00996301 0.000882417 0.0012942 0.000707755 0.00112983 0.000419835 0.000853503 0.000326245 -0.0323798
internal_weight=1461 1441 120 72 52 1321 1301 1281 1261 1234 1214 1191 48
internal_count=1461 1441 120 72 52 1321 1301 1281 1261 1234 1214 1191 48
is_linear=0
shrinkage=0.129519


Tree=177
num_leaves=22
num_cat=1
split_feature=9 14 10 1 2 1 1 11 1 1 2 1 5 0 19 1 1 0 12 15 0
split_gain=0.861838 0.676676 1.12257 1.09513 1.41296 1.44 1.05959 1.53639 1.46801 0.828409 0.63318 2.06697 0.895132 0.70184 2.64757 2.76735 2.64521 1.45145 2.64121 2.39846 0.0757576
threshold=0.99907018497641642 0.94634739976722482 0.99895983886342388 28.500000000000004 34.500000000000007 5.5000000000000009 29.500000000000004 0.10837544681456417 28.500000000000004 7.5000000000000009 49.500000000000007 18.500000000000004 332.50000000000006 4.5000000000000009 0 11.500000000000002 14.500000000000002 1.5000000000000002 0.13185577213185917 0.98091558679606183 2.5000000000000004
decision_type=2 2 2 2 2 2 2 2 2 2 2 2 2 2 9 2 2 2 2 2 2
left_child=1 6 3 4 9 -6 8 -8 10 20 12 -12 13 17 16 -16 -15 18 -1 -19 -3
right_child=-2 2 -4 -5 5 -7 7 -9 -10 -11 11 -13 -14 14 15 -17 -18 19 -20 -21 -22
leaf_value=8.9464535309429483e-05 -5.6986919994434725e-05 2.8161048428269638e-06 -0.00030796445529955054 0.00078672142805843222 -0.00047985493148828179 0.0010027531744853922 3.0137378552226344e-06 0.0015292897827025194 -0.00024432519090539825 -0.001528308667985985 -0.0009252057135873586 4.1716137146233672e-05 0.00015432823989727716 -7.3079940633290709e-05 0.0012969400161978585 -0.0016807142506961715 0.00033648835015012452 3.8986587831929226e-05 -0.00033657878929025737 0.0003944548948382729 0.00020680214630915185
leaf_weight=186 20 20 21 23 20 25 28 19 33 20 35 27 38 103 32 68 111 436 135 37 24
leaf_count=186 20 20 21 23 20 25 28 19 33 20 35 27 38 103 32 68 111 436 135 37 24
internal_value=0.000797859 0.00116846 0.00931183 0.0137369 0.00831774 0.0259038 0.000201117 0.0192901 -0.000521834 -0.00404747 0.000214436 -0.0125341 0.000904148 0.000233789 -0.00494978 -0.021194 0.00346926 0.00228371 -0.00443835 0.00684562 0.00588723
internal_weight=1461 1441 153 132 109 45 1288 47 1241 64 1208 62 1146 1108 314 100 214 794 321 473 44
internal_count=1461 1441 153 132 109 45 1288 47 1241 64 1208 62 1146 1108 314 100 214 794 321 473 44
cat_boundaries=0 1
cat_threshold=40
is_linear=0
shrinkage=0.129519


Tree=178
num_leaves=17
num_cat=0
split_feature=8 16 5 2 1 26 10 0 2 13 14 1 16 0 13 1
split_gain=1.43583 2.22841 1.23088 1.73188 1.64402 1.2972 1.40657 3.60119 1.90459 1.24168 1.75584 1.23519 5.33474 1.1803 0.947368 0.268254
threshold=1.0000000180025095e-35 -0.40022913375588282 355.50000000000006 49.500000000000007 13.500000000000002 17.500000000000004 0.91159213926341531 3.5000000000000004 5.5000000000000009 0.9800658150361089 1.0000000180025095e-35 28.500000000000004 -0.33627629079091209 5.5000000000000009 0.99037671279769313 12.500000000000002
decision_type=2 2 2 2 2 2 2 2 2 2 2 2 2 2 2 2
left_child=2 -2 3 5 -5 6 8 -8 14 11 -11 13 -13 -10 -1 -7
right_child=1 -3 -4 4 -6 15 7 -9 9 10 -12 12 -14 -15 -16 -17
leaf_value=-0.00016748351906809524 0.00013357761197280754 -0.00034388589737164622 0.0003727431163168969 -0.0032155270364432036 -8.265725472064977e-05 -2.5604912558726272e-05 -0.00022257753619409008 0.00043989076567211639 1.7011279635587418e-07 0.00011620948949721052 0.00059003612630985477 -0.0016970283915319088 0.00028788127779118223 0.00012871208902321196 -0.00010806232524534732 -0.0019253993590011191
leaf_weight=19 25 23 37 20 31 24 32 28 927 35 20 21 26 153 19 21
leaf_count=19 25 23 37 20 31 24 32 28 927 35 20 21 26 153 19 21
internal_value=0.000443255 -0.0215865 0.00119161 0.000564764 -0.0228563 0.00146625 0.00222611 0.0215865 0.00127396 0.00219153 0.021194 0.00126416 -0.0192901 0.00215865 -0.0272672 -0.0201474
internal_weight=1461 48 1413 1376 51 1325 1280 60 1220 1182 55 1127 47 1080 38 45
internal_count=1461 48 1413 1376 51 1325 1280 60 1220 1182 55 1127 47 1080 38 45
is_linear=0
shrinkage=0.129519


Tree=179
num_leaves=20
num_cat=1
split_feature=8 16 5 5 26 1 10 9 9 19 5 15 0 15 0 1 1 26 13
split_gain=1.506 2.22841 1.0758 1.95829 1.03874 2.89473 1.37802 1.039 0.886688 1.39217 2.01426 1.6059 1.35813 1.3149 1.06953 0.258879 0.58072 0.137903 0.105263
threshold=1.0000000180025095e-35 -0.40022913375588282 359.50000000000006 344.50000000000006 3.5000000000000004 7.5000000000000009 0.91852788691372023 0.30983042691905766 0.9893236546938301 0 46.500000000000007 0.7172936132855442 3.5000000000000004 -0.23015034761529402 5.5000000000000009 20.500000000000004 15.500000000000002 20.500000000000004 0.95721252614869612
decision_type=2 2 2 2 2 2 2 2 2 9 2 2 2 2 2 2 2 2 2
left_child=2 -2 3 4 6 -6 8 17 9 11 18 13 -10 -1 -12 16 -5 -7 -11
right_child=1 -3 -4 15 5 7 -8 -9 12 10 14 -13 -14 -15 -16 -17 -18 -19 -20
leaf_value=0.00018863337002557109 0.0001162767537452977 -0.00029934608962222021 0.00074920261060049597 -0.00038890154398529478 -0.00026476083564261468 0.00047921589911273691 0.00037473751576389539 -0.00018545393928049854 -7.4765690091979105e-05 -0.00053778699446193582 1.2141995447149966e-05 0.0017095846122687892 1.9954530608701788e-05 -3.1452126149231736e-05 0.00012275838527900945 -3.6885445521056723e-05 4.4815503740174828e-05 0.00010628622120496943 -9.4066185164803199e-05
leaf_weight=45 25 23 21 21 23 24 29 34 36 19 853 20 28 38 145 19 20 19 19
leaf_count=45 25 23 21 21 23 24 29 34 36 19 853 20 28 38 145 19 20 19 19
internal_value=0.000975161 -0.0215865 0.00174159 0.00130264 0.00233368 -0.0103615 0.00336413 0.00168207 0.00269159 0.0035251 0.00198117 0.0171928 -0.0121424 0.0109233 0.00311469 -0.0215865 -0.015795 0.0150604 -0.0272672
internal_weight=1461 48 1413 1392 1332 100 1232 77 1203 1139 1036 103 64 83 998 60 41 43 38
internal_count=1461 48 1413 1392 1332 100 1232 77 1203 1139 1036 103 64 83 998 60 41 43 38
cat_boundaries=0 1
cat_threshold=48
is_linear=0
shrinkage=0.129519


Tree=180
num_leaves=16
num_cat=0
split_feature=8 16 26 14 26 26 1 16 13 16 16 16 10 26 0
split_gain=0.908098 2.31294 1.34266 1.56995 1.14528 1.26882 4.16571 1.13444 1.35158 1.25899 1.21414 2.35702 1.1644 1.13259 0.79013
threshold=1.0000000180025095e-35 -0.3804332934655118 -16.499999999999996 -0.87603971526095259 21.500000000000004 3.5000000000000004 12.500000000000002 0.99777677850226498 0.99398759792145908 0.98702143393805541 0.9617714795408695 0.9456351743229523 -0.048362832084465547 -25.499999999999996 2.5000000000000004
decision_type=2 2 2 2 2 2 2 2 2 2 2 2 2 2 2
left_child=2 -2 3 13 5 7 -7 8 9 10 11 -4 -12 -1 -8
right_child=1 -3 4 -5 -6 6 14 -9 -10 -11 12 -13 -14 -15 -16
leaf_value=0.0012369004429633602 5.9149353593367082e-05 -0.0004021833784472479 2.4055130174654251e-05 -0.0018997908039239228 0.00072756398726637268 -0.0012866678063194713 0.00010443131747566122 0.0001771825940292125 0.00022385107551029803 -0.00080961857474238076 0.00012261035131109932 -0.0008330546507179556 0.0035165951235652804 -0.00015034567663584178 -8.6676132775947336e-05
leaf_weight=21 26 22 1099 19 35 20 22 26 31 23 25 23 19 22 28
leaf_count=21 26 22 1099 19 35 20 22 26 31 23 25 23 19 22 28
internal_value=0.00132977 -0.0161899 0.00192491 -0.0167121 0.0027802 0.00216521 -0.0148022 0.00311844 0.00254792 0.00185183 0.00244376 0.0016161 0.0235489 -0.00301207 0.00518077
internal_weight=1461 48 1413 62 1351 1316 70 1246 1220 1189 1166 1122 44 43 50
internal_count=1461 48 1413 62 1351 1316 70 1246 1220 1189 1166 1122 44 43 50
is_linear=0
shrinkage=0.129519


Tree=181
num_leaves=23
num_cat=1
split_feature=9 13 1 15 15 15 15 15 1 26 26 26 20 11 11 10 0 12 13 15 0 5
split_gain=1.61829 1.3004 1.28917 1.0383 0.925821 1.48506 2.4094 2.12224 1.23953 0.862615 2.5232 1.3451 0.829068 0.816758 1.79244 4.28773 1.07688 2.45768 2.24495 1.3298 0.575783 0.421924
threshold=0.99865421017599987 0.99768613338197654 23.500000000000004 -0.75860107497549967 0.9524372690416032 0.84660111278280559 0.88618201382888007 0.91161058030431374 21.500000000000004 -26.499999999999996 -16.499999999999996 -10.499999999999998 0 -0.91597725483594616 -0.28622501271271084 -0.39827153806311177 1.5000000000000002 0.67008729192674277 0.97314989601849466 -0.41887844496219279 3.5000000000000004 148.50000000000003
decision_type=2 2 2 2 2 2 2 2 2 2 2 2 9 2 2 2 2 2 2 2 2 2
left_child=1 2 4 -4 5 9 -7 -8 -6 -1 -11 -12 -13 21 15 -15 17 -16 19 -18 -17 -5
right_child=-2 -3 3 13 8 6 7 -9 -10 10 11 12 -14 14 16 20 18 -19 -20 -21 -22 -23
leaf_value=0.00049338883392745095 -5.5309832473022179e-05 -0.00052593601072300578 -0.00036666311075856712 -0.00029181950564998084 -0.00040612494899347793 7.4398289592296827e-05 -0.0039445488639710717 0.00024016861165823117 -0.0001004629134313456 -0.0032280751609442696 0.00061294393768042724 -0.00061082031687770765 9.6976531899110837e-07 0.00076802874814243551 0.00046632642466222789 -3.0389874138566039e-05 -9.5424923924061579e-05 -0.00037956040820111286 -0.00022710432967611516 0.00047746383188039944 0.00014287466408706786 0.00014883858094881956
leaf_weight=20 24 32 19 19 23 31 19 31 32 31 19 42 811 24 36 25 63 22 20 73 22 23
leaf_count=20 24 32 19 19 23 31 19 31 32 31 19 42 811 24 36 25 63 22 20 73 22 23
internal_value=0.000975161 0.00153224 0.00212024 0.00898399 -0.000122303 0.000774019 0.017589 0 -0.0164843 -0.000701621 -0.00129089 0 -0.000759198 0.0106942 0.0131791 0.0310116 0.00726276 0.0223309 0.0016605 0.00761877 0.00826718 -0.00616758
internal_weight=1461 1437 1405 346 1059 1004 81 50 55 923 903 872 853 327 285 71 214 58 156 136 47 42
internal_count=1461 1437 1405 346 1059 1004 81 50 55 923 903 872 853 327 285 71 214 58 156 136 47 42
cat_boundaries=0 1
cat_threshold=1
is_linear=0
shrinkage=0.129519


Tree=182
num_leaves=24
num_cat=1
split_feature=9 8 14 5 19 0 9 9 9 25 9 2 9 5 1 9 9 9 9 5 5 5 2
split_gain=1.67899 0.942907 2.8955 1.08679 0.85642 1.54745 1.25942 2.22279 1.08152 1.01003 2.5903 0.998727 0.90915 0.702071 0.921886 0.730879 1.57216 1.61388 1.03648 0.506655 1.26881 0.4 0.170148
threshold=0.9962888416657264 1.0000000180025095e-35 -0.048361937605030693 359.50000000000006 0 5.5000000000000009 0.75014288946266361 0.96904697354198299 0.59868201182722736 1.0000000180025095e-35 0.69056404122701587 8.5000000000000018 0.9893236546938301 344.50000000000006 18.500000000000004 0.94704596667653973 0.88621069759564464 0.83849049182116964 0.91248814248966259 268.50000000000006 262.50000000000006 92.500000000000014 12.500000000000002
decision_type=2 2 2 2 9 2 2 2 2 2 2 2 2 2 2 2 2 2 2 2 2 2 2
left_child=1 3 -3 4 5 6 8 -8 19 13 -11 -12 22 15 -15 16 17 -6 -18 20 -1 -2 -9
right_child=21 2 -4 -5 9 -7 7 12 -10 10 11 -13 -14 14 -16 -17 18 -19 -20 -21 -22 -23 -24
leaf_value=0.00011529019956445806 -1.2163570895637207e-05 0.00018750341782171784 -0.00073181760682785452 0.00049609235425054855 1.4668475151338257e-05 0.00079543302076429763 0.00017307693808749314 7.6817281490970134e-05 -0.00041983648363464734 -0.00030475878692423332 0.00057809409699354809 -0.0020148871225656602 -8.3065569270278952e-05 -0.00034177255122285735 8.4416214308987581e-07 -0.00030098410445427326 0.00075472692146788588 -0.00099038619178597751 0.00012882540142886834 0.00020140378837437352 -0.0043133222129726808 -0.00017703324422581497 0.0021519971197627888
leaf_weight=75 20 19 25 21 849 35 23 19 21 28 22 31 25 33 27 26 19 24 37 19 21 20 22
leaf_count=75 20 19 25 21 849 35 23 19 21 28 22 31 25 33 27 26 19 24 37 19 21 20 22
internal_value=0.000265953 0.00100261 -0.0176617 0.001599 0.00114619 0.00767521 0.00402948 0.016008 -0.00380939 -0.000468424 -0.014391 0.00244376 0.00392482 0.000638025 -0.0129519 0.00149184 0.00209127 0.000741805 0.0231284 0.00112625 -0.00269832 -0.0259038 0.015795
internal_weight=1461 1421 44 1377 1356 260 225 89 136 1096 81 53 66 1015 60 955 929 873 56 115 96 40 41
internal_count=1461 1421 44 1377 1356 260 225 89 136 1096 81 53 66 1015 60 955 929 873 56 115 96 40 41
cat_boundaries=0 1
cat_threshold=49
is_linear=0
shrinkage=0.129519


Tree=183
num_leaves=34
num_cat=0
split_feature=14 13 1 0 26 9 9 0 14 15 13 2 14 15 1 10 5 1 1 16 16 1 1 14 10 5 5 14 5 0 1 0 1
split_gain=1.37349 1.16831 1.70303 0.833684 0.739401 1.32789 2.00046 2.03413 1.26022 1.66222 1.50801 1.28611 1.51784 1.23891 1.11474 0.96 0.827615 1.21889 0.812143 0.7923 1.53026 1.40496 0.915696 1.84544 1.14603 1.00092 0.775641 0.748749 0.55243 0.747601 1.01156 0.380952 0.0269906
threshold=0.98005052076767474 1.0000000180025095e-35 29.500000000000004 3.5000000000000004 -26.499999999999996 0.83849049182116964 0.92922379131507438 4.5000000000000009 -0.79902849257019848 -0.54490825627601114 0.499058218547695 26.500000000000004 -0.99324539968045167 -0.93390030980808814 12.500000000000002 -0.013976481981245098 104.50000000000001 20.500000000000004 7.5000000000000009 0.71353761266622884 0.63587493146015672 10.500000000000002 25.500000000000004 0.27073626511000476 0.85561368268953431 344.50000000000006 277.50000000000006 -0.048361937605030693 356.50000000000006 1.5000000000000002 22.500000000000004 3.5000000000000004 5.5000000000000009
decision_type=2 2 2 2 2 2 2 2 2 2 2 2 2 2 2 2 2 2 2 2 2 2 2 2 2 2 2 2 2 2 2 2 2
left_child=4 2 -2 -3 -1 8 13 14 9 -6 11 31 -13 -7 -8 -9 17 -16 -14 20 22 26 25 24 -24 27 32 -10 29 -23 -31 -11 -21
right_child=1 3 -4 -5 5 6 7 15 19 10 -12 12 18 -15 16 -17 -18 -19 -20 21 -22 28 23 -25 -26 -27 -28 -29 -30 30 -32 -33 -34
leaf_value=0.00069045199291385868 0.0030460356081957818 0.00012188201048500578 -0.00015817102836698454 -0.00099190562232082569 0.00066299055286696805 -0.0025490111634689154 -0.00021012432249475406 -0.0001174599020724977 -6.0562729520328343e-05 -0.00049724478566833062 0.0015623693440199092 0.00034638063291316152 -0.0006903061866913191 -0.0019294447415119991 0.0013545120069846646 0.00015501676288887139 -0.00010604598061103373 -6.922659851844084e-05 8.8814859614642929e-05 0.00027955881924725051 -0.00033525338474430189 0.00017531814170282644 0.00017266683399897364 -0.00011665249333720814 -0.00027653556543495088 -0.0001594139934462751 -0.00025639330395854166 7.8782178556797148e-05 -1.6755546401978891e-05 0.00290167164523132 -0.003202470189267911 -0.00025157802919035393 2.5847941806974637e-05
leaf_weight=24 29 25 20 19 26 19 37 24 245 21 20 25 30 32 25 25 29 31 87 19 20 21 60 22 21 36 25 332 24 24 23 21 20
leaf_count=24 29 25 20 19 26 19 37 24 245 21 20 25 30 32 25 25 29 31 87 19 20 21 60 22 21 36 25 332 24 24 23 21 20
internal_value=8.8651e-05 0.0153195 0.0290757 0 -0.000946777 -0.00134916 -0.0105016 -0.00378711 0.000461744 0.00901003 0.00507918 0.00140782 0.00729685 -0.0330147 -0.0127396 0.0185027 -0.00457126 0.00462568 0.001107 -0.00174241 -0.00351954 0.00664201 -0.0025325 -0.0138321 -0.00479701 -0.000633862 -0.00809495 0.00067341 0.0168938 0.0228563 0.0137786 -0.0185027 0.003321
internal_weight=1461 93 49 44 1368 1344 222 171 1122 230 204 184 142 51 122 49 85 56 117 892 736 156 716 103 81 613 64 577 92 68 47 42 39
internal_count=1461 93 49 44 1368 1344 222 171 1122 230 204 184 142 51 122 49 85 56 117 892 736 156 716 103 81 613 64 577 92 68 47 42 39
is_linear=0
shrinkage=0.129519


Tree=184
num_leaves=31
num_cat=1
split_feature=10 5 10 1 1 19 13 0 1 13 26 26 0 26 13 13 13 13 1 1 0 1 1 13 0 15 15 15 15 2
split_gain=0.948612 2.09201 1.5745 1.26391 1.78571 0.966883 1.51072 1.30829 3.22667 1.33333 0.860229 2.11417 0.71874 2.02183 2.26064 1.72934 5.35636 2.79249 0.57971 4.7087 1.84929 2.62248 1.79195 0.782759 1.11243 0.787981 2.04848 0.770147 1.00962 0.825959
threshold=-0.21862536810265823 124.50000000000001 -0.17646730165275518 25.500000000000004 18.500000000000004 0 0.98192675877128088 4.5000000000000009 24.500000000000004 0.90114994620220756 -26.499999999999996 -15.499999999999998 3.5000000000000004 6.5000000000000009 -0.36247790445086708 -0.36247790445086708 -0.13824959176414334 -0.47937516584656537 25.500000000000004 27.500000000000004 4.5000000000000009 29.500000000000004 23.500000000000004 0.87292453004110737 2.5000000000000004 -0.9484047710472957 -0.98292201184843975 0.89690677264064533 0.75014982656592355 33.500000000000007
decision_type=2 2 2 2 2 9 2 2 2 2 2 2 2 2 2 2 2 2 2 2 2 2 2 2 2 2 2 2 2 2
left_child=1 3 -2 4 -1 7 10 8 9 -4 -7 -12 15 14 -14 17 -17 -13 22 -20 21 -21 23 25 -25 26 -3 28 29 -27
right_child=2 18 5 -5 -6 6 -8 -9 -10 -11 11 12 13 -15 -16 16 -18 -19 19 20 -22 -23 -24 24 -26 27 -28 -29 -30 -31
leaf_value=0.00010534822849282507 -0.00048414286936892235 0.0017638496239845442 0.00039876168214541863 0.00038103521752116146 -0.0018723877705194723 0.0006010252404369061 -0.00016882741813080293 -0.00013287005669342206 0.0011450388308062176 -0.0009407851972794936 -0.00050332072665485079 -8.6024099300006357e-05 3.7444700631150118e-05 0.00024769285534044169 -0.00012224108101091221 0.0026515156775339653 -3.6014496123017239e-05 -0.0057521224463304328 -0.0008431697533588375 0.0047728841067358023 -0.00019320314174986345 -5.9729885057945596e-05 0.00072121365832663827 -0.00063600749477137292 0.00018896981184616764 -4.2306949224763818e-05 -0.0018473353689354164 -0.00049559478090846867 0.0014144793560933499 0.00012024683245033776
leaf_weight=28 20 20 30 20 28 24 34 29 25 20 33 161 134 37 94 23 150 19 32 22 19 19 32 21 27 226 24 24 32 54
leaf_count=28 20 20 30 20 28 24 34 29 25 20 33 161 134 37 94 23 150 19 32 22 19 19 32 21 27 226 24 24 32 54
internal_value=-8.8651e-05 0.00371233 -0.00295422 0.0238588 0.0138771 -0.00207103 -0.0037829 0.00908906 0.0189961 0 -0.00249444 -0.00338222 -0.00167662 0.00342126 -0.00113613 -0.00550365 0.00374333 -0.014391 0.000938545 -0.0084469 0.0129519 0.028431 0.00281563 0.00060523 0.0161899 -0.00136336 -0.0176617 0.000770947 0.00249075 0
internal_weight=1461 628 833 76 56 813 709 104 75 50 675 651 618 265 228 353 173 180 552 92 60 41 460 428 48 380 44 336 312 280
internal_count=1461 628 833 76 56 813 709 104 75 50 675 651 618 265 228 353 173 180 552 92 60 41 460 428 48 380 44 336 312 280
cat_boundaries=0 1
cat_threshold=17
is_linear=0
shrinkage=0.129519


Tree=185
num_leaves=24
num_cat=0
split_feature=14 9 14 26 13 10 15 26 2 14 13 10 14 16 15 26 13 13 14 2 10 5 17
split_gain=1.32073 1.37032 1.06224 1.11872 1.35249 1.80564 1.33333 1.00224 1.10558 1.06229 1.28381 0.989935 1.00086 0.970173 0.901398 1.46222 1.27059 0.766556 1.17584 1.12694 0.637567 0.861893 0.23445
threshold=0.836143665535245 0.89404822654372251 0.80289050446179322 8.5000000000000018 0.99037671279769313 0.029024409397335454 0.94496830006774635 23.500000000000004 51.500000000000007 0.99397208639875323 -0.36848248253529964 0.90438663683299525 0.71050481915882269 0.99572603683968142 -0.96233307514880584 -24.499999999999996 -0.36247790445086708 0.43636388447447294 0.94426316827822931 34.500000000000007 0.95436825032516992 342.50000000000006 1.0000000180025095e-35
decision_type=2 2 2 2 2 2 2 2 2 2 2 2 2 2 2 2 2 2 2 2 2 2 2
left_child=2 7 3 4 11 -6 -5 8 9 10 -2 12 13 14 16 -16 -1 18 -12 -20 21 -13 -14
right_child=1 -3 -4 6 5 -7 -8 -9 -10 -11 17 20 22 -15 15 -17 -18 -19 19 -21 -22 -23 -24
leaf_value=0.0004255643091181881 0.00017332786981842072 0.00046261423531376421 -0.0010663887264122172 -0.0087595473020642255 -3.7770254802363561e-05 0.013083078716925642 7.0480340922538087e-05 0.00074292095078435619 -0.00052453045571961682 9.2451343987122301e-05 -0.00028059122984692156 -0.00036744259607015298 0.0015638569099691781 3.1529054210193574e-05 0.00071911573254436034 -5.2096385616705543e-05 -4.9485502260519638e-06 0.00013795149734503474 -0.00016817963582571097 0.00023963876373094597 4.9784179582404343e-05 -6.8004335726402782e-05 4.6894869026394311e-05
leaf_weight=20 23 32 28 24 36 22 24 21 29 37 27 19 25 20 23 838 48 29 39 32 22 24 19
leaf_count=20 23 32 28 24 36 22 24 21 29 37 27 19 25 20 23 838 48 29 39 32 22 24 19
internal_value=-0.000975161 0.00722226 -0.00282508 -0.00222541 -0.00139268 0.0178647 -0.0215865 0.00382546 0.00119925 0.00484831 0 -0.00244838 -0.00143475 -0.00232015 -0.00292777 -0.00406158 0.0114282 -0.00509918 -0.010573 -0.00182421 -0.0179334 -0.0271087 0.0176617
internal_weight=1461 269 1192 1164 1116 58 48 237 216 187 150 1058 993 949 929 861 68 127 98 71 65 43 44
internal_count=1461 269 1192 1164 1116 58 48 237 216 187 150 1058 993 949 929 861 68 127 98 71 65 43 44
is_linear=0
shrinkage=0.129519


Tree=186
num_leaves=26
num_cat=0
split_feature=14 10 26 13 1 5 26 26 26 25 1 0 1 11 9 1 1 0 0 9 5 11 5 0 0
split_gain=1.61276 1.50324 1.60359 1.76569 1.21292 0.912156 0.820742 1.29501 1.35431 1.32756 3.6 1.60916 4.17805 4.39688 2.23745 1.16328 2.08624 1.66227 0.567573 0.84034 1.0339 1.41379 0.595238 0.699959 0.415722
threshold=0.77107255937110097 0.99445195900249039 15.500000000000002 0.37447172655954958 12.500000000000002 344.50000000000006 -26.499999999999996 -20.499999999999996 -12.499999999999998 1.0000000180025095e-35 12.500000000000002 1.0000000180025095e-35 11.500000000000002 -0.17647005552944253 -0.73866753694953124 23.500000000000004 22.500000000000004 4.5000000000000009 5.5000000000000009 0.91596454896554913 234.50000000000003 -0.80418297442179421 242.50000000000003 1.5000000000000002 2.5000000000000004
decision_type=2 2 2 2 2 2 2 2 2 2 2 2 2 2 2 2 2 2 2 2 2 2 2 2 2
left_child=5 2 3 18 -5 6 -1 -8 -9 11 -11 12 13 -10 -14 16 -13 -17 19 20 21 -2 -22 -24 -3
right_child=1 24 -4 4 -6 -7 7 8 9 10 -12 15 14 -15 -16 17 -18 -19 -20 -21 22 -23 23 -25 -26
leaf_value=0.00043004170901562755 6.3227336688215051e-05 -5.9772098696714988e-05 0.00078319161437594121 -0.0021699362826222159 0.00070204470875263555 -0.00022853098750259175 -0.00042834170667224166 0.00027687824186578309 0.00083437965677226754 5.6825745040032576e-05 -0.0016707904141817975 -9.959121267656145e-06 0.00032781057194839277 -0.00030357631028229872 -0.0003133722232627043 0.00041901258649745018 -0.0013260532259312954 -0.00018109035567517802 0.00027159808254583688 -0.0020391602900742345 -0.00037141800273844758 0.0013613074985222666 0.00077965827530831393 5.816781659399605e-05 -9.0984488657516478e-05
leaf_weight=24 38 22 19 33 24 32 24 32 22 20 20 610 21 28 71 136 28 72 29 24 28 21 19 37 27
leaf_count=24 38 22 19 33 24 32 24 32 22 20 20 610 21 28 71 136 28 72 29 24 28 21 19 37 27
internal_value=-0.000443255 0.00766624 0.0114282 0.00870287 -0.0113613 -0.00272672 -0.0021041 -0.00262862 -0.00195501 -0.00277181 -0.0259038 -0.00183529 -0.0145937 0.0155423 -0.030972 0.000306192 -0.0024361 0.00871763 0.0145379 0.0116335 0.0153974 0.0285381 0.00616758 0.0138771 -0.0132162
internal_weight=1461 321 272 253 57 1140 1108 1084 1060 1028 40 988 142 50 92 846 638 208 196 167 143 59 84 56 49
internal_count=1461 321 272 253 57 1140 1108 1084 1060 1028 40 988 142 50 92 846 638 208 196 167 143 59 84 56 49
is_linear=0
shrinkage=0.129519


Tree=187
num_leaves=40
num_cat=0
split_feature=10 2 10 13 9 9 24 11 23 15 0 16 16 26 26 2 9 2 5 15 0 22 2 13 0 12 0 12 5 17 13 10 10 15 0 15 0 5 9
split_gain=1.04109 1.49778 1.44107 1.13746 1.03934 0.9375 2.5 0.724955 0.788243 2.63158 0.856315 1.54286 2.01739 1.19284 2.02474 0.649387 1.30245 1.04004 1.03906 0.686683 0.96674 0.711111 1.6 0.679936 0.64089 1.14252 0.911392 1.08703 1.01914 2.79043 0.92985 0.886802 0.589688 0.531401 0.443021 0.7 0.667984 0.192857 0.104762
threshold=-0.21862536810265823 19.500000000000004 -0.17646730165275518 0.97876397852965835 -0.98523971305672664 -0.99866806308218525 1.0000000180025095e-35 0.98802474685579855 1.0000000180025095e-35 0.35846645684137296 1.0000000180025095e-35 -0.49065906150552457 0.66367808336324619 20.500000000000004 6.5000000000000009 31.500000000000004 -0.63921128368950708 30.500000000000004 228.50000000000003 -0.85225067186764825 1.5000000000000002 1.0000000180025095e-35 34.500000000000007 0.9800658150361089 3.5000000000000004 0.90893208180343155 1.5000000000000002 0.92273549546025402 162.50000000000003 1.0000000180025095e-35 0.7036627660344027 -0.94137724084408114 -0.90161545992537195 -0.96233307514880584 2.5000000000000004 0.88618201382888007 4.5000000000000009 269.50000000000006 1.0000000180025095e-35
decision_type=2 2 2 2 2 2 2 2 2 2 2 2 2 2 2 2 2 2 2 2 2 2 2 2 2 2 2 2 2 2 2 2 2 2 2 2 2 2 2
left_child=1 34 -2 4 37 -5 -7 8 10 -10 11 -6 -13 14 -12 17 18 23 -17 20 -20 22 -21 24 26 31 27 30 -28 -30 -3 -26 -33 -22 35 -1 -36 -4 -27
right_child=2 15 3 5 7 6 -8 -9 9 -11 13 12 -14 -15 -16 16 -18 -19 19 21 33 -23 -24 -25 25 38 28 -29 29 -31 -32 32 -34 -35 36 -37 -38 -39 -40
leaf_value=7.079251805270079e-05 -0.00043527354323479554 0.0012888266969954371 0.0010677264699651293 8.4481056434958398e-05 -0.00024448644327105021 -0.0022426075190800673 -0.00014760262271694378 0.00015032313637685065 -0.0002433021017942595 0.0017155567221203518 -2.8216727642756252e-05 0.00015861596546382125 -0.00097453378931982605 -0.00019363788092553619 0.00039114682011176993 -0.0010700172206096453 0.001868742524485028 -0.00066325628871251199 6.9795957332938066e-05 -0.00018064884265715694 -0.00074573891633385344 -4.243016417543409e-05 0.013057399765327778 5.4547506701037483e-05 -0.00087100291524241989 -0.00015409692154421295 -0.00021674496496627122 -0.00036417421776386178 0.0081177370283825288 5.0999244447216691e-05 -0.00055170151831770487 0.0002701585489527621 -0.0010214534601364577 -0.0008985171853022984 -5.5302262756564962e-07 0.00056391503618120746 0.000204268282086751 0.00017794735881855204 0.0011596514957272928
leaf_weight=21 20 26 20 24 27 20 20 36 19 19 464 34 29 33 40 20 22 28 19 20 22 32 20 32 26 22 24 26 19 36 27 21 29 23 33 24 36 28 20
leaf_count=21 20 26 20 24 27 20 20 36 19 19 464 34 29 33 40 20 22 28 19 20 22 32 20 32 26 22 24 26 19 36 27 21 29 23 33 24 36 28 20
internal_value=-0.00150707 0.00247489 -0.00450907 -0.00366413 -0.002248 -0.0202374 -0.0323798 -0.0035105 -0.00447961 0.0136336 -0.00557738 -0.0172692 -0.00616758 -0.00361785 -0.00205586 -0.000503966 0.00582109 -0.00385474 0.0016605 0.00571408 -0.00404747 0.014391 0.0259038 -0.00168207 -0.00375418 -0.0109762 0.00163948 -0.00819741 0.0114764 0.021194 0.00244376 -0.0204504 -0.0103615 -0.014391 0.0159059 0.0259038 0.00938545 0.0161899 0.00616758
internal_weight=1461 628 833 813 749 64 40 701 665 38 627 90 63 537 504 514 178 336 156 136 64 72 40 308 276 118 158 79 79 55 53 76 50 45 114 45 69 48 42
internal_count=1461 628 833 813 749 64 40 701 665 38 627 90 63 537 504 514 178 336 156 136 64 72 40 308 276 118 158 79 79 55 53 76 50 45 114 45 69 48 42
is_linear=0
shrinkage=0.129519


Tree=188
num_leaves=38
num_cat=0
split_feature=16 12 0 16 1 9 10 22 0 0 11 9 1 0 9 1 0 1 10 1 1 15 15 26 11 9 11 10 26 13 1 1 0 1 12 5 5
split_gain=1.05253 1.07659 1.36826 2.51138 2.8076 1.005 0.941919 1.25742 2.69188 2.45098 2.46377 1.13837 1.91136 2.39021 1.90915 1.46346 1.92631 2.16399 1.58038 1.13092 2.27879 0.923703 2.35111 0.916401 0.891796 1.66709 1.26891 2.00784 1.40276 0.879544 0.723508 0.419048 0.414663 1.26363 0.4 0.226991 0.223545
threshold=0.99840062925627227 0.16587474750015926 1.0000000180025095e-35 -0.65233204557453861 19.500000000000004 0.091259403071267911 -0.26037106507032776 1.0000000180025095e-35 1.0000000180025095e-35 5.5000000000000009 0.92919371535393525 -0.98523971305672664 8.5000000000000018 2.5000000000000004 -0.96689237009891416 28.500000000000004 3.5000000000000004 23.500000000000004 0.097680735332368721 8.5000000000000018 13.500000000000002 -0.97410815583833232 -0.99467753128998015 22.500000000000004 -0.91597725483594616 0.54219432480460406 0.75011860976965206 -0.77243990499604276 12.500000000000002 -0.23955531300190366 4.5000000000000009 20.500000000000004 1.5000000000000002 8.5000000000000018 -0.90892157495189674 96.500000000000014 326.50000000000006
decision_type=2 2 2 2 2 2 2 2 2 2 2 2 2 2 2 2 2 2 2 2 2 2 2 2 2 2 2 2 2 2 2 2 2 2 2 2 2
left_child=1 6 3 -3 5 -5 7 8 -1 10 19 32 13 35 34 16 18 -18 -16 30 -21 22 -4 24 36 26 28 -28 -26 -15 -10 -9 -8 -34 -14 -13 -23
right_child=-2 2 21 4 -6 -7 11 31 9 -11 -12 12 14 29 15 -17 17 -19 -20 20 -22 23 -24 -25 25 -27 27 -29 -30 -31 -32 -33 33 -35 -36 -37 -38
leaf_value=0.0019931070194597069 1.5593482025617532e-05 -0.00043557893469068585 0.00061727277094226444 -1.3425422260958341e-05 -0.00038118992757338815 0.00080696642667224777 0.00095754084059111288 -0.00021373870583578304 1.2827200569088144e-05 0.00028648562899682241 -0.0014141463136232916 0.0012756745117657878 -0.00037889728563812643 -0.0032892603249421487 0.00012443730553272591 -0.00022350562316839331 0.00023078803004688986 0.001921471008506275 -2.2447633231955811e-05 -0.0038106048789691401 0.00027146838470778551 -0.00036521139359394774 -0.0012388120490900874 -0.00016855806795454737 8.3532430584613255e-06 0.0001747878818469898 7.4770316097065465e-05 -0.00049402450549967773 0.00039078080777583924 -0.00046172778338018553 0.00056414506614870094 -5.9974648402165441e-05 0.00030734330987972633 -0.00028909645039421414 -0.00025358521206745568 -0.00021282076792968359 -0.00025408930471171245
leaf_weight=34 25 19 20 27 29 19 23 20 21 34 23 20 20 22 21 25 98 24 144 27 76 27 25 27 285 27 51 34 29 27 23 22 19 34 20 19 21
leaf_count=34 25 19 20 27 29 19 23 20 21 34 23 20 20 22 21 25 98 24 144 27 76 27 25 27 285 27 51 34 29 27 23 22 19 34 20 19 21
internal_value=-0.000443255 -0.000901944 -0.00485697 -0.0192901 -0.00863461 0.0112625 0.00227797 0.00832623 0.0119724 0.00634898 0 -0.00100402 -0.00353234 -0.0206053 0.000735904 0.00415125 0.00676929 0.0191094 -0.00235489 0.00616758 -0.00125747 -0.00237215 -0.0201474 -0.000775564 0.000546494 0.00243228 0.000324609 -0.0137138 0.00412481 -0.0396487 0.0235489 -0.0123352 0.0136336 0.00733127 -0.0259038 0.003321 -0.0161899
internal_weight=1461 1436 640 94 75 46 796 280 238 204 170 516 440 88 352 312 287 122 165 147 103 546 45 501 474 426 399 85 314 49 44 42 76 53 40 39 48
internal_count=1461 1436 640 94 75 46 796 280 238 204 170 516 440 88 352 312 287 122 165 147 103 546 45 501 474 426 399 85 314 49 44 42 76 53 40 39 48
is_linear=0
shrinkage=0.129519


Tree=189
num_leaves=31
num_cat=0
split_feature=16 9 0 10 22 15 15 13 12 9 12 15 16 10 13 2 26 1 0 9 16 15 0 15 15 2 12 0 0 1
split_gain=1.06674 1.03594 0.834792 1.4736 1.47555 1.97036 2.91667 2.21251 3.38142 2.06499 1.67456 1.45979 4.2753 1.4417 1.62857 1.80097 4.16739 1.31693 1.14487 3.44743 2.91087 0.892046 4.00476 1.58506 1.66152 0.834159 0.809195 0.949628 0.414663 1.26363
threshold=0.99840062925627227 -0.98523971305672664 1.5000000000000002 -0.97507822412530132 1.0000000180025095e-35 0.93771544905322113 0.97580649958185817 0.81428814218200329 0.33222858587828868 -0.85227431625818906 -0.29343329057636969 -0.94137016754773739 0.17435360825960225 -0.26037106507032776 0.98372640911059162 6.5000000000000009 20.500000000000004 19.500000000000004 4.5000000000000009 -0.85227431625818906 0.92104391872432934 -0.72694302724356785 4.5000000000000009 -0.58829035820871456 -0.44312992910900667 19.500000000000004 -0.65234411079832233 4.5000000000000009 1.5000000000000002 8.5000000000000018
decision_type=2 2 2 2 2 2 2 2 2 2 2 2 2 2 2 2 2 2 2 2 2 2 2 2 2 2 2 2 2 2
left_child=1 28 3 -3 5 7 -7 9 -9 -5 -11 12 26 21 15 16 17 -15 20 -20 -17 22 -13 -23 -25 -26 -4 -28 -1 -30
right_child=-2 2 11 4 -6 6 -8 8 -10 10 -12 13 -14 14 -16 18 -18 -19 19 -21 -22 23 -24 24 25 -27 27 -29 29 -31
leaf_value=0.00083352096865669156 1.3573827550478194e-05 -0.00023144977990835833 0.0035152407217966851 0.0029956425380052356 -0.0010654577811189982 -0.001949276472646986 1.5101980772942154e-05 -0.00064198640512996396 4.469232591004688e-05 -0.00011707006065164693 0.00017924732633313494 -0.00026251940756997312 -0.0019698383510042333 0.00023957723174731056 -0.00097828198464759838 -5.0440097244676028e-05 -0.0099592308033770605 -1.0783853068793554e-05 -0.00091240872349329118 -3.2288945403146617e-05 0.00066837030237037077 -0.00048503043009174055 0.00032506251861213239 0.00012154651053958857 0.00030683768897763668 7.2713381511171093e-06 -0.00050596363905005377 6.8477345718883197e-05 0.00026753646685503967 -0.00025165292502718538
leaf_weight=23 25 30 30 31 20 20 28 20 29 78 135 35 26 57 20 197 22 20 33 113 24 25 21 21 78 189 34 24 19 34
leaf_count=23 25 30 30 31 20 20 28 20 29 78 135 35 26 57 20 197 22 20 33 113 24 25 21 21 78 189 34 24 19 34
internal_value=-0.000620557 -0.00108233 -0.00190469 -0.00695627 -0.00466412 -0.00265875 -0.0269832 0.00132613 -0.0237892 0.00636979 0.00182421 0.000133663 -0.0136336 0.0019693 -0.002665 -0.00111175 0.014391 0.0285951 -0.0052937 -0.0141939 0.000586059 0.00807301 0.0231284 0.00537939 0.00809495 0.00533599 0 -0.00893235 0.0136336 0.00733127
internal_weight=1461 1436 1360 391 361 341 48 293 49 244 213 969 114 855 486 466 99 77 367 146 221 369 56 313 288 267 88 58 76 53
internal_count=1461 1436 1360 391 361 341 48 293 49 244 213 969 114 855 486 466 99 77 367 146 221 369 56 313 288 267 88 58 76 53
is_linear=0
shrinkage=0.129519


Tree=190
num_leaves=41
num_cat=0
split_feature=13 16 15 13 13 15 13 0 1 11 12 1 10 15 17 1 16 0 13 9 14 0 13 0 1 1 0 10 5 1 12 15 14 26 5 0 5 16 14 5
split_gain=1.7248 2.22071 1.20277 1.24819 1.46104 2.72727 1.17047 1.20262 2.54079 2.23846 3.00388 2.03856 2.3876 3.3 1.80564 1.80023 1.68828 1.83007 1.29355 2.41204 1.4675 1.24444 1.15078 1.2547 2.78943 2.52781 3.14706 2.65098 2.37056 3.32814 2.03612 1.9335 1.6 0.692746 1.64176 2.07753 2.48406 1.12112 0.683448 0.4
threshold=0.99618957151386123 0.99840062925627227 -0.67801140019997397 0.9800658150361089 0.81428814218200329 -0.97874135047973931 0.34133941183414723 4.5000000000000009 26.500000000000004 0.14250626876356548 0.14889004263668557 26.500000000000004 0.029024409397335454 0.94135275643221283 1.0000000180025095e-35 15.500000000000002 -0.85227283847737434 2.5000000000000004 -0.12546058073178529 -0.59869031648930193 -0.96350018336582322 1.5000000000000002 0.389370039738278 1.5000000000000002 12.500000000000002 22.500000000000004 2.5000000000000004 0.13185577213185917 136.50000000000003 22.500000000000004 0.61746585276059895 -0.34638462372468865 -0.20812201737948546 -25.499999999999996 68.500000000000014 4.5000000000000009 247.50000000000003 0.61067742788105595 -0.22700609751797862 152.50000000000003
decision_type=2 2 2 2 2 2 2 2 2 2 2 2 2 2 2 2 2 2 2 2 2 2 2 2 2 2 2 2 2 2 2 2 2 2 2 2 2 2 2 2
left_child=1 2 3 4 33 -6 7 11 9 10 15 16 13 -13 -11 -9 17 21 19 -18 -20 -4 -8 24 -24 26 32 -28 -26 -30 31 -27 -25 -1 -35 37 -37 -36 -14 -2
right_child=39 -3 6 -5 5 -7 22 8 -10 14 -12 12 38 -15 -16 -17 18 -19 20 -21 -22 -23 23 25 28 30 27 -29 29 -31 -32 -33 -34 34 35 36 -38 -39 -40 -41
leaf_value=0.00039967257864276928 -0.0017070510963621565 2.9995998052533495e-05 8.2384722755094451e-05 0.00010048466510411054 0.00013662616793894101 -0.0012850312716294423 0.001293765593894156 -0.00027177136312331524 -0.00044958684865800252 0.0010861400842450384 -0.0018694878555069849 -0.00052144220004415919 0.00020202480986326513 0.00054910063408878046 -8.2466621925217549e-05 0.0034776571475721029 -0.0017423199494345546 0.0032586699062847504 0.00016003801926147993 -8.6626759798700431e-05 -0.00017109775472196948 -0.00025774823107887731 -0.00097604656824175947 0.0024214693648853328 0.00040229846771400993 -0.00013645276187627722 0.0027948696892699911 1.0051185157681162e-06 -0.0022320945352199261 0.00013897865644928989 8.3255221259666189e-05 -0.0030661868665032817 0.00032018216522995913 -0.0067836121932063429 -0.0001851148322760323 0.00042710275894082686 -3.4360940126644247e-05 0.0019145181757335697 0.00030176901341419469 -9.9945779302806049e-05
leaf_weight=21 20 21 36 20 24 20 20 41 35 22 24 20 19 24 36 21 23 34 20 187 51 20 31 20 35 28 45 108 22 20 20 23 20 30 161 28 45 23 23 20
leaf_count=21 20 21 36 20 24 20 20 41 35 22 24 20 19 24 36 21 23 34 20 187 51 20 31 20 35 28 45 108 22 20 20 23 20 30 161 28 45 23 23 20
internal_value=0.000620557 0.0013672 0.000740109 -0.00557072 -0.00735904 -0.0294362 0.00302379 -0.000407293 -0.00940642 -0.00179888 -0.0150604 0.00311753 0.0210845 0 0.0178647 0 -0.00104732 0.014391 -0.00599199 -0.0111016 0.00912107 0 0.00859056 0.00696339 -0.00479701 0.0117745 0.0194614 0.0110049 0.00841033 -0.0123352 -0.00912107 -0.0228563 0.0518077 -0.00420517 -0.00586672 -0.00251983 0.0159681 -0.00985472 0.043173 -0.0259038
internal_weight=1461 1421 1400 372 352 44 1028 636 179 144 86 457 86 44 58 62 371 90 281 210 71 56 392 372 108 264 193 153 77 42 71 51 40 308 287 257 73 184 42 40
internal_count=1461 1421 1400 372 352 44 1028 636 179 144 86 457 86 44 58 62 371 90 281 210 71 56 392 372 108 264 193 153 77 42 71 51 40 308 287 257 73 184 42 40
is_linear=0
shrinkage=0.129519


Tree=191
num_leaves=31
num_cat=1
split_feature=15 10 26 0 10 1 1 12 20 0 9 26 1 12 1 26 12 1 12 1 16 1 11 13 0 15 11 0 1 1
split_gain=1.46786 1.40037 3.27215 1.92422 1.75862 1.53568 1.38679 4.14875 1.65158 3.43077 1.59441 1.30956 1.30395 1.15257 1.02537 0.973889 0.933427 1.47671 1.47123 0.932457 0.90797 0.9045 0.86689 0.739623 1.36113 2.63158 1.85035 1.02267 0.615654 1.34161
threshold=-0.74153902972098529 0.95178258287705175 8.5000000000000018 3.5000000000000004 0.99138911339924218 29.500000000000004 3.5000000000000004 -0.98801846520836334 0 3.5000000000000004 0.45273815774107123 15.500000000000002 5.5000000000000009 -0.51297720034420879 20.500000000000004 -19.499999999999996 0.74299920719979384 17.500000000000004 -0.82413948779581736 23.500000000000004 -0.97111920233974824 14.500000000000002 -0.47653456831620439 -0.016126489383873798 2.5000000000000004 -0.97410815583833232 0.66527693225344786 4.5000000000000009 4.5000000000000009 8.5000000000000018
decision_type=2 2 2 2 2 2 2 2 9 2 2 2 2 2 2 2 2 2 2 2 2 2 2 2 2 2 2 2 2 2
left_child=14 2 5 4 -3 6 8 -8 -2 -10 12 -5 -9 -7 16 -12 17 18 -1 -14 -17 -18 -23 24 25 -20 -26 28 -25 -30
right_child=1 3 -4 11 -6 13 7 10 9 -11 15 -13 19 -15 -16 20 21 -19 23 -21 -22 22 -24 27 26 -27 -28 -29 29 -31
leaf_value=-0.00024978018717732167 0.0018731511820448306 0.00043421561416589311 -0.0002955148540758538 0.00014749524509692657 -0.000627047506149185 4.7423270015793399e-05 -0.00063508988259508169 -0.00099584540545575835 0.00025852648086766629 -0.0013683582682116596 -4.931916147843809e-05 0.0014399300254362868 -6.0328617915533291e-05 0.00071513384615079717 -0.0011900468062170568 -6.1194428785342814e-05 -0.00037260853454496907 0.0066099477587991786 -6.4949469394498616e-05 0.00014346306599607864 0.00012098948410987921 0.00038144172505503928 -0.00063657461291458215 -0.0010656131293024125 -0.00069465987985561017 0.0017997882757007941 0.0031713148474820248 0.0001191199570028689 0.0038874576894196398 -0.0012931442534066791
leaf_weight=22 32 34 27 30 35 23 36 24 27 22 23 22 319 22 31 50 30 19 19 140 251 26 20 31 30 19 22 29 21 25
leaf_count=22 32 34 27 30 35 23 36 24 27 22 23 22 319 22 31 50 30 19 19 140 251 26 20 31 30 19 22 29 21 25
internal_value=0.000620557 0.00289882 0.00130039 0.0160561 0.00187709 0.00253959 0.00140172 -0.000153641 0.017589 0.00264325 0.00176544 0.0348705 -0.00294971 0.0259038 -0.00677716 0.00879451 -0.00455179 -0.000546494 -0.00356475 -0.00141088 0.0107574 -0.017042 -0.00563127 0 0.00863461 0.0272672 -0.00498151 -0.00733127 -0.0151386 -0.00563127
internal_weight=1461 1117 996 121 69 969 924 843 81 49 807 52 483 45 344 324 313 237 218 459 301 76 46 196 90 38 52 106 77 46
internal_count=1461 1117 996 121 69 969 924 843 81 49 807 52 483 45 344 324 313 237 218 459 301 76 46 196 90 38 52 106 77 46
cat_boundaries=0 1
cat_threshold=8
is_linear=0
shrinkage=0.129519


Tree=192
num_leaves=25
num_cat=0
split_feature=12 15 15 0 10 13 16 1 0 12 13 1 11 13 8 1 1 1 23 15 11 26 16 11
split_gain=2.07851 1.43312 1.46119 1.27981 5.30643 4.50047 1.35792 1.29772 3.80955 2.39554 2.28778 1.64166 1.41207 1.46667 1.18141 1.52324 1.70135 1.16299 1.01006 1.48712 2.74832 1.43016 1.22468 0.421053
threshold=-0.99763124042248752 -0.99885295938472651 -0.72694302724356785 4.5000000000000009 -0.45273527932988084 -0.016126489383873798 -0.49440184119708153 11.500000000000002 3.5000000000000004 0.57605713708605399 -0.74155617376233318 3.5000000000000004 0.42178632996157733 -0.45657271912439468 1.0000000180025095e-35 29.500000000000004 28.500000000000004 12.500000000000002 1.0000000180025095e-35 0.80609824070534708 0.77241981449888963 21.500000000000004 0.27280117299209999 -0.48314718476766416
decision_type=2 2 2 2 2 2 2 2 2 2 2 2 2 2 2 2 2 2 2 2 2 2 2 2
left_child=-1 -2 3 6 -5 17 -3 8 9 11 -9 -8 23 -14 15 16 18 -6 19 21 -21 -4 -20 -12
right_child=1 2 14 4 5 -7 7 10 -10 -11 12 -13 13 -15 -16 -17 -18 -19 22 20 -22 -23 -24 -25
leaf_value=-0.00024131469528611987 0.00014008702274959897 0.00020738184069897837 6.1414386268082466e-05 0.00020752850747180406 0.0026209989563356468 -0.0066022228594052662 -0.006266202783658332 0.0054957709513227121 -0.0088829815709853838 -0.0023549296137618781 -0.00062640685974097202 0.0015666812352495469 -9.6347563359559866e-05 0.00051635390644251089 -7.5305669723112306e-05 0.00074021558524397049 -0.00025288582120590222 -0.00086728923996181966 0.00010531902945290397 -1.5999559902498846e-05 -0.0015626899702162465 0.0015280166110648425 0.00076028285310906639 -0.0011392571946037254
leaf_weight=32 24 35 685 32 21 23 20 19 20 25 19 29 20 24 27 20 37 22 27 212 25 25 19 19
leaf_count=32 24 35 685 32 21 23 20 19 20 25 19 29 20 24 27 20 37 22 27 212 25 25 19 19
internal_value=0.000265953 0.000996998 0.000460922 -0.00710776 0.0052865 -0.0156993 -0.0123888 -0.016605 -0.0275573 -0.0140021 -0.00641184 0.00264325 -0.015795 0 0.00276596 0.00345384 0.00276643 0.00903622 0.00378253 0.00287212 -0.00601144 0.00583748 0.0225251 -0.034084
internal_weight=1461 1429 1405 328 98 66 230 195 94 74 101 49 82 44 1077 1050 1030 43 993 947 237 710 46 38
internal_count=1461 1429 1405 328 98 66 230 195 94 74 101 49 82 44 1077 1050 1030 43 993 947 237 710 46 38
is_linear=0
shrinkage=0.129519


Tree=193
num_leaves=21
num_cat=0
split_feature=12 14 12 26 15 13 1 2 12 17 14 13 15 13 1 26 1 5 1 11
split_gain=2.01133 1.61841 1.72941 1.54963 1.47739 1.25119 1.81756 1.47826 1.29965 1.26913 1.67992 1.32719 1.50538 1.34967 1.20544 1.19639 0.880814 0.771429 0.724638 1.51779
threshold=-0.99763124042248752 -0.98992565105027064 0.9962940241937881 -23.499999999999996 -0.99885295938472651 -0.66848768697056715 29.500000000000004 49.500000000000007 0.98005052076767474 1.0000000180025095e-35 -0.97313470967538551 -0.37447172655954947 0.59868754826434312 -0.080548585221044036 27.500000000000004 6.5000000000000009 25.500000000000004 303.50000000000006 27.500000000000004 0.091256449300296916
decision_type=2 2 2 2 2 2 2 2 2 2 2 2 2 2 2 2 2 2 2 2
left_child=-1 2 17 -3 -5 6 7 14 9 10 -7 12 -11 -13 16 -12 -6 -2 19 -10
right_child=1 3 -4 4 5 8 -8 -9 18 11 15 13 -14 -15 -16 -17 -18 -19 -20 -21
leaf_value=-0.00021005982203523409 -0.0025553494450404352 -0.00049311052587167666 0.0011319929735902038 0.0001219430711972167 -2.6181278541704074e-05 0.00060070477303365475 0.0011193976210203333 -0.0029870456686950484 -0.00072682239155250788 0.00035238703553769872 -3.5862364619815098e-05 -0.00025858879952827358 -2.4634444315953839e-05 9.655990270530285e-05 -0.00025135480073116325 0.00014501007594167322 0.0014694959085000882 -3.2835990278165553e-05 0.00016928936855277834 0.00070207567173349666
leaf_weight=32 28 26 20 22 271 20 19 30 22 42 506 26 20 191 24 71 24 20 23 24
leaf_count=32 28 26 20 22 271 20 19 30 22 42 506 26 20 191 24 71 24 20 23 24
internal_value=-0.000265953 0.000453181 -0.0190469 0.00142747 0.00203738 0.00147966 -0.00492736 -0.00705119 0.00397466 0.0053227 0.00195255 0.0125341 0.0292463 0.00775921 -0.00446618 0.00067341 -0.00219524 -0.0323798 -0.0131396 -0.0225251
internal_weight=1461 1429 68 1361 1335 1313 368 349 945 876 597 279 62 217 319 577 295 48 69 46
internal_count=1461 1429 68 1361 1335 1313 368 349 945 876 597 279 62 217 319 577 295 48 69 46
is_linear=0
shrinkage=0.129519


Tree=194
num_leaves=29
num_cat=1
split_feature=12 15 13 0 12 13 16 1 2 0 11 15 0 13 13 19 1 15 0 13 1 0 10 9 1 0 2 1
split_gain=2.1698 1.36766 1.08265 1.87969 2.96393 2.09015 0.861781 0.844421 0.823188 1.24457 3.78947 1.26888 1.97533 0.760827 1.69082 1.10429 1.58334 1.69737 1.292 1.28878 1.97829 1.08929 1.38537 0.664631 0.762757 0.9 0.643678 0.590953
threshold=-0.99763124042248752 -0.99885295938472651 -0.55657263146136127 1.0000000180025095e-35 -0.029024744910506797 -0.89976119816908495 0.61067742788105595 1.5000000000000002 48.500000000000007 1.5000000000000002 0.58481550752069722 0.97113435722967201 3.5000000000000004 -0.37447172655954947 -0.45657271912439468 0 28.500000000000004 0.90620637762200806 1.0000000180025095e-35 0.99037671279769313 3.5000000000000004 1.5000000000000002 0.71952396275653763 0.98213580174693116 10.500000000000002 3.5000000000000004 33.500000000000007 11.500000000000002
decision_type=2 2 2 2 2 2 2 2 2 2 2 2 2 2 2 9 2 2 2 2 2 2 2 2 2 2 2 2
left_child=-1 -2 3 4 -3 -6 8 -4 9 10 -5 12 -11 14 26 18 19 -18 -15 20 -17 -20 -23 -8 -25 -26 -9 -10
right_child=1 2 7 6 5 -7 23 13 27 11 -12 -13 -14 15 -16 16 17 -19 21 -21 -22 22 -24 24 25 -27 -28 -29
leaf_value=-0.00018285305327622189 0.00010614910875491392 -0.0008468078169622255 0.00016564290473652116 0.0054096270307460023 -0.00013042373680002321 0.0011462668779706143 0.0012875981254732117 -0.00034036016124578078 -0.0095995897128596849 -0.00018140396667984117 -0.00055752293862058704 0.003814257673584572 1.6409189102628462e-05 0.00058850538524091774 0.00031026575572986253 -0.00059548840584654618 -0.00023404558633535001 7.7934737829458124e-05 -0.00053553370656237971 0.00056444217219292871 1.2053003345099708e-05 0.00012375544560428087 0.00026330719522791739 0.00039872896122516651 0.0016286043416892453 -0.00056639214305481992 0.00024350088887732879 -0.00030981069065071104
leaf_weight=32 24 23 32 19 19 20 21 29 22 72 19 20 112 30 36 34 37 25 32 19 501 148 23 22 20 20 27 23
leaf_count=32 24 23 32 19 19 20 21 29 22 72 19 20 112 30 36 34 37 25 32 19 501 148 23 22 20 20 27 23
internal_value=0.000975161 0.00172209 0.0011984 -0.00419738 -0.0250682 -0.003321 -0.000700103 0.00359406 -0.00406158 -0.00107041 0.0204504 -0.00507918 -0.0084469 0.00289044 0.0140782 0.0016781 -0.0012414 -0.0208902 0.00906101 0.000935156 -0.000242092 0.00574223 0.00984648 0.0109233 0.00417804 -0.00647596 0 -0.0201474
internal_weight=1461 1429 1405 432 62 39 370 973 287 242 38 204 184 941 92 849 616 62 233 554 535 203 171 83 62 40 56 45
internal_count=1461 1429 1405 432 62 39 370 973 287 242 38 204 184 941 92 849 616 62 233 554 535 203 171 83 62 40 56 45
cat_boundaries=0 1
cat_threshold=21
is_linear=0
shrinkage=0.129519


Tree=195
num_leaves=36
num_cat=1
split_feature=12 12 0 13 13 1 0 11 0 11 16 9 9 9 1 9 16 26 20 1 9 12 12 16 13 13 13 1 0 0 16 0 12 9 1
split_gain=2.03361 0.966443 2.07451 1.02773 1.82231 1.00993 1.53559 3.24482 2.34059 1.672 1.55371 1.51779 1.50501 1.58694 1.44831 1.44183 1.00984 3.16321 3.01556 2.58857 2.11575 2.08151 1.90066 1.29297 1.47581 4.04724 3.11538 2.16722 2.02059 0.964286 0.924483 0.859524 0.724286 2.52806 0.380952
threshold=-0.99763124042248752 -0.97876680704815899 2.5000000000000004 -0.46801289393397988 -0.37447172655954947 9.5000000000000018 3.5000000000000004 -0.59869031648930193 1.5000000000000002 -0.61237701952678392 0.46419330791565666 -0.59869031648930193 0.9550229469509578 0.97875492728876534 6.5000000000000009 -0.30983472475487861 -0.21862536810265687 2.5000000000000004 0 28.500000000000004 0.69056404122701587 -0.5074255885747686 -0.51297720034420879 -0.15101602693478733 0.81428814218200329 0.76070426302234284 0.8697593477501786 10.500000000000002 3.5000000000000004 2.5000000000000004 0.61067742788105595 3.5000000000000004 0.86440617605192027 -0.30983472475487861 21.500000000000004
decision_type=2 2 2 2 2 2 2 2 2 2 2 2 2 2 2 2 2 2 9 2 2 2 2 2 2 2 2 2 2 2 2 2 2 2 2
left_child=-1 2 -2 5 29 14 7 8 -7 11 15 -8 32 -14 31 34 17 18 20 21 -6 -20 -21 -18 25 28 -26 -28 -25 -5 -12 -3 33 -9 -11
right_child=1 3 -4 4 16 6 9 12 -10 10 30 -13 13 -15 -16 -17 23 -19 19 22 -22 -23 -24 24 26 -27 27 -29 -30 -31 -32 -33 -34 -35 -36
leaf_value=-0.00015917008197217659 -7.4710843096915369e-05 0.00079905403022025761 0.00056210232978867139 8.328492124032011e-05 0.0005926539675996411 -0.00023586184539188025 0.00010591480695344016 -1.8690192406780086e-05 -0.0064940957985518645 0.00010430795060910879 0.0023077616557026174 0.002674620621995881 -0.0006774390026289454 0.00040712665991556518 0.0010656312160209848 -0.0032578898983031458 -0.0003950263161243804 -0.00018934193375889533 0.00022053165870059287 6.7840697141979725e-05 2.2507125014396763e-05 1.2912957291576419e-05 -0.0004077574064040033 -0.00033286573469814933 -0.00039248652812863213 0.00020291512012064115 -0.0002063564963328487 0.00011320126990418826 0.00039231490084346059 0.0020550263923571179 -0.0001133595369576156 -0.00079603401371851606 -0.00069146243781631142 0.0045460825502762186 -0.00031334409694452095
leaf_weight=32 30 28 34 21 35 32 24 58 29 21 21 22 25 24 29 22 24 21 34 19 30 237 28 174 32 24 26 46 131 27 33 20 25 22 21
leaf_count=32 30 28 34 21 35 32 24 58 29 21 21 22 25 24 29 22 24 21 34 19 30 237 28 174 32 24 26 46 131 27 33 20 25 22 21
internal_value=-8.8651e-05 0.000634453 0.0161899 -9.48858e-05 0.00242225 -0.0051126 -0.00786 -0.0150604 -0.040342 0.0015795 -0.00658572 0.0225251 -0.0050462 -0.0237892 0.00841033 -0.0202374 0.001053 0.00577066 0.00845425 0.00325834 0.0338742 0.00812482 -0.0248015 -0.00311753 -0.0014956 0.00275573 -0.0149445 0 -0.00127396 0.0269832 0.00959401 -0.00539663 0.00370055 0.00971394 -0.00616758
internal_weight=1461 1429 64 1365 909 456 379 215 61 164 118 46 154 49 77 64 861 404 383 318 65 271 47 457 433 329 104 72 305 48 54 48 105 80 42
internal_count=1461 1429 64 1365 909 456 379 215 61 164 118 46 154 49 77 64 861 404 383 318 65 271 47 457 433 329 104 72 305 48 54 48 105 80 42
cat_boundaries=0 1
cat_threshold=8
is_linear=0
shrinkage=0.129519


Tree=196
num_leaves=36
num_cat=1
split_feature=11 11 11 12 15 0 13 26 9 9 16 1 19 26 2 0 0 0 10 10 2 1 5 11 13 11 9 0 14 9 14 0 11 11 2
split_gain=2.26376 2.17331 2.00252 1.7556 1.54351 1.55018 2.07872 2.65974 1.88462 1.48596 1.18642 1.2356 0.98284 1.98573 1.76119 4.21131 2.8513 1.56439 2.40455 1.81379 1.37724 2.03938 1.04515 0.972352 0.942391 1.34444 0.917016 1.08971 2.40702 1.29172 1.47916 1.47308 3.63394 1.97686 0.593939
threshold=-0.67803021058859214 -0.51941337148263467 -0.48314718476766416 -0.99763124042248752 0.80609824070534708 2.5000000000000004 -0.75014982656592333 2.5000000000000004 -0.30163705152652737 0.37446826358596375 -0.96797918525527737 16.500000000000004 0 -11.499999999999998 6.5000000000000009 3.5000000000000004 1.5000000000000002 1.0000000180025095e-35 0.31595530242620651 0.47369649395226454 26.500000000000004 14.500000000000002 46.500000000000007 -0.98523971305672664 0.62671365618031138 -0.59869031648930193 -0.861146256326485 1.0000000180025095e-35 0.10623691595609522 -0.55657520495441892 -0.14463635294482105 3.5000000000000004 -0.85227431625818906 -0.91597725483594616 45.500000000000007
decision_type=2 2 2 2 2 2 2 2 2 2 2 2 9 2 2 2 2 2 2 2 2 2 2 2 2 2 2 2 2 2 2 2 2 2 2
left_child=10 24 -3 -4 12 8 -7 -8 -6 -10 11 -1 13 -5 15 16 -14 18 -16 -19 22 -22 -15 -12 25 -2 -25 28 -28 34 -31 32 -32 -33 -29
right_child=1 2 3 4 5 6 7 -9 9 -11 23 -13 14 20 17 -17 -18 19 -20 -21 21 -23 -24 26 -26 -27 27 29 -30 30 31 33 -34 -35 -36
leaf_value=-0.00045568885980025122 -0.00073415470550181603 0.00060956128982214155 -0.00013855450888631285 0.0013145660392673343 -0.00048289230597531253 5.371192678624241e-05 -0.0012357511055302306 -2.2633115628466794e-05 0.0007227451172502385 -2.4020956924198352e-05 0.0052718111491890079 0.00035835017878885515 0.00027208288763372232 0.00015477648179463245 -0.00049379327647019761 0.0002542766097352953 -0.00053101737771872246 4.2634823718268154e-05 0.00011603558770126855 -0.00016604687657013984 -6.7243414532672287e-05 0.0007707577061147647 -0.0004857323381555165 0.00011141262208003829 -0.00048628162608387623 0.0029555426405514984 5.6840867521340833e-05 1.1240482090784611e-05 -0.0001105110803943052 0.00070832641667262035 0.00069655394621157972 -0.0033427946504154273 -0.00013120833529772899 7.9337499172277816e-05 -0.0017494097964846935
leaf_weight=26 36 20 32 19 25 36 20 35 21 19 20 34 22 26 44 28 21 286 20 93 101 71 46 36 32 24 19 33 21 22 42 24 34 51 22
leaf_count=26 36 20 32 19 25 36 20 35 21 19 20 34 22 26 44 28 21 286 20 93 101 71 46 36 32 24 19 33 21 22 42 24 34 51 22
internal_value=-0.000443255 -0.00348752 -0.00170939 -0.00255012 -0.00152702 -0.013284 -0.0241959 -0.0400332 0.0019926 0.0194279 0.00809495 -0.00863461 0.000833457 0.00711644 -0.00247174 0.0164179 -0.00903622 -0.005555 -0.0242848 -0.00239217 0.00424653 0.0105423 -0.0107933 0.011193 -0.0225251 -0.0129519 0.0093731 0.00676593 -0.0129519 0.0102252 0.015722 0.0111507 0.0238588 -0.00172692 -0.00706468
internal_weight=1461 1077 985 965 933 156 91 55 65 40 384 60 777 263 514 71 43 443 64 379 244 172 72 324 92 60 304 268 40 228 173 151 76 75 55
internal_count=1461 1077 985 965 933 156 91 55 65 40 384 60 777 263 514 71 43 443 64 379 244 172 72 324 92 60 304 268 40 228 173 151 76 75 55
cat_boundaries=0 1
cat_threshold=21
is_linear=0
shrinkage=0.129519


Tree=197
num_leaves=30
num_cat=0
split_feature=12 12 12 16 0 12 12 12 16 12 15 14 15 14 26 9 11 13 2 13 26 0 0 1 5 12 10 0 1
split_gain=1.90182 1.56863 1.13164 0.998902 1.8957 2.4938 3.0839 1.52231 2.22271 1.38383 1.21834 1.06875 1.18884 1.68048 1.83417 0.754514 1.04104 2.12532 1.27059 0.980031 0.987796 2.20493 0.972347 2.17037 0.754755 0.694231 0.625 0.342857 0.1
threshold=-0.99763124042248752 -0.99273797715557011 0.16587474750015926 0.10623888086365067 5.5000000000000009 -0.98523800472371936 -0.97507822412530132 -0.9575230291762723 0.68743175015171565 -0.90163213577682544 0.8749942490873206 -0.99590385478523458 0.72692958206603386 -0.97313470967538551 -19.499999999999996 0.55656748448714433 -0.83377653105606597 0.98372640911059162 46.500000000000007 0.29239989284795059 21.500000000000004 1.5000000000000002 1.0000000180025095e-35 14.500000000000002 344.50000000000006 0.29958852271690523 -0.36648370705903521 3.5000000000000004 26.500000000000004
decision_type=2 2 2 2 2 2 2 2 2 2 2 2 2 2 2 2 2 2 2 2 2 2 2 2 2 2 2 2 2
left_child=-1 -2 3 10 5 -5 -7 -8 -9 -6 11 -3 13 -13 -15 16 18 19 -4 22 21 -21 23 -18 -24 -17 -12 -20 -28
right_child=1 2 15 4 9 6 7 8 -10 -11 26 12 -14 14 -16 25 17 -19 27 20 -22 -23 24 -25 -26 -27 28 -29 -30
leaf_value=-0.00012060904722074844 0.0003235331665387731 -0.0021022043920813477 0.00044763764327491892 -0.00091492398932156217 1.4042637282260568e-05 0.00051948465319634268 -0.00068576512328659813 -0.00010504182742975899 0.00090421785461284427 0.0012732803693203784 9.1812873783846108e-05 0.0010382638227873389 -0.00033047983958837024 -0.00019610519582822451 8.3182117856263679e-05 -4.2945002849959048e-05 -0.00036710403198263609 -0.00065646679269950041 0.00023969308368496385 -0.00018164563252194945 0.00067685036271712435 4.5329632880253337e-05 -1.6925279187242364e-05 5.2877967641205148e-05 -0.00014404855929733273 -0.00028813588041987315 0.00041755232388100531 -0.00070260906309013726 1.822736287942408e-05
leaf_weight=32 24 20 20 20 22 21 28 131 43 19 32 28 20 28 300 32 26 36 28 44 21 107 205 21 73 20 20 20 20
leaf_count=32 24 20 20 20 22 21 28 131 43 19 32 28 20 28 300 32 26 36 28 44 21 107 205 21 73 20 20 20 20
internal_value=-0.00115246 -0.000453181 -0.00101403 0.00241126 -0.00364843 -0.00799501 -0.00406562 -0.00897657 -0.00446618 0.022113 0.00608851 0.00327069 0.00482252 0.00654872 0.00394875 -0.00495862 -0.0036636 -0.00558901 0.0114282 -0.00338782 0.00451811 0.000857743 -0.00757189 -0.0248015 -0.00465896 -0.019926 0.0215865 0 0.0323798
internal_weight=1461 1429 1405 752 284 243 223 202 174 41 468 396 376 356 328 653 601 533 68 497 172 151 325 47 278 52 72 48 40
internal_count=1461 1429 1405 752 284 243 223 202 174 41 468 396 376 356 328 653 601 533 68 497 172 151 325 47 278 52 72 48 40
is_linear=0
shrinkage=0.129519


Tree=198
num_leaves=39
num_cat=0
split_feature=9 12 1 26 15 0 13 26 26 0 1 12 15 15 15 26 26 5 14 1 5 1 14 5 1 15 15 14 9 0 0 13 15 1 1 15 5 17
split_gain=1.73453 1.20393 1.57633 1.31274 0.975196 1.68826 2.71044 2.62058 1.84096 1.44053 2.75105 2.59543 2.46613 2.41622 1.39619 1.19495 2.54168 2.07692 1.06274 1.40389 1.62789 1.066 0.883233 0.860245 1.59213 1.03163 1.2836 0.940249 0.934096 1.33636 0.761481 0.752245 0.615254 0.604337 0.541114 0.381203 0.259379 0.248436
threshold=0.99907018497641642 0.16587474750015926 1.5000000000000002 -23.499999999999996 0.8697593477501786 3.5000000000000004 0.9800658150361089 15.500000000000002 2.5000000000000004 1.0000000180025095e-35 7.5000000000000009 0.70747208174348741 -0.82656129716566695 -0.66205087126731677 -0.91595184315390066 13.500000000000002 5.5000000000000009 200.50000000000003 -0.048361937605030693 11.500000000000002 350.50000000000006 6.5000000000000009 0.99646492433694434 232.50000000000003 6.5000000000000009 -0.90163369914317004 -0.71201091358925084 -0.888189110185296 -0.99467753128998015 2.5000000000000004 3.5000000000000004 -0.92107319833963663 -0.98292201184843975 21.500000000000004 11.500000000000002 -0.98292201184843975 306.50000000000006 1.0000000180025095e-35
decision_type=2 2 2 2 2 2 2 2 2 2 2 2 2 2 2 2 2 2 2 2 2 2 2 2 2 2 2 2 2 2 2 2 2 2 2 2 2 2
left_child=1 2 -1 -4 5 8 7 18 9 10 -3 -12 14 -14 35 16 17 -6 33 21 -21 -20 23 24 -5 -26 -27 30 29 -29 36 -15 -30 34 -7 -11 -25 -19
right_child=-2 4 3 22 15 6 -8 -9 -10 12 11 -13 13 31 -16 -17 -18 37 19 20 -22 -23 -24 27 25 26 -28 28 32 -31 -32 -33 -34 -35 -36 -37 -38 -39
leaf_value=0.00014269724559512725 -0.000104987866424757 0.00053944870400350284 -0.00060672289981600434 -0.00079084768156370588 -0.00051308513030074213 3.8253463168444957e-05 9.8519132148804591e-05 0.001815154270562312 -0.00054918404542134396 -0.0010184121344190156 -0.00081024163982522683 -2.8952406054975146e-05 0.0023683135640714514 -0.0019823938477689452 -0.0012618019232030441 -8.2888404336791611e-05 9.3486885218384454e-05 -0.00027752461228495193 -0.00010606005790311681 -0.0042073312550082237 -5.8514010507443822e-05 0.00058245341147076775 0.00014805619767767957 0.00012481343520794549 0.00036128288250236647 -0.00086624273091089857 7.4502371099897691e-05 -0.00035527165161981967 0.0018933197811634185 0.00072271992418928947 -5.6064958518616404e-07 0.00052973191303297082 -0.00011798201930627916 0.00030373214553240072 -0.00041637260219251946 0.0041922501061891666 0.00033263291178998268 4.3600290720585947e-05
leaf_weight=20 20 19 34 29 26 39 20 19 36 21 19 29 20 19 22 21 21 33 25 21 23 22 23 20 27 24 283 20 20 24 29 102 216 29 29 19 19 19
leaf_count=20 20 19 34 29 26 39 20 19 36 21 19 29 20 19 22 21 21 33 25 21 23 22 23 20 27 24 283 20 20 24 29 102 216 29 29 19 19 19
internal_value=-0.000975161 -0.000449407 0.00295856 0.00202374 -0.00456193 -0.002187 0.00627626 0.00187709 -0.0084653 -0.00479701 -0.0212643 -0.0377764 0.000638025 0.0101043 -0.0208902 -0.0151106 -0.00915792 -0.019926 -0.00275573 -0.0128096 -0.0294362 0.00275573 0.00317622 0.00236814 0.00677924 0.00930676 0.00717207 -0.00223309 -0.00555082 0.0117745 0.0114282 0.00321122 -0.00878096 0.00667624 0 -0.00647596 0.023247 -0.00498151
internal_weight=1461 1441 788 768 653 533 227 207 306 270 67 48 203 141 62 120 99 78 188 91 44 47 734 711 363 334 307 348 280 44 68 121 236 97 68 40 39 52
internal_count=1461 1441 788 768 653 533 227 207 306 270 67 48 203 141 62 120 99 78 188 91 44 47 734 711 363 334 307 348 280 44 68 121 236 97 68 40 39 52
is_linear=0
shrinkage=0.129519


Tree=199
num_leaves=19
num_cat=0
split_feature=9 9 26 5 13 13 24 2 15 1 13 0 13 13 13 2 0 1
split_gain=1.80009 1.50011 1.16688 3.14129 2.66164 2.16155 1.27169 1.69476 2.30977 1.20839 1.13528 1.4096 1.40942 1.39645 1.30113 1.02657 0.695852 0.963409
threshold=0.99907018497641642 0.99552231814189462 8.5000000000000018 24.500000000000004 0.9800658150361089 0.98803388382128687 1.0000000180025095e-35 6.5000000000000009 0.50092966123391813 4.5000000000000009 0.81428814218200329 5.5000000000000009 0.88670261304155107 0.77312223884982734 0.73937687903084115 22.500000000000004 2.5000000000000004 14.500000000000002
decision_type=2 2 2 2 2 2 2 2 2 2 2 2 2 2 2 2 2 2
left_child=1 2 4 16 6 -6 7 8 -1 15 13 12 -12 14 -9 -7 -4 -18
right_child=-2 -3 3 -5 5 9 -8 10 -10 -11 11 -13 -14 -15 -16 -17 17 -19
leaf_value=0.00090560597056143079 -9.1389927624875868e-05 7.9184036104930954e-05 0.000392183124949512 -0.0003609808115210099 9.4604797245965552e-05 0.00013184925456273801 -0.00018425740172647263 1.9081674821312056e-05 -5.0811042011291605e-06 -0.00029485639857871297 -0.00031717430849925119 0.00080637040919465152 -0.00013837957579118085 0.00041856138117406548 -0.003816642853636561 6.066131040191492e-05 9.655081374685289e-05 -0.00028840180280440762
leaf_weight=21 20 24 29 19 19 19 19 1003 19 26 37 19 81 26 19 21 21 19
leaf_count=21 20 24 29 19 19 19 19 1003 19 26 37 19 81 26 19 21 21 19
internal_value=-0.000265953 0.000269644 -0.000274211 -0.0147181 0.000682193 0.0228563 -0.000832921 -0.00031719 0.0259038 0.0117745 -0.00120229 -0.0122901 -0.0175619 0.000247174 -0.000506924 0.0259038 -0.00187709 -0.0129519
internal_weight=1461 1441 1417 88 1329 85 1244 1225 40 66 1185 137 118 1048 1022 40 69 40
internal_count=1461 1441 1417 88 1329 85 1244 1225 40 66 1185 137 118 1048 1022 40 69 40
is_linear=0
shrinkage=0.129519


Tree=200
num_leaves=25
num_cat=0
split_feature=9 9 13 0 13 10 13 14 13 1 11 14 0 11 15 11 17 11 14 1 14 12 0 24
split_gain=1.85005 1.45014 0.924054 2.50298 3.72314 1.60952 1.36856 2.01667 1.43549 1.24804 0.892614 2.71412 2.34007 4.17241 2.25537 0.888135 1.5625 1.20897 0.938962 0.644293 1.64103 1.34338 1.26061 1.2331
threshold=0.99907018497641642 0.99552231814189462 0.97086220929134248 2.5000000000000004 0.98900806995500201 -0.022575793296316444 0.79317318001497539 -0.48502901968055928 0.76070426302234284 3.5000000000000004 -0.48314718476766416 -0.99166805921824908 1.5000000000000002 -0.58482091572441486 0.96231527631374336 0.98519415784776321 1.0000000180025095e-35 0.97109394436505758 0.74585687994287431 20.500000000000004 -0.28931395772608276 0.16587474750015926 2.5000000000000004 1.0000000180025095e-35
decision_type=2 2 2 2 2 2 2 2 2 2 2 2 2 2 2 2 2 2 2 2 2 2 2 2
left_child=1 2 6 5 -5 -4 8 -8 10 -6 11 -1 14 -14 -13 17 -17 18 -12 20 22 -21 -9 -23
right_child=-2 -3 3 4 9 -7 7 19 -10 -11 15 12 13 -15 -16 16 -18 -19 -20 21 -22 23 -24 -25
leaf_value=0.00012174377798183492 -7.9553182245723804e-05 6.8928187371709851e-05 -0.0007595352773892126 0.0029795619065554235 8.4563027547744667e-05 4.1756616310562777e-05 -0.00016676623311811313 0.0005304853910978205 0.0002910822542652779 -0.0012826359964489915 -6.1527929595156245e-05 -0.00017024419209528033 4.5049323322237461e-05 0.0013287456542471559 0.00038880417141436802 0.00094904814300341052 -0.00018533537880600684 -0.0003444543627133278 5.63284707757347e-05 0.00077003865768330573 -0.0003905132544357896 -0.00012073969814689397 -0.00012872599461239662 2.2183306342595345e-05
leaf_weight=20 20 24 20 25 20 28 32 22 24 19 412 87 225 36 20 32 32 24 201 34 26 26 30 22
leaf_count=20 20 24 20 25 20 28 32 22 24 19 412 87 225 36 20 32 32 24 201 34 26 26 30 22
internal_value=0.000265953 0.000808933 0.000274211 0.0115642 0.0283323 -0.0107933 -0.000694739 -0.0107933 0.00104732 0.003321 0.000356802 0.005341 0.00281563 0.0094286 -0.0133151 -0.00240192 0.0121424 -0.00386321 -0.00274674 -0.00485697 -0.013284 0.003159 0 -0.0107933
internal_weight=1461 1441 1417 112 64 48 1305 192 1113 39 1089 388 368 261 107 701 64 637 613 160 78 82 52 48
internal_count=1461 1441 1417 112 64 48 1305 192 1113 39 1089 388 368 261 107 701 64 637 613 160 78 82 52 48
is_linear=0
shrinkage=0.129519


Tree=201
num_leaves=29
num_cat=0
split_feature=9 11 14 12 12 11 10 0 14 0 11 0 1 16 13 11 0 13 15 13 0 9 0 13 14 15 11 11
split_gain=1.76716 1.45819 2.55394 1.29679 1.0444 1.96 1.43826 1.00743 0.985822 1.09303 2.06921 1.12667 2.04343 1.02657 0.856899 0.878088 1.35517 0.760099 1.00079 0.911088 1.13952 2.3481 0.859524 1.05 0.877193 0.787171 1.84137 0.426729
threshold=0.99907018497641642 -0.67803021058859214 -0.99166805921824908 -0.99273797715557011 0.38044648673137205 -0.88622299073327826 -0.7614016681079937 4.5000000000000009 -0.95996717693983802 4.5000000000000009 -0.94139628442229051 3.5000000000000004 8.5000000000000018 -0.95629206636249531 0.98192675877128088 -0.58482091572441486 2.5000000000000004 -0.60897148302369042 0.94601698252975897 -0.80673169413132828 4.5000000000000009 -0.28519255817492867 1.5000000000000002 -0.91597301953928589 -0.3744658827978154 0.89115239534193136 -0.46801289393397988 -0.79384350655589164
decision_type=2 2 2 2 2 2 2 2 2 2 2 2 2 2 2 2 2 2 2 2 2 2 2 2 2 2 2 2
left_child=1 2 -1 -3 6 -6 -4 27 -8 11 13 12 -10 -11 15 16 -5 19 25 22 21 -21 23 -17 -24 26 -19 -7
right_child=-2 3 4 14 5 7 8 -9 9 10 -12 -13 -14 -15 -16 17 -18 18 -20 20 -22 -23 24 -25 -26 -27 -28 -29
leaf_value=0.00010597562782674945 -6.92495220195436e-05 0.00012528616068057868 -0.00024982353880690213 0.00040002422700535621 0.00038251354256043708 -0.00092805927858522245 -0.0001041331306559026 0.00028122870715730869 0.00049799317657547588 -0.00011609671643927811 0.00020805571811814846 0.000563606590820396 -7.5068624602941966e-05 -0.0021747055933849704 -0.00036434237101003495 4.5650388348534698e-05 -0.0021038389157005464 0.00078711171411950285 2.2332921944863482e-05 0.00069196265610418819 0.00021070630091504926 -0.00045413543793500769 0.00080365601928099957 -0.0031396895076646878 -3.0342433167255562e-05 -0.00010591973686655979 -6.6113752726666403e-06 0.00023139862337260338
leaf_weight=20 20 36 28 23 20 29 24 21 21 21 22 30 99 19 32 28 33 20 36 20 31 57 25 20 95 20 581 30
leaf_count=20 20 36 28 23 20 29 24 21 21 21 22 30 99 19 32 28 33 20 36 20 31 57 25 20 95 20 581 30
internal_value=-0.000620557 -8.98814e-05 0.00674579 -0.00257323 0.00426986 0.0155423 0 0.00647596 0.00329286 0.00610939 -0.00835607 0.0120885 0.00647596 -0.0259038 -0.00342509 -0.00275015 -0.0185027 -0.00180466 0.000591412 -0.00750836 -0.0167895 -0.025231 -0.00154189 -0.0161899 0.0043173 -0.000625696 0.000215506 -0.00219524
internal_weight=1461 1441 384 1057 364 100 264 80 236 212 62 150 120 40 1021 989 56 933 657 276 108 77 168 48 120 621 601 59
internal_count=1461 1441 384 1057 364 100 264 80 236 212 62 150 120 40 1021 989 56 933 657 276 108 77 168 48 120 621 601 59
is_linear=0
shrinkage=0.129519


Tree=202
num_leaves=19
num_cat=0
split_feature=9 12 15 1 1 15 1 14 26 12 15 2 9 1 15 1 2 2
split_gain=1.73453 1.06877 1.04047 1.25504 2.70338 1.6835 1.12769 0.925721 2.81254 1.40161 1.40592 1.38528 1.14849 1.34694 0.885417 1.82599 1.45833 0.576752
threshold=0.99907018497641642 -0.99273797715557011 0.96231527631374336 28.500000000000004 29.500000000000004 -0.088048054265838741 27.500000000000004 -0.97602293887790914 -19.499999999999996 0.98005052076767474 0.52492452807984302 25.500000000000004 0.85673801594079257 3.5000000000000004 0.9890126429527718 23.500000000000004 29.500000000000004 29.500000000000004
decision_type=2 2 2 2 2 2 2 2 2 2 2 2 2 2 2 2 2 2
left_child=1 -1 3 6 -5 -6 7 12 -9 10 -10 -11 13 -3 16 -16 -4 -17
right_child=-2 2 14 4 5 -7 -8 8 9 11 -12 -13 -14 -15 15 17 -18 -19
leaf_value=0.00010905920414360289 -6.0280383066680643e-05 0.00025758511592773763 5.5270678452212316e-05 -0.000466098603284982 0.0001199693274162111 -6.5345800452819362e-05 0.00025373519994187691 -0.0003939686694131064 4.3431314755707214e-05 0.0026924350619086904 -5.9644217829179851e-05 -0.0023762885362812432 -0.0018449139031283606 -1.21766591116143e-05 -0.00037081499649607784 -0.00030109652057528632 -2.0945855061989028e-05 0.00070104418776948123
leaf_weight=36 20 27 32 34 27 33 36 32 718 20 282 22 24 22 19 26 28 23
leaf_count=36 20 27 32 34 27 33 36 32 718 20 282 22 24 22 19 26 28 23
internal_value=-0.000975161 -0.000449407 -0.00101403 -0.00212992 -0.0165344 0 -0.000985353 -0.0016938 -0.00265309 -0.00149158 -0.000518077 -0.0246703 0.0124196 0.0237892 0.0101187 0 0.0215865 0.0132162
internal_weight=1461 1441 1405 1277 94 60 1183 1147 1074 1042 1000 42 73 49 128 68 60 49
internal_count=1461 1441 1405 1277 94 60 1183 1147 1074 1042 1000 42 73 49 128 68 60 49
is_linear=0
shrinkage=0.129519


Tree=203
num_leaves=25
num_cat=0
split_feature=12 12 11 14 14 26 14 5 0 14 10 11 15 15 26 0 1 15 26 26 2 0 2 2
split_gain=1.24442 1.39616 0.9375 0.897806 1.95943 1.59446 1.30765 1.06439 1.34516 1.33385 1.329 1.28749 1.00229 1.272 1.62004 2.06375 1.09979 1.4783 0.948939 1.36979 0.858197 0.818182 0.211606 0.1
threshold=-0.99763124042248752 -0.97876680704815899 -0.098750666093870329 -0.888189110185296 -0.91070616071172539 -15.499999999999998 -0.85672464624562206 307.50000000000006 4.5000000000000009 -0.98371105771731127 0.44312301391210612 0.84313847884979054 0.96231527631374336 0.84660111278280559 1.5000000000000002 3.5000000000000004 22.500000000000004 0.99049901459377832 -7.4999999999999991 -1.4999999999999998 26.500000000000004 3.5000000000000004 27.500000000000004 37.500000000000007
decision_type=2 2 2 2 2 2 2 2 2 2 2 2 2 2 2 2 2 2 2 2 2 2 2 2
left_child=-1 2 -2 4 7 -5 -7 8 10 -10 20 -12 13 18 15 -15 -14 -18 -8 -20 -3 -19 -22 -4
right_child=1 3 23 5 -6 6 12 -9 9 -11 11 -13 16 14 -16 -17 17 21 19 -21 22 -23 -24 -25
leaf_value=-5.2472919331185074e-05 -6.9219380365566193e-06 -0.00049586840011113325 0.00010364764573336364 -0.00034294218379950003 0.00023921305947297952 -0.00048080392651492823 6.6354323304445697e-05 -0.000264066186453116 -0.003412627486444064 0.00043338568264755323 0.00022388584973079146 0.00011193086783679356 -0.00019741878571274309 -0.00011802672251594243 9.4539086624509619e-05 6.2972761878476631e-06 5.8550581371687798e-05 0.00037193307521316861 -8.8874309886073362e-05 1.9554225523263861e-05 0.0010584853926344211 -0.00026586864355821903 0.00043432411574634218 0.00081866529892287852
leaf_weight=32 24 33 20 22 24 28 25 24 24 26 21 29 26 49 27 40 30 22 19 835 20 22 19 20
leaf_count=32 24 33 20 22 24 28 25 24 24 26 21 29 26 49 27 40 30 22 19 835 20 22 19 20
internal_value=0.000975161 0.00154082 0.0202374 0.000664201 0.00824213 -0.00079182 -0.000115333 0.00396487 0.00753018 -0.0103615 0.0148629 0.0310846 0.000591412 -0.00065085 -0.0133985 -0.0218291 0.0129519 0.0210031 0.00103144 0.000303324 0.00359775 0.00588723 0.016605 0.0323798
internal_weight=1461 1429 64 1365 220 1145 1123 196 172 50 122 50 1095 995 116 89 100 74 879 854 72 44 39 40
internal_count=1461 1429 64 1365 220 1145 1123 196 172 50 122 50 1095 995 116 89 100 74 879 854 72 44 39 40
is_linear=0
shrinkage=0.129519


Tree=204
num_leaves=22
num_cat=0
split_feature=9 9 14 26 14 12 11 11 5 2 13 0 14 1 14 14 5 0 11 1 0
split_gain=1.83332 1.4667 0.752983 1.10852 1.08092 1.6 1.07839 2.28451 0.802676 1.56752 1.44107 1.02857 0.929625 1.22218 0.807751 0.68269 0.923626 0.623974 1.39398 0.502364 0.105263
threshold=0.99907018497641642 0.99552231814189462 0.836143665535245 17.500000000000004 0.88220619093308628 -0.16587666496079911 0.94135275643221283 0.85223490906209554 26.500000000000004 5.5000000000000009 0.9800658150361089 2.5000000000000004 -0.77516387511460583 8.5000000000000018 -0.56723589605664293 0.96175369140124012 250.50000000000003 1.5000000000000002 -0.78326178756187226 10.500000000000002 3.5000000000000004
decision_type=2 2 2 2 2 2 2 2 2 2 2 2 2 2 2 2 2 2 2 2 2
left_child=1 2 3 8 5 -4 7 15 -1 20 12 -12 13 -11 -14 16 19 -17 -19 -6 -10
right_child=-2 -3 4 -5 6 -7 -8 -9 9 10 11 -13 14 -15 -16 17 -18 18 -20 -21 -22
leaf_value=8.2294464861140719e-05 -4.5676671631319897e-05 4.8603573108975074e-05 0.00095602640319668157 -0.00029721784229571642 0.0003667414880247768 0.0046994386312062411 -0.00030714246152671403 0.0016343148753437287 -0.00030379316053535829 -2.7556903462193752e-05 -2.6270047781191649e-05 0.00031255831762702489 -0.00010568475442494966 8.7268962948032245e-05 -3.5435226375303027e-05 -9.5497681492449736e-05 -0.00023560791148052307 8.2882399605286073e-05 -0.00026283015438197674 0.00020355616717201798 -0.00034678941984132275
leaf_weight=35 20 24 20 21 29 20 20 24 19 96 28 35 136 220 539 29 28 29 47 23 19
leaf_count=35 20 24 20 21 29 20 20 24 19 96 28 35 136 220 539 29 28 29 47 23 19
internal_value=8.8651e-05 0.00062917 9.14038e-05 -0.00135386 0.00625929 0.0259038 0.00282793 0.00557738 -0.000804467 -0.00142329 -0.000491534 0.0185027 -0.00169904 0.00409871 -0.00441324 0.000700103 0.00971394 -0.00616758 0 0.019926 -0.0272672
internal_weight=1461 1441 1417 1148 269 40 229 209 1127 1092 1054 63 991 316 675 185 80 105 76 52 38
internal_count=1461 1441 1417 1148 269 40 229 209 1127 1092 1054 63 991 316 675 185 80 105 76 52 38
is_linear=0
shrinkage=0.129519


Tree=205
num_leaves=30
num_cat=1
split_feature=11 13 19 5 9 14 13 26 26 13 26 15 5 5 26 5 15 9 12 23 5 26 10 14 6 11 5 3 17
split_gain=0.741641 1.25446 1.11434 2.8225 2.02341 1.70741 1.20492 1.07962 2.9304 1.01251 0.866179 2.14123 1.55603 1.125 0.981818 0.833333 0.829844 0.770218 0.815212 0.780844 1.21161 0.899667 0.976101 0.894687 0.609524 0.535714 0.474402 0.421303 0.14632
threshold=0.32612888491727238 0.88220160189607266 0 245.50000000000003 0.71503381463111937 0.86654444828358279 0.76070426302234284 7.5000000000000009 -1.4999999999999998 0.9800658150361089 -20.499999999999996 -0.90711336262460163 58.500000000000007 194.50000000000003 -26.499999999999996 154.50000000000003 0.99683609994235911 0.99907018497641642 -0.97876680704815899 1.0000000180025095e-35 292.50000000000006 21.500000000000004 0.99445195900249039 0.836143665535245 1.0000000180025095e-35 -0.098750666093870329 253.50000000000003 9.5000000000000018 1.0000000180025095e-35
decision_type=2 2 9 2 2 2 2 2 2 2 2 2 2 2 2 2 2 2 2 2 2 2 2 2 2 2 2 2 2
left_child=9 2 3 4 -2 6 10 8 -3 16 14 -12 -13 -14 -4 -11 17 18 25 21 -21 22 23 -20 26 -1 -5 -17 -7
right_child=1 7 5 24 -6 28 -8 -9 -10 15 11 12 13 -15 -16 27 -18 -19 19 20 -22 -23 -24 -25 -26 -27 -28 -29 -30
leaf_value=1.2230004429549002e-05 0.0004337254003906934 -0.0002422860338822106 0.00025892683428575607 -0.0038503744002462118 6.0001551006008646e-05 -0.00055509173143721414 -2.9689137761633484e-05 -0.00026158428550366897 0.0011324533802561062 0.00036731089870882614 0.00024992019588899832 0.0010881678395669846 -0.0022397536192778865 -1.9056542583175585e-05 -0.0012144407496091361 -6.8922697613502028e-05 0.00026196771427991321 -3.9760668129533882e-05 -3.5443915508495815e-05 -5.2330405493201613e-05 0.00056709911068419906 0.00027938819321544743 -0.0023398034182630562 0.00013542634124518252 8.831548847223942e-05 0.00016029026455455131 -5.0943856462288504e-05 2.7242738331692701e-05 -0.00019110900925157652
leaf_weight=20 20 24 24 23 26 20 26 24 28 20 30 32 40 160 20 21 20 20 553 19 20 22 30 93 24 28 33 19 22
leaf_count=20 20 24 24 23 26 20 26 24 28 20 30 32 40 160 20 21 20 20 553 19 20 22 30 93 24 28 33 19 22
internal_value=-0.00132977 -0.00494691 -0.00259038 0.00761877 0.0337876 -0.00607121 -0.00312094 -0.0204504 -0.00996301 0.00102445 -0.00084653 0.00197739 -0.00223309 -0.00647596 -0.0176617 0.0172692 -0.000156993 -0.000804467 -0.000164993 -0.00123017 0.016605 -0.00222669 -0.00306554 -0.00200494 -0.00647596 0.0161899 -0.0138771 0.00647596 -0.0308379
internal_weight=1461 576 500 126 46 374 332 76 52 885 306 262 232 200 44 60 825 805 785 737 39 698 676 646 80 48 56 40 42
internal_count=1461 576 500 126 46 374 332 76 52 885 306 262 232 200 44 60 825 805 785 737 39 698 676 646 80 48 56 40 42
cat_boundaries=0 1
cat_threshold=17
is_linear=0
shrinkage=0.129519


Tree=206
num_leaves=22
num_cat=1
split_feature=5 9 0 13 0 15 0 1 9 15 15 0 15 19 10 10 1 15 1 14 0
split_gain=0.922831 1.76872 2.92136 1.15844 1.28762 0.981818 1.31898 1.42221 0.741888 0.633568 0.658735 1.3 0.976229 0.835655 1.69589 1.46261 1.26962 4.10437 1.27319 0.746412 0.546559
threshold=44.500000000000007 0.43733377705052545 2.5000000000000004 0.9800658150361089 2.5000000000000004 0.98852897570736553 3.5000000000000004 14.500000000000002 0.99907018497641642 0.99683609994235911 -0.9873387547174689 4.5000000000000009 -0.97410815583833232 0 -0.27694043983797378 -0.22700609751797862 28.500000000000004 -0.24997966872820673 27.500000000000004 0.40417292804311761 4.5000000000000009
decision_type=2 2 2 2 2 2 2 2 2 2 2 2 2 9 2 2 2 2 2 2 2
left_child=1 5 -3 8 -5 6 7 -1 9 10 11 19 -12 14 -14 -16 18 -18 -15 -2 -4
right_child=3 2 20 4 -6 -7 -8 -9 -10 -11 12 -13 13 16 15 -17 17 -19 -20 -21 -22
leaf_value=-0.00055187418094501054 8.3162364099374634e-05 0.00011306696531821046 -0.00026150822266886602 -5.9995888678565466e-05 0.0002810028401873261 -9.9256095160295686e-05 0.00024329955818342723 9.973096024625932e-05 -3.4610900348860342e-05 0.00015600589311854076 -0.00086390439559035244 0.0013148070389462556 0.00060059069657057696 -2.8028898423660811e-05 -6.4476541317506875e-05 3.8685816817979004e-05 -0.0018743982154556559 1.8443463593654621e-05 0.0010090740678509462 -0.0022307710803392152 -0.00023942986347105441
leaf_weight=32 33 29 20 25 35 20 37 19 20 28 32 20 30 748 21 167 21 52 34 19 19
leaf_count=32 33 29 20 25 35 20 37 19 20 28 32 20 30 748 21 167 21 52 34 19 19
internal_value=-0.00150707 -0.0103027 -0.0266657 -0.000302379 0.0172692 0 0.00588723 -0.00761877 -0.00116303 -0.000752393 -0.00121046 0.0107933 -0.0019926 -0.00132778 0.00568066 0.00137786 -0.0031444 -0.0195166 -0.00165626 0 -0.0498151
internal_weight=1461 176 68 1285 60 108 88 51 1225 1205 1177 72 1105 1073 218 188 855 73 782 52 39
internal_count=1461 176 68 1285 60 108 88 51 1225 1205 1177 72 1105 1073 218 188 855 73 782 52 39
cat_boundaries=0 1
cat_threshold=49
is_linear=0
shrinkage=0.129519


Tree=207
num_leaves=17
num_cat=0
split_feature=2 9 13 0 12 16 1 14 1 1 14 26 1 15 26 26
split_gain=1.13603 1.90694 1.32161 1.02857 0.85874 1.6876 0.761599 0.764322 3.36844 2.14881 0.780123 2.71681 1.2021 0.596634 0.512418 0.539834
threshold=5.5000000000000009 0.48314048284850658 0.9800658150361089 2.5000000000000004 0.99865940500831329 0.98334068794774565 29.500000000000004 0.98005052076767474 28.500000000000004 4.5000000000000009 -0.888189110185296 -15.499999999999998 8.5000000000000018 0.98852897570736553 10.500000000000002 21.500000000000004
decision_type=2 2 2 2 2 2 2 2 2 2 2 2 2 2 2 2
left_child=1 13 4 -4 5 6 7 8 10 -9 12 -12 -2 14 -1 -16
right_child=2 -3 3 -5 -6 -7 -8 9 -10 -11 11 -13 -14 -15 15 -17
leaf_value=8.6813891445379371e-05 -2.5776644899360275e-05 -0.00025135187397473468 -1.2397780996190571e-05 0.00024460759230236296 0.00049547528334855609 -0.00012296829946050614 0.00016293778193383207 -1.7359739725324368e-05 -0.00081202484264573775 0.002057233246795086 -0.00033973331004592345 -7.8810181728249083e-06 0.00015758229732999883 -8.6400530479809737e-05 -0.00044094164567316584 0.00021178760718505821
leaf_weight=33 77 22 28 35 20 36 35 32 23 24 22 887 103 20 33 31
leaf_count=33 77 22 28 35 20 36 35 32 23 24 22 887 103 20 33 31
internal_value=-0.000975161 -0.0121133 0.000195944 0.0185027 -0.000720122 -0.00114989 -0.00032299 -0.000887117 -0.00163064 0.0138771 -0.00059467 -0.00213728 0.00719551 -0.00553501 -0.00133525 -0.00809495
internal_weight=1461 139 1322 63 1259 1239 1203 1168 1112 56 1089 909 180 117 97 64
internal_count=1461 139 1322 63 1259 1239 1203 1168 1112 56 1089 909 180 117 97 64
is_linear=0
shrinkage=0.129519


Tree=208
num_leaves=26
num_cat=0
split_feature=9 15 16 15 15 11 1 1 13 0 16 9 14 16 0 0 1 2 0 26 26 11 9 0 0
split_gain=0.772707 0.763703 2.75464 1.38317 1.62506 1.35211 1.12071 1.83851 1.20078 0.976623 4.34048 1.88617 0.889474 1.11954 1.61357 3.78947 2.58997 1.20487 0.794484 0.739286 2.5 1.01471 2.08333 1.05963 0.259379
threshold=0.99907018497641642 0.61492551969769504 0.73573501878497283 0.57075747273004163 0.52492452807984302 0.91161058030431374 29.500000000000004 28.500000000000004 0.99830990419404297 1.0000000180025095e-35 0.92520893929334658 -0.99467753128998015 -0.99166805921824908 -0.13611530350477188 1.5000000000000002 1.0000000180025095e-35 7.5000000000000009 18.500000000000004 4.5000000000000009 10.500000000000002 18.500000000000004 0.52766072109828632 -0.31799228562170639 5.5000000000000009 2.5000000000000004
decision_type=2 2 2 2 2 2 2 2 2 2 2 2 2 2 2 2 2 2 2 2 2 2 2 2 2
left_child=1 3 5 4 6 12 7 8 9 10 -1 -11 -3 14 15 -14 18 -18 -16 21 -21 23 -23 -15 -8
right_child=-2 2 -4 -5 -6 -7 24 -9 -10 11 -12 -13 13 19 16 -17 17 -19 -20 20 -22 22 -24 -25 -26
leaf_value=2.4842620350367365e-05 -1.4201376962007702e-05 0.00017609414374468633 -0.0022800825699293439 8.9622716637257136e-05 -8.0619090527771553e-05 -0.00018553399672951109 0.00024952842015263117 -0.00034962679137180534 5.3727870217345953e-05 0.00029726595874641327 -0.0036302776271658261 3.8627231403326481e-05 0.00022297591694983622 1.03161439842249e-05 0.00014164617298520691 -0.00054561944998337923 -0.00020391437299621519 1.2029525157012899e-05 0.0023417749960294837 0.00043227411149654031 -6.7823948409903147e-05 9.166751980081177e-05 -0.00068971503914448369 0.00025563793824360902 0.0008293145756175836
leaf_weight=101 20 20 20 24 24 24 20 29 19 23 20 738 19 117 27 19 29 22 20 20 20 24 24 19 19
leaf_count=101 20 20 20 24 24 24 20 29 19 23 20 738 19 117 27 19 29 22 20 20 20 24 24 19 19
internal_value=-0.000620557 -0.000269644 -0.00488751 0.0016556 0.000913025 -0.00256474 0.00173761 0.000835607 0.00186876 0.00117478 -0.00963366 0.00289333 -0.00068168 -0.00215865 -0.0114282 -0.034084 -0.00264325 -0.0228563 0.0192901 0.00346926 0.0194279 0 -0.0161899 0.00571408 0.023247
internal_weight=1461 1441 424 1017 993 404 969 930 901 882 121 761 380 360 136 38 98 51 47 224 40 184 48 136 39
internal_count=1461 1441 424 1017 993 404 969 930 901 882 121 761 380 360 136 38 98 51 47 224 40 184 48 136 39
is_linear=0
shrinkage=0.129519


Tree=209
num_leaves=23
num_cat=0
split_feature=2 9 14 13 0 0 14 9 10 0 9 9 23 12 0 26 0 12 26 26 13 9
split_gain=0.787684 3.6835 1.31353 1.38959 2.39667 4.02128 1.19002 1.11206 0.883838 2.03043 0.7644 1.05311 0.977345 0.815059 1.62453 0.759769 0.982313 1.32275 0.751939 0.843797 0.659242 0.658561
threshold=5.5000000000000009 0.48314048284850658 0.99746264089885661 0.9524372690416032 4.5000000000000009 2.5000000000000004 0.96849880583763492 0.46800856592688467 -0.4831374111459158 3.5000000000000004 0.99907018497641642 0.75014288946266361 1.0000000180025095e-35 0.046214940139115653 1.0000000180025095e-35 -24.499999999999996 1.0000000180025095e-35 -0.24372464231556021 17.500000000000004 6.5000000000000009 -0.60897148302369042 0.19337368024598431
decision_type=2 2 2 2 2 2 2 2 2 2 2 2 2 2 2 2 2 2 2 2 2 2
left_child=1 18 3 6 5 7 10 -5 -8 -10 11 12 13 20 -15 -13 -17 -18 19 -1 -2 -20
right_child=2 -3 -4 4 -6 -7 8 -9 9 -11 -12 15 -14 14 -16 16 17 -19 21 -21 -22 -23
leaf_value=-0.00010922052355091954 -0.00012920920035749527 -0.00024736361263079241 0.00031593845364653167 -9.4661726841313042e-06 -0.0014893566889648162 0.002242280460891085 1.9401612028997287e-06 6.5403010055952704e-05 -4.2634144637331218e-05 -0.00048853124889706328 -1.2362026745915845e-05 -0.00034548134958402299 0.00027569193288705358 -8.7537580837309252e-05 4.9199179239527369e-05 -0.00010690226825820058 0.00012050386919216411 0.002008074129146629 4.5418589062278113e-05 9.9414516441600944e-05 -4.5245638978943533e-05 -0.00019201168044110154
leaf_weight=32 28 22 28 27 28 28 28 20 25 19 20 31 35 70 409 35 189 21 26 38 281 21
leaf_count=32 28 22 28 27 28 28 28 20 25 19 20 31 35 70 409 35 189 21 26 38 281 21
internal_value=-0.000975161 -0.0102497 0 -0.000600552 0.0138321 0.0259038 -0.00184872 0.00275573 -0.0179888 -0.0294362 -0.000810218 -0.000353555 -0.00267537 -0.00361602 -0.000270395 0.00656981 0.00898704 0.0123352 -0.001107 0.00740109 -0.00880227 -0.0137786
internal_weight=1461 139 1322 1294 103 75 1191 47 72 44 1119 1099 823 788 479 276 245 210 117 70 309 47
internal_count=1461 139 1322 1294 103 75 1191 47 72 44 1119 1099 823 788 479 276 245 210 117 70 309 47
is_linear=0
shrinkage=0.129519


Tree=210
num_leaves=29
num_cat=0
split_feature=12 11 2 25 13 5 15 15 12 0 12 12 26 16 15 1 11 5 2 2 1 0 26 9 12 0 16 0
split_gain=0.934634 0.984753 3.538 1.50016 1.20021 0.842419 1.33605 0.739249 0.844088 1.61717 1.30833 1.1598 0.710837 1.36369 1.73814 0.88265 0.691144 1.27244 1.42432 0.755759 1.50185 1.63265 1.42242 1.22501 0.660619 0.752326 0.512121 0.105263
threshold=-0.99763124042248752 0.85784900197110281 5.5000000000000009 1.0000000180025095e-35 0.9916835347852474 104.50000000000001 -0.92923668111203817 0.99683609994235911 -0.54760613975548533 1.0000000180025095e-35 -0.42180510190895731 0.91160899963879294 17.500000000000004 0.9617714795408695 0.7172936132855442 12.500000000000002 0.95566275305367776 58.500000000000007 31.500000000000004 33.500000000000007 20.500000000000004 4.5000000000000009 -6.4999999999999991 -0.63921128368950708 -0.65234411079832233 5.5000000000000009 -0.2707318836520925 2.5000000000000004
decision_type=2 2 2 2 2 2 2 2 2 2 2 2 2 2 2 2 2 2 2 2 2 2 2 2 2 2 2 2
left_child=-1 3 -3 4 5 6 -2 8 24 11 -11 -10 13 14 -8 -14 17 -4 -19 20 21 22 -18 -24 25 -7 -26 -20
right_child=1 2 16 -5 -6 7 12 -9 9 10 -12 -13 15 -15 -16 -17 19 18 27 -21 -22 -23 23 -25 26 -27 -28 -29
leaf_value=-1.0760907598899676e-05 0.00025305394664255584 -0.00021532528877106393 0.00047780868524584241 -0.00025509517300132837 0.00037082681444478661 -5.8565119139401502e-05 -7.324354898771941e-05 0.00013245132330049535 -3.4869057624883023e-05 0.00019340668133011559 2.5609169901722741e-05 -0.00020064753256385538 0.00017347151427731178 0.00047041535015202886 0.00015641221329471604 -0.00016714249156809074 2.3756105608792904e-05 -0.001216869296806431 0.00010384534316471575 0.00010670516293484915 -0.004040331763438894 0.00098054077177444471 -0.00022910483323408489 -0.0017279528334275636 -0.00010968732110234833 0.00039648618777231325 -9.9238411253893164e-05 0.00034754525346862542
leaf_weight=32 27 22 19 24 30 181 96 28 64 33 479 21 25 27 46 21 27 34 19 22 19 28 22 21 24 31 20 19
leaf_count=32 27 22 19 24 30 181 96 28 64 33 479 21 25 27 46 21 27 34 19 22 19 28 22 21 24 31 20 19
internal_value=-0.00239358 -0.00190336 -0.00925137 -0.000330125 0.000336997 -0.000345999 0.00642244 -0.00220521 -0.00288495 -0.00021695 0.00252967 -0.0167613 0.00301207 0.00689747 0.00182421 -0.0112625 -0.00450501 0.00426986 -0.00359775 -0.0102497 -0.014391 -0.00792974 -0.0185027 -0.0331328 -0.00910681 -0.00610939 -0.0235489 0.0136336
internal_weight=1461 1429 252 1177 1153 1123 242 881 853 597 512 85 215 169 142 46 230 91 72 139 117 98 70 43 256 212 44 38
internal_count=1461 1429 252 1177 1153 1123 242 881 853 597 512 85 215 169 142 46 230 91 72 139 117 98 70 43 256 212 44 38
is_linear=0
shrinkage=0.129519


Tree=211
num_leaves=27
num_cat=0
split_feature=13 9 9 14 14 0 26 13 11 14 26 14 10 1 14 1 13 0 14 0 14 12 12 0 5 0
split_gain=1.52351 0.79438 0.672489 0.682378 1.23429 2.2566 1.21905 1.96965 2.01561 1.17204 1.14683 1.36376 1.80995 1.83856 1.11853 2.1148 1.35584 1.07991 1.005 0.965536 1.31478 1.80831 0.952381 0.9 0.4 0.381818
threshold=0.99618957151386123 0.99907018497641642 0.99552231814189462 -0.79902849257019848 -0.95627437956561623 4.5000000000000009 -22.499999999999996 0.038694985031638006 -0.091260668982868137 -0.73282764931651345 -9.4999999999999982 -0.4450496004250572 -0.94703994556331683 14.500000000000002 -0.10623912647794688 5.5000000000000009 0.98540325053957545 3.5000000000000004 -0.87603971526095259 3.5000000000000004 -0.88218783483277374 -0.2541403592533874 -0.050510150083665342 1.5000000000000002 152.50000000000003 1.5000000000000002
decision_type=2 2 2 2 2 2 2 2 2 2 2 2 2 2 2 2 2 2 2 2 2 2 2 2 2 2
left_child=1 2 3 4 6 19 -1 17 -9 22 -11 12 -12 -14 15 -13 -16 23 -7 20 21 -6 -5 -8 -2 -22
right_child=24 -3 -4 9 5 18 7 8 -10 10 11 14 13 -15 16 -17 -18 -19 -20 -21 25 -23 -24 -25 -26 -27
leaf_value=0.0015214035880355217 -0.0013313740630607313 -9.3671640363967691e-06 0.00024226333636506034 -0.00060497761127881351 4.6730723448153341e-05 3.8322422158880312e-05 -2.0313302922472939e-06 -4.4648956821896091e-05 -0.00045706803880773175 -0.000341549796312346 -0.00016209473911740448 -0.00010439091541992189 0.00024362368223572413 0.00022742079207187439 -1.3108853688824825e-05 -0.0001057612008867751 0.00043255122735706339 -0.0015722382283353603 -0.00076598535334838013 0.00071025563643260586 -0.00017553778615942561 0.00053378333363766895 -7.8314908721741135e-05 0.00071464477138332783 -0.00013314336548655748 0.0018681394766808018
leaf_weight=20 20 20 24 28 28 27 20 32 19 21 36 20 36 81 685 122 28 29 19 22 20 22 20 20 20 22
leaf_count=20 20 20 24 28 28 27 20 32 19 21 36 20 36 81 685 122 28 29 19 22 20 22 20 20 20 22
internal_value=-0.000975161 -0.000273439 9.24476e-05 -0.000282177 0.00518077 0.0129519 -0.00370055 -0.00863461 -0.0279355 -0.00180389 -0.000881083 -0.000256982 0.0110049 0.018819 -0.00227227 -0.0127695 -0.000181654 0.00563127 -0.0112625 0.0227227 0.0168938 0.0310846 -0.0215865 0.0194279 -0.0259038 0
internal_weight=1461 1421 1401 1377 300 160 140 120 51 1077 1029 1008 153 117 855 142 713 69 46 114 92 50 48 40 40 42
internal_count=1461 1421 1401 1377 300 160 140 120 51 1077 1029 1008 153 117 855 142 713 69 46 114 92 50 48 40 40 42
is_linear=0
shrinkage=0.129519


Tree=212
num_leaves=22
num_cat=2
split_feature=12 12 14 14 0 9 9 13 11 26 0 14 1 0 10 20 23 20 2 13 1
split_gain=1.10859 1.51709 0.880634 1.45204 1.46616 3.666 2.18182 2.00619 1.82702 1.19541 0.964286 0.781666 0.842895 3.67159 4.94023 3.14881 1.24772 2.50733 0.832473 0.845464 0.779221
threshold=-0.99763124042248752 -0.99273797715557011 -0.888189110185296 -0.93079825625447066 3.5000000000000004 0.83849049182116964 0.82899317702918729 0.074117039608866217 -0.19337636264337832 -16.499999999999996 2.5000000000000004 -0.85672464624562206 27.500000000000004 4.5000000000000009 -0.54219087765047058 0 1.0000000180025095e-35 1 50.500000000000007 0.98192675877128088 21.500000000000004
decision_type=2 2 2 2 2 2 2 2 2 2 2 2 2 2 2 9 2 9 2 2 2
left_child=-1 -2 3 4 6 8 7 -3 -6 -4 -5 -11 16 14 -14 -16 18 -18 19 -13 -20
right_child=1 2 9 10 5 -7 -8 -9 -10 11 -12 12 13 -15 15 -17 17 -19 20 -21 -22
leaf_value=-3.4589038400524348e-05 0.00033989218133733415 0.00028310612838007679 -0.0013517023083324583 2.7887466591979591e-05 -0.0007879616366855836 -0.0070510382464368682 0.00094870852971271351 -0.00025444386702168717 0.0017970646121369515 -0.00029293964455325943 0.0015937565407505485 3.1946957731469385e-06 0.0018528176314061623 -0.0002885122083811107 0.00012649423172466539 -0.00034845163352749327 0.00024864824571889138 -0.00014203401741714276 -0.0013209081565597812 -6.6662856421359238e-05 -6.9647520140453709e-06
leaf_weight=32 24 38 19 21 26 19 27 34 28 29 27 898 26 32 32 24 28 24 22 31 20
leaf_count=32 24 38 19 21 26 19 27 34 28 29 27 898 26 32 32 24 28 24 22 31 20
internal_value=-0.000443255 9.06362e-05 -0.000460922 0.00706468 0.00150604 -0.0124196 0.0117745 0 0.00479701 -0.00185808 0.0269832 -0.00133296 -0.000797391 -0.0113613 0.003159 -0.0185027 0.000379822 0.019926 -0.000666937 0.000139418 -0.0185027
internal_weight=1461 1429 1405 220 172 73 99 72 54 1185 48 1166 1137 114 82 56 1023 52 971 929 42
internal_count=1461 1429 1405 220 172 73 99 72 54 1185 48 1166 1137 114 82 56 1023 52 971 929 42
cat_boundaries=0 1 2
cat_threshold=8 8
is_linear=0
shrinkage=0.129519


Tree=213
num_leaves=22
num_cat=0
split_feature=9 26 9 0 0 26 14 1 1 14 0 1 14 11 14 0 9 0 9 1 1
split_gain=0.726168 1.45665 1.86457 1.40881 4.37576 1.32487 1.31304 1.54912 1.27536 1.6165 2.16541 1.24566 2.42993 1.13821 1.13817 0.747608 1.4278 1.33333 0.982456 1.19786 0.848077
threshold=0.92922379131507438 -26.499999999999996 0.83849049182116964 3.5000000000000004 1.5000000000000002 -12.499999999999998 -0.99324539968045167 1.5000000000000002 5.5000000000000009 -0.13824743433110562 1.5000000000000002 8.5000000000000018 -0.20812201737948546 0.98702314536340263 -0.89974715708216946 3.5000000000000004 0.96687895796550427 2.5000000000000004 0.95998215779580554 18.500000000000004 11.500000000000002
decision_type=2 2 2 2 2 2 2 2 2 2 2 2 2 2 2 2 2 2 2 2 2
left_child=1 -1 5 4 -4 13 -7 -8 9 -9 -11 12 -10 -3 -13 17 -17 18 -2 -20 -18
right_child=15 2 3 -5 -6 6 7 8 11 10 -12 14 -14 -15 -16 16 20 -19 19 -21 -22
leaf_value=0.0010932734250361125 4.4818475727421632e-05 0.00036447917019352449 -0.00067326380868231513 -0.0024872886243783457 0.00097350394334520872 0.00032965425318569406 0.0001973634494294143 -0.00030028283609779465 -0.00012272965069623379 0.0039353019148267564 -0.00030070442549269479 0.00016283087695923064 0.00042960429756813516 -3.3256643664497896e-05 -4.1567235050148728e-05 0.0010444788396562208 0.00013043447410319189 -4.9930798922390617e-05 -0.00011412318127901963 0.00013723096385686399 -0.0003744835065609438
leaf_weight=19 19 21 24 35 20 32 28 32 52 25 70 77 66 20 764 24 20 25 34 22 32
leaf_count=19 19 21 24 35 20 32 28 32 52 25 70 77 66 20 764 24 20 25 34 22 32
internal_value=-0.000443255 -0.0015119 -0.00204612 -0.0213133 -0.00588723 -0.000763803 -0.00158226 -0.0023253 -0.00310083 -0.0152975 -0.0068168 -0.00148562 0.0109762 0.022113 -0.00323413 0.00735904 0.017042 0 0.00863461 0 0.00498151
internal_weight=1461 1285 1266 79 44 1187 1146 1114 1086 127 95 959 118 41 841 176 76 100 75 56 52
internal_count=1461 1285 1266 79 44 1187 1146 1114 1086 127 95 959 118 41 841 176 76 100 75 56 52
is_linear=0
shrinkage=0.129519


Tree=214
num_leaves=31
num_cat=1
split_feature=23 20 9 9 1 9 1 2 9 5 9 15 15 15 17 12 24 10 15 1 0 0 0 14 2 14 14 14 1 1
split_gain=1.26474 2.21688 1.17657 0.799418 1.5744 1.20013 1.08484 0.959664 1.15714 0.972507 0.655044 0.56218 3.9842 1.64548 3.73823 2.5293 0.886364 2.74051 1.34051 1.60952 1.3149 0.663462 2.17391 0.566057 0.850522 0.858131 1.4715 0.840278 0.49079 0.226991
threshold=1.0000000180025095e-35 0 0.39036257410962039 0.8697513045430848 26.500000000000004 0.9893236546938301 5.5000000000000009 15.500000000000002 0.94704596667653973 82.500000000000014 0.84773968378660736 0.59868754826434312 0.66768962270111687 0.40319675393412696 1.0000000180025095e-35 -0.22701029611497392 1.0000000180025095e-35 0.53312596302726967 0.89260960731044081 20.500000000000004 2.5000000000000004 2.5000000000000004 4.5000000000000009 0.99646492433694434 6.5000000000000009 0.88220619093308628 0.90802297599532811 0.836143665535245 13.500000000000002 18.500000000000004
decision_type=2 9 2 2 2 2 2 2 2 2 2 2 2 2 2 2 2 2 2 2 2 2 2 2 2 2 2 2 2 2
left_child=3 -2 -3 10 5 7 -7 9 -9 28 11 13 -13 23 15 -15 17 18 20 -20 -14 -18 -23 24 -1 27 -27 -26 -5 -30
right_child=1 2 -4 4 -6 6 -8 8 -10 -11 -12 12 16 14 -16 -17 21 -19 19 -21 -22 22 -24 -25 25 26 -28 -29 29 -31
leaf_value=0.00019096645777665362 0.00015321288562778425 0.00051256579643950537 -0.00021167858593484719 0.00036940900998683212 0.00028428113714299645 5.1336516262552806e-05 -0.00085049239047974034 0.00023609679388575901 -8.0452175538688533e-05 0.0015286669495591602 -0.00098877774197582403 -0.00051289476390639448 -8.8613393221614721e-05 0.0002030286325541923 -0.0010773854066527947 0.00059125348674659369 0.00014524365156217008 -0.00068174061768951186 -0.0015755623842146583 -1.010814989172886e-05 0.00022601724278392473 -2.8896124379813082e-05 3.4232014934725406e-05 6.2247106265074894e-05 -4.5957719783974361e-05 -0.00037993524685896553 -0.00013376344783755397 0.0040180533737299347 -1.3739699637714059e-05 0.00012932597967669834
leaf_weight=26 30 19 22 37 32 19 27 24 21 25 20 35 38 32 25 30 32 20 21 84 45 23 23 21 576 19 72 24 20 19
leaf_count=26 30 19 22 37 32 19 27 24 21 25 20 35 38 32 25 30 32 20 21 84 45 23 23 21 576 19 72 24 20 19
internal_value=-0.000443255 0.0164179 -0.003159 -0.00130451 0.0057821 0.00134916 -0.0168938 0.00709694 -0.00863461 0.014106 -0.00266592 -0.00226037 -0.00685927 -0.000470979 0.016376 0.0334243 -0.00181146 -0.00622688 -0.00137786 -0.0111016 0.0109233 0.00996301 0 -0.002457 -0.00307089 -0.00393618 -0.0156562 -0.00215865 0.0068168 -0.003321
internal_weight=1461 71 41 1390 224 192 46 146 45 101 1166 1146 321 825 87 62 286 208 188 105 83 78 46 738 717 691 91 600 76 39
internal_count=1461 71 41 1390 224 192 46 146 45 101 1166 1146 321 825 87 62 286 208 188 105 83 78 46 738 717 691 91 600 76 39
cat_boundaries=0 1
cat_threshold=8
is_linear=0
shrinkage=0.129519


Tree=215
num_leaves=30
num_cat=0
split_feature=12 12 1 26 2 14 1 1 16 14 14 0 16 26 26 11 16 16 1 2 15 15 26 5 0 16 14 2 5
split_gain=1.12514 1.50011 0.832967 2.30446 2.77868 1.06877 1.47507 1.2787 1.27121 0.941604 1.53819 1.06008 2.87049 2.45629 2.45407 2.16346 1.72045 1.61161 1.34175 1.05226 1 0.86972 0.847118 1.78268 0.783875 0.702024 0.679148 0.307018 0.105263
threshold=-0.99763124042248752 -0.99273797715557011 8.5000000000000018 7.5000000000000009 8.5000000000000018 -0.048361937605030693 6.5000000000000009 1.5000000000000002 -0.28107536821332468 -0.89974715708216946 -0.93079825625447066 2.5000000000000004 0.8872155470527846 4.5000000000000009 -5.4999999999999991 0.98519415784776321 -0.21862536810265687 0.81304046271159391 29.500000000000004 26.500000000000004 -0.29343379936893915 -0.86330057456837561 -18.499999999999996 156.50000000000003 2.5000000000000004 0.037621334799591753 -0.99698452691574591 31.500000000000004 34.500000000000007
decision_type=2 2 2 2 2 2 2 2 2 2 2 2 2 2 2 2 2 2 2 2 2 2 2 2 2 2 2 2 2
left_child=-1 -2 3 4 28 22 7 -7 -9 10 19 12 13 15 -13 16 -11 18 21 24 -19 -16 -6 -24 -4 -12 -25 -8 -3
right_child=1 2 9 -5 5 6 27 8 -10 11 25 14 -14 -15 17 -17 -18 20 -20 -21 -22 -23 23 26 -26 -27 -28 -29 -30
leaf_value=-3.3928319226253807e-05 0.00028816426217470435 0.0059013935392334292 -0.00015563697046231084 -0.0005636172864066396 0.0003284132845904249 0.00020160607292285486 5.0847553124744503e-05 5.4184914220486683e-05 -0.0007403373423844618 -0.00016070327080305345 0.0026259886452906283 -0.00026682391670164305 0.00060009619891378014 0.00075796801808884827 5.1334254186035562e-05 0.0001431688495857816 4.7009664010539568e-06 -5.6703675628152717e-05 0.00016369000672144176 0.00011446435745894051 -0.00035906999033443946 -6.9041075749086615e-05 -0.0052799747645348423 0.00022204885538176818 0.00028533708562230182 9.676653741746253e-05 -8.2120533741919009e-05 0.0020683136086235964 6.322675864717505e-05
leaf_weight=32 24 19 19 22 19 19 19 73 21 118 19 30 22 30 71 33 198 32 23 30 32 354 21 19 28 20 74 21 19
leaf_count=32 24 19 19 22 19 19 19 73 21 118 19 30 22 30 71 33 198 32 23 30 32 354 21 19 28 20 74 21 19
internal_value=-0.000265953 0.000271909 -0.000276553 0.00524066 0.00799501 0.00362291 0.0110049 0.00343856 -0.00275573 -0.00207916 0.00893235 -0.0034337 0.00161495 -0.00102522 -0.00716896 -0.00408227 -0.00737767 -0.00505934 -0.00231284 -0.00168207 -0.0242848 -0.00396176 -0.00486914 -0.00908906 -0.0137786 0.029889 -0.00139268 0.0323798 0.0409008
internal_weight=1461 1429 1405 346 324 286 153 113 94 1059 116 943 401 379 542 349 316 512 448 77 64 425 133 114 47 39 93 40 38
internal_count=1461 1429 1405 346 324 286 153 113 94 1059 116 943 401 379 542 349 316 512 448 77 64 425 133 114 47 39 93 40 38
is_linear=0
shrinkage=0.129519


Tree=216
num_leaves=13
num_cat=0
split_feature=12 9 26 26 8 2 14 2 1 13 1 13
split_gain=1.05967 1.19412 0.743927 1.39617 0.894189 1.68421 1.05666 0.995466 1.76558 1.61869 1.31717 0.676821
threshold=-0.99763124042248752 0.99466373373798567 -26.499999999999996 -20.499999999999996 1.0000000180025095e-35 29.500000000000004 0.9953013416090124 29.500000000000004 28.500000000000004 0.98372640911059162 28.500000000000004 -0.89405649444168434
decision_type=2 2 2 2 2 2 2 2 2 2 2 2
left_child=-1 2 -2 -4 6 -6 7 8 9 -5 11 -9
right_child=1 -3 3 4 5 -7 -8 10 -10 -11 -12 -13
leaf_value=-2.9533952294841748e-05 0.00028245256938381726 7.8634303241743964e-05 -0.0002418798732803315 2.5182924165563548e-05 -0.00041700755155516103 0.00043135338638972446 0.00011298516191622446 0.00011321080041931509 0.0026217046112909609 -0.00034894138097966185 -0.00038046868143869905 -5.3600648078674129e-05
leaf_weight=32 24 32 24 617 19 19 36 123 25 35 36 439
leaf_count=32 24 32 24 617 19 19 36 123 25 35 36 439
internal_value=-0.000975161 -0.000453181 -0.00101984 -0.00141499 -0.000864101 -0.0204504 -0.000296382 -0.000914253 0.00248707 0.00119189 -0.00476492 -0.00322646
internal_weight=1461 1429 1397 1373 1349 38 1311 1275 677 652 598 562
internal_count=1461 1429 1397 1373 1349 38 1311 1275 677 652 598 562
is_linear=0
shrinkage=0.129519


Tree=217
num_leaves=25
num_cat=0
split_feature=1 15 8 1 12 9 1 26 11 0 0 9 10 10 0 14 14 16 26 16 16 10 16 10
split_gain=1.25854 1.44444 1.19756 1.92667 0.60348 2.37111 0.557236 1.59901 1.15386 1.51363 1.09677 2.28396 2.59384 2.23418 3.27663 0.882939 1.63256 1.10474 1.02811 0.931944 1.60916 0.839683 0.702024 0.596221
threshold=28.500000000000004 -0.24997966872820673 1.0000000180025095e-35 29.500000000000004 -0.99763124042248752 0.99466373373798567 8.5000000000000018 8.5000000000000018 0.89404822654372251 3.5000000000000004 3.5000000000000004 0.85673801594079257 0.57605713708605399 0.57605713708605399 2.5000000000000004 -0.89974715708216946 -0.93079825625447066 0.89209344856396755 -15.499999999999998 0.83966269339699229 0.79381460093486933 0.39629089145655316 0.037621334799591753 0.13185577213185917
decision_type=2 2 2 2 2 2 2 2 2 2 2 2 2 2 2 2 2 2 2 2 2 2 2 2
left_child=4 -2 3 -3 -1 6 7 8 10 -10 13 12 -12 14 -6 16 21 18 -17 20 -20 -8 -18 -21
right_child=1 2 -4 -5 5 -7 15 -9 9 -11 11 -13 -14 -15 -16 17 22 -19 19 23 -22 -23 -24 -25
leaf_value=-1.4536956323639051e-05 -0.00042525249032919049 -9.0591743725238798e-05 -0.00026920017728202471 0.00065006721632487755 -0.00019705235717225371 0.00018660174192715093 -0.00081045925071430395 -0.00051934212133542175 5.4343796429744553e-05 0.00011299417474642238 0.00015944224657624028 -0.0030892836797110105 -0.0024778358596976944 0.0029528091758767678 0.0019372517552690243 -3.8421052954865275e-05 0.0022928151487087095 0.00014953747726392241 -3.5678302614882202e-05 -6.5858408559332746e-05 0.00058481276668406442 0.00022365201048227043 8.0971747297937677e-05 -0.00022765050741296004
leaf_weight=26 36 29 32 20 95 21 20 21 27 20 70 19 29 32 29 26 19 33 734 19 28 36 20 20
leaf_count=26 36 29 32 20 95 21 20 21 27 20 70 19 29 32 29 26 19 33 734 19 28 36 20 20
internal_value=-0.00150707 -0.014391 -0.00479701 0.00792974 -0.000385474 0 -0.000699024 0.00378711 0.0060523 0.0248015 0.00283619 -0.00658572 0.00130827 0.00996301 0.00208902 -0.00230558 0.00954352 -0.00361449 -0.00454178 -0.00371903 -0.00271956 -0.00462568 0.029889 -0.023247
internal_weight=1461 117 81 49 1344 1318 1297 342 321 47 274 118 99 156 124 955 95 860 827 801 762 56 39 39
internal_count=1461 117 81 49 1344 1318 1297 342 321 47 274 118 99 156 124 955 95 860 827 801 762 56 39 39
is_linear=0
shrinkage=0.129519


Tree=218
num_leaves=22
num_cat=0
split_feature=9 9 14 0 15 12 9 15 15 15 15 15 16 1 23 0 0 10 10 10 0
split_gain=1.62273 1.47752 1.39471 0.627964 2.86724 2.73643 2.22313 1.99331 2.97154 2.67118 2.03867 1.1989 1.06978 3.62536 1.89407 1.59669 2.32121 1.09142 2.01255 1.44 0.730827
threshold=0.99907018497641642 0.99466373373798567 0.99895983886342388 4.5000000000000009 -0.84080672043737914 -0.58481178939031186 0.92273069556937581 0.98153590997917928 0.67799886003753596 0.57075747273004163 0.82232367638424475 0.99348475779378076 -0.92921788351138435 20.500000000000004 1.0000000180025095e-35 1.0000000180025095e-35 3.5000000000000004 0.94909129669788206 0.83730377313544024 0.96633974041180482 5.5000000000000009
decision_type=2 2 2 2 2 2 2 2 2 2 2 2 2 2 2 2 2 2 2 2 2
left_child=1 2 3 11 5 -5 7 8 9 -6 -10 12 13 15 17 -1 -17 18 -14 -19 -7
right_child=-2 -3 -4 4 6 20 -8 -9 10 -11 -12 -13 14 -15 -16 16 -18 19 -20 -21 -22
leaf_value=0.0027629277998236319 -3.6882939512077853e-05 0.00010898629912365395 0.00030672554654317518 -0.0018952939251935894 -0.00015976442582195757 0.00091928220686079238 0.0014239256121448747 -0.00038339212971085559 0.0028542118680221591 -0.0035609165479625195 -3.0890404719803255e-05 0.00037844070982873411 -2.5508191454318142e-05 0.0090443125239141366 0.0010787339818916328 -0.0011003395925389568 0.00079757344226067479 0.0058238230959818185 -0.00028126807618072394 -6.9519565876774146e-05 0.00036590878251244115
leaf_weight=19 20 28 21 29 190 21 31 26 19 20 45 34 625 19 35 66 23 20 71 80 19
leaf_count=19 20 28 21 29 190 21 31 26 19 20 45 34 625 19 35 66 23 20 71 80 19
internal_value=-0.00221628 -0.00170775 -0.00229156 -0.00279136 -0.00712355 0.0168938 -0.0121302 -0.0155423 -0.0122901 -0.0197363 0.0121424 -0.00104451 -0.00189276 0.00917852 -0.00358477 0 -0.00727636 -0.00488137 -0.00669927 0.00777115 0.0388557
internal_weight=1461 1441 1413 1392 400 69 331 300 274 210 64 992 958 127 831 108 89 796 696 100 40
internal_count=1461 1441 1413 1392 400 69 331 300 274 210 64 992 958 127 831 108 89 796 696 100 40
is_linear=0
shrinkage=0.129519


Tree=219
num_leaves=20
num_cat=0
split_feature=9 9 14 16 15 16 1 23 15 1 10 11 14 26 14 9 9 5 15
split_gain=1.60706 1.4956 1.41018 1.17337 3.04762 2.22883 1.49783 1.28056 1.11445 2.27572 1.09185 0.821794 0.694623 0.656971 2.07801 1.06733 0.502538 0.570218 0.482143
threshold=0.99907018497641642 0.99466373373798567 0.99895983886342388 -0.88622145408796527 -0.3261349169468733 -0.85227283847737434 16.500000000000004 1.0000000180025095e-35 0.20706980980792622 11.500000000000002 0.29958852271690523 -0.92273922871446856 -0.60896197981157163 -4.4999999999999991 -0.9399179710378005 0.10837544681456417 0.66527693225344786 232.50000000000003 -0.55298179881746712
decision_type=2 2 2 2 2 2 2 2 2 2 2 2 2 2 2 2 2 2 2
left_child=1 2 3 4 -1 -5 8 11 12 -10 -9 18 -6 14 -13 -15 17 -8 -7
right_child=-2 -3 -4 5 6 7 16 10 9 -11 -12 13 -14 15 -16 -17 -18 -19 -20
leaf_value=-0.0010666267974085452 -3.2105892684553805e-05 9.487048673540806e-05 0.00026699871569814577 0.0003160009796942388 -0.00028202568163170105 -0.00013362312407648173 0.0010195473073825918 -0.00011550621243239821 -0.00016672073965569553 0.0011389710966987381 0.0004965674306223009 0.00027127049895208245 -0.0008350688529301021 -7.162858566101533e-05 -0.00056736441715423986 3.0146079394024526e-05 -1.0374142209130598e-05 0.0007019360974422317 -4.8101701971335435e-05
leaf_weight=32 20 28 21 32 25 24 19 19 31 33 32 35 22 587 22 385 35 27 32
leaf_count=32 20 28 21 32 25 24 19 19 31 33 32 35 22 587 22 385 35 27 32
internal_value=-0.00239358 -0.00188751 -0.00247489 -0.00297745 -0.0115642 -0.00133068 -0.00539663 -0.00228027 -0.0151689 -0.00404747 0.0177771 -0.00322306 -0.030313 -0.00239151 -0.0159059 -0.001599 0.00799501 0.0168938 -0.0185027
internal_weight=1461 1441 1413 1392 224 1168 192 1136 111 64 51 1085 47 1029 57 972 81 46 56
internal_count=1461 1441 1413 1392 224 1168 192 1136 111 64 51 1085 47 1029 57 972 81 46 56
is_linear=0
shrinkage=0.129519


Tree=220
num_leaves=41
num_cat=1
split_feature=9 14 20 0 5 9 14 14 14 14 0 14 5 11 11 1 14 0 0 12 0 15 5 0 16 17 11 15 15 15 5 14 1 14 2 0 0 11 1 0
split_gain=1.70221 0.892719 1.28229 1.33501 2.45775 3.02222 1.65288 1.05441 2.90798 2.22398 1.04684 1.0257 1.005 0.991975 0.960317 0.902256 0.900861 1.19876 3.05726 1.34456 1.16719 1.37292 1.56155 3.04762 2.3652 3.69793 2.28571 1.33943 3.32468 2.23863 1.31751 1.31511 1.58681 1.4829 0.843108 0.803571 1.92 0.916364 0.549491 0.614942
threshold=0.99907018497641642 0.76279383704596826 0 3.5000000000000004 244.50000000000003 0.76140650896573492 0.93313652766413646 0.93081762381485633 0.87913206718375714 0.97604324744969628 1.5000000000000002 0.9908174711139236 255.50000000000003 -0.92273922871446856 -0.95244167294248061 10.500000000000002 0.45081697745386168 1.0000000180025095e-35 1.5000000000000002 0.76558174705471205 2.5000000000000004 -0.9873387547174689 74.500000000000014 5.5000000000000009 -0.42958798411962218 1.0000000180025095e-35 0.98091558679606183 -0.92436682192247444 -0.99051733471092085 -0.86330057456837561 176.50000000000003 -0.95627437956561623 28.500000000000004 -0.99166805921824908 49.500000000000007 4.5000000000000009 2.5000000000000004 -0.99275346941927067 14.500000000000002 4.5000000000000009
decision_type=2 2 9 2 2 2 2 2 2 2 2 2 2 2 2 2 2 2 2 2 2 2 2 2 2 2 2 2 2 2 2 2 2 2 2 2 2 2 2 2
left_child=1 13 -3 7 5 6 -5 8 10 -9 -4 -11 -6 14 35 -7 20 -18 -19 38 27 -22 23 26 25 -24 -23 28 -15 -29 -26 33 -33 -31 -21 36 37 -1 -20 -40
right_child=-2 2 3 4 12 15 -8 9 -10 11 -12 -13 -14 16 -16 -17 17 18 19 34 21 22 24 -25 30 -27 -28 29 -30 31 -32 32 -34 -35 -36 -37 -38 -39 39 -41
leaf_value=-0.000657324170589555 -2.7947564882526499e-05 0.00011342551243959258 0.00069661619921797279 0.00042314881400667395 -0.0026935313628119804 3.3421168816694047e-05 0.0051935471755055924 -0.00093368171056822612 0.00024778721258748805 0.0038266331521588149 -0.0022815028402715671 -0.00013182795160477192 3.5785088007376191e-05 -0.00050338098675553567 -0.00022625912294290816 -0.00024806070855760428 7.1226277499181605e-05 -0.0014270790298512579 0.00022957884904744257 2.4589291602344008e-05 0.00055469914581177376 -0.00037775081056214019 0.0028521070325110125 7.8108894188693798e-05 4.5444142591640034e-05 -0.00036168929048905588 -0.00031724532264361974 -0.0021419364731764122 0.0023810242904913161 0.00026797284127972037 -0.00010054594644028145 8.8582989343168723e-05 -0.00015048546425225554 -0.00025919428659407635 -0.00070519223316425894 -0.0010924999318103425 0.0031181086153814581 0.0018548948454105935 -0.00043285024137756451 -3.7569086181342491e-05
leaf_weight=22 20 22 27 22 19 19 23 37 31 20 24 37 27 22 32 21 21 22 22 21 25 63 33 28 89 21 21 20 28 20 185 210 24 27 19 32 30 28 28 19
leaf_count=22 20 22 27 22 19 19 23 37 31 20 24 37 27 22 32 21 21 22 22 21 25 63 33 28 89 21 21 20 28 20 185 210 24 27 19 32 30 28 28 19
internal_value=-0.00132977 -0.000808933 0.00511778 0.00295321 0.012853 0.0259038 0.0489295 -0.00441543 0.00631801 -0.0137786 -0.012698 0.00227227 -0.0112625 -0.00256243 -0.0125921 0 -0.00107041 -0.0102252 -0.0148304 -0.00594125 0.000634898 -0.00362097 -0.00529851 -0.0185027 -0.000789751 0.023985 -0.0308379 0.00627301 0.0259038 0.00301207 -0.00567237 0.00599199 0.00996301 -0.0137786 0.0129519 -0.00693853 0 -0.0155423 -0.0168938 -0.0248015
internal_weight=1461 1441 329 307 131 85 45 176 82 94 51 57 46 1112 144 40 968 152 131 109 816 465 440 112 328 54 84 351 50 301 274 281 234 47 40 112 80 50 69 47
internal_count=1461 1441 329 307 131 85 45 176 82 94 51 57 46 1112 144 40 968 152 131 109 816 465 440 112 328 54 84 351 50 301 274 281 234 47 40 112 80 50 69 47
cat_boundaries=0 1
cat_threshold=1
is_linear=0
shrinkage=0.129519


Tree=221
num_leaves=30
num_cat=0
split_feature=1 0 10 12 15 14 9 5 1 16 0 15 0 26 5 26 1 1 2 15 16 16 0 14 16 0 0 16 0
split_gain=1.43769 1.45048 2.65846 1.84222 1.32592 1.28976 1.27566 1.42223 1.5088 2.11657 1.47061 1.89375 3.13043 1.18073 2.18127 1.92657 1.10122 0.982175 0.979757 0.761827 0.734225 2.2083 1.23943 2.54009 2.08611 1.84102 0.901286 1.23626 0.613089
threshold=28.500000000000004 3.5000000000000004 -0.03976928634766979 -0.45848288923838371 -0.1563279112617614 0.99895983886342388 0.10837544681456417 182.50000000000003 23.500000000000004 -0.78593042371753896 4.5000000000000009 -0.41887844496219279 1.5000000000000002 6.5000000000000009 34.500000000000007 20.500000000000004 22.500000000000004 21.500000000000004 50.500000000000007 0.070900298346092461 0.46419330791565666 0.54218210310927939 5.5000000000000009 -0.29548893422398248 0.27280117299209999 1.0000000180025095e-35 5.5000000000000009 0.65232148856474714 3.5000000000000004
decision_type=2 2 2 2 2 2 2 2 2 2 2 2 2 2 2 2 2 2 2 2 2 2 2 2 2 2 2 2 2
left_child=5 3 -3 -2 -5 6 7 -1 16 -10 11 -11 -13 14 -8 28 17 18 19 -9 22 -22 24 -24 25 -16 27 -23 -15
right_child=1 2 -4 4 -6 -7 13 8 9 10 -12 12 -14 15 20 -17 -18 -19 -20 -21 21 26 23 -25 -26 -27 -28 -29 -30
leaf_value=-0.0013782768695612588 8.6181132100405437e-05 0.00049188279233678485 -0.0013636930765079738 -0.00035414497199786146 0.00010426328032554118 0.00022558903152030655 -0.00061106689101350913 4.4973243396864673e-05 0.00028030701928935726 -0.00012032693372626781 -0.00011404230519324286 -5.9762902686465933e-06 0.00046167045709523516 5.971479670290475e-05 0.00025432433522334702 -0.00013095115241115206 -0.0027238994071860931 0.00073998665998009411 -0.00095797773147305709 -0.00014802885908490724 0.00058234086582358078 -0.00085038796797657929 0.00050074528514790532 -0.00010840626570020806 -0.00091827752921079433 -4.676285625963514e-05 -0.00042001703511733955 0.00011974074783837726 0.00026005406213323509
leaf_weight=36 25 24 26 23 19 19 27 203 22 19 33 23 23 29 47 22 24 24 19 272 20 21 28 26 30 242 19 96 20
leaf_count=36 25 24 26 23 19 19 27 203 22 19 33 23 23 29 47 22 24 24 19 272 20 21 28 26 30 242 19 96 20
internal_value=-0.000620557 -0.014391 -0.0310846 -0.00193312 -0.0185027 0.00057821 9.77503e-05 -0.00371115 -0.00234778 0.0107933 0.00264325 0.0139482 0.0281563 0.00433796 0.00232948 0.0200663 -0.00525723 -0.00400059 -0.00524369 -0.00409008 0.00416224 0.0116235 0.00104171 0.019188 -0.00203008 0.00134449 0.00571408 0.00996301 0.0343622
internal_weight=1461 117 50 67 42 1344 1325 698 662 120 98 65 46 627 556 71 542 518 494 475 529 156 373 54 319 289 136 117 49
internal_count=1461 117 50 67 42 1344 1325 698 662 120 98 65 46 627 556 71 542 518 494 475 529 156 373 54 319 289 136 117 49
is_linear=0
shrinkage=0.129519


Tree=222
num_leaves=27
num_cat=0
split_feature=13 2 13 13 26 26 14 26 26 14 5 14 14 13 0 0 13 10 11 16 13 0 5 9 5 9
split_gain=1.39626 0.958884 0.981236 5.37557 1.34559 1.47143 1.09299 1.04333 1.69401 0.932674 0.871474 0.79919 1.78549 1.31109 1.72857 2.7 1.01656 0.930769 0.618575 0.542691 1.17481 0.637959 0.4 0.392157 0.3 0.1
threshold=0.99618957151386123 51.500000000000007 -0.46801289393397988 -0.41594622815551169 -26.499999999999996 -20.499999999999996 -0.82898024030189221 16.500000000000004 6.5000000000000009 -0.98992565105027064 14.500000000000002 -0.22700609751797862 -0.0096760110738828981 -0.89405649444168434 4.5000000000000009 2.5000000000000004 -0.85001289022095461 0.063390085881955258 -0.41496178719881605 0.48312959229596719 -0.75014982656592333 4.5000000000000009 152.50000000000003 -0.39826117949089107 86.500000000000014 0.98372640911059162
decision_type=2 2 2 2 2 2 2 2 2 2 2 2 2 2 2 2 2 2 2 2 2 2 2 2 2 2
left_child=1 2 6 -4 -5 -6 -1 8 9 -7 -9 19 17 14 15 -14 -15 -13 -18 20 21 23 -2 -8 25 -21
right_child=22 -3 3 4 5 7 11 10 -10 -11 -12 12 13 16 -16 -17 18 -19 -20 24 -22 -23 -24 -25 -26 -27
leaf_value=-0.00079304124399048447 -0.0014454212650670635 -0.00011904008603739948 0.00022030671795719752 0.00050036679876320773 -0.00032416784845683744 -0.00017975510961236067 0.0036171897447775784 -0.00020874670579786571 0.00011243865608511913 1.3160252983212908e-05 -0.00017208552613670499 -6.292019909345296e-05 0.00020512770701137508 -0.0051800676664714579 0.0014894536134251138 -0.00027470346458241085 -5.0782915671711566e-05 -8.1110022467081595e-05 3.6481243144949574e-05 9.5506293075199055e-05 -0.00015584234594859817 -0.00029989326496889488 -6.9462149167689207e-05 -4.0031457671653685e-05 0.0005486007840228654 -6.8499738889022391e-05
leaf_weight=24 20 34 26 19 24 57 34 31 36 671 20 32 48 20 32 32 64 20 59 20 36 22 20 20 20 20
leaf_count=24 20 34 26 19 24 57 34 31 36 671 20 32 48 20 32 32 64 20 59 20 36 22 20 20 20 20
internal_value=-0.00203897 -0.0013672 -0.000840427 0.00175818 0 -0.000771866 -0.00540736 0.000158919 0.00135622 0 -0.0177771 -0.00405592 -0.00801584 -0.00355543 0.00693853 -0.00323798 -0.0117745 -0.029889 -0.00737101 0.00301207 -0.00231284 0.0068168 -0.0259038 0.014391 0.0129519 0.00647596
internal_weight=1461 1421 1387 884 858 839 503 815 764 728 51 479 307 255 112 80 143 52 123 172 112 76 40 54 60 40
internal_count=1461 1421 1387 884 858 839 503 815 764 728 51 479 307 255 112 80 143 52 123 172 112 76 40 54 60 40
is_linear=0
shrinkage=0.129519


Tree=223
num_leaves=17
num_cat=0
split_feature=13 13 2 26 16 1 10 22 0 11 0 0 2 1 0 26
split_gain=1.10644 1.10723 1.09626 1.00238 2.18409 0.94995 1.76156 0.874475 2.33195 0.933048 2.0119 0.860119 1.47841 0.947467 0.734394 0.713833
threshold=-0.97009963647103548 0.99768613338197654 51.500000000000007 22.500000000000004 0.98899263613956478 3.5000000000000004 -0.46800559042974538 1.0000000180025095e-35 3.5000000000000004 -0.97113884758256674 3.5000000000000004 3.5000000000000004 30.500000000000004 3.5000000000000004 1.5000000000000002 15.500000000000002
decision_type=2 2 2 2 2 2 2 2 2 2 2 2 2 2 2 2
left_child=11 2 3 4 5 6 -2 9 -9 10 -7 13 -13 -1 -15 -11
right_child=1 -3 -4 -5 -6 7 -8 8 -10 15 -12 12 -14 14 -16 -17
leaf_value=2.5268282428043212e-05 0.00021904795055159191 -0.00044428470675951883 -0.00010362211575396417 -0.00064894903824166516 0.0015538192602181594 -0.00041821830902637576 -0.00053362653386764426 7.1339485011116314e-05 -0.0006945638262348886 2.6021253784019485e-05 0.00028272553566222557 -0.00011526240109803907 -2.842006901809088e-05 -2.0336759075737908e-05 -0.00079768894489796603 1.0010897896016267e-05
leaf_weight=21 24 32 34 27 28 64 33 28 22 982 48 23 25 24 19 27
leaf_count=21 24 32 34 27 28 64 33 28 22 982 48 23 25 24 19 27
internal_value=-0.00150707 -0.000480056 9.83441e-05 0.000706652 0.00123744 0.000421886 -0.0159059 0.00121666 -0.0155423 0.00196416 -0.00925137 -0.0138771 -0.0269832 -0.00404747 -0.0150604 0.0032091
internal_weight=1461 1349 1317 1283 1256 1228 57 1171 50 1121 112 112 48 64 43 1009
internal_count=1461 1349 1317 1283 1256 1228 57 1171 50 1121 112 112 48 64 43 1009
is_linear=0
shrinkage=0.129519


Tree=224
num_leaves=25
num_cat=0
split_feature=10 16 5 16 1 17 10 2 14 8 16 16 13 13 26 1 13 1 26 2 0 0 0 13
split_gain=0.791347 1.06984 1.03949 0.97008 0.94054 0.8 0.9 0.9 0.783051 0.953797 1.05909 2.63626 1.26326 0.794268 0.884594 0.743734 0.86816 0.883876 1.55819 1.80855 1.62037 0.682185 0.537608 0.306711
threshold=0.50370931781787065 -0.99465740988130913 297.50000000000006 -0.90161545992537206 3.5000000000000004 1.0000000180025095e-35 0.67007489853957602 45.500000000000007 0.99746264089885661 1.0000000180025095e-35 0.99777677850226498 0.99083579680342215 0.99398759792145908 0.86167488712516305 -20.499999999999996 28.500000000000004 -0.91597301953928589 5.5000000000000009 15.500000000000002 3.5000000000000004 3.5000000000000004 5.5000000000000009 3.5000000000000004 0.090188127683235669
decision_type=2 2 2 2 2 2 2 2 2 2 2 2 2 2 2 2 2 2 2 2 2 2 2 2
left_child=2 -2 8 5 23 6 -3 -7 9 10 11 12 13 14 -1 16 22 -18 19 -19 -20 -15 -6 -5
right_child=1 3 -4 4 15 7 -8 -9 -10 -11 -12 -13 -14 21 -16 -17 17 18 20 -21 -22 -23 -24 -25
leaf_value=-0.00050701333139276127 0.00016378869123192798 -0.00038609899917813148 0.00010696126466259485 -0.00051142607239662249 8.634268627226587e-05 3.766513550235942e-05 -0.0043556483713815541 -0.00067139366346304628 0.00081074881940552848 -0.00020977367967960357 2.1995556067030677e-05 -0.00020501511951140526 0.00035886371129851836 -0.00013350728086362719 2.2205999451331783e-05 -0.00015639040362304497 0.00017283045818708765 -0.00057330480124246513 -6.0449185596677292e-05 -1.5036787819274762e-05 0.00017841253358053406 0.0016198655966653604 0.0033722417172521997 -0.00035760753671389232
leaf_weight=22 24 20 32 33 25 20 20 20 20 27 23 19 19 109 685 33 24 24 27 156 21 20 19 19
leaf_count=22 24 20 32 33 25 20 20 20 20 27 23 19 19 109 685 33 24 24 27 156 21 20 19 19
internal_value=-0.000797859 -0.00507395 0.00132704 -0.00646191 -0.0037394 -0.0194279 -0.0323798 -0.00647596 0.00054881 0 0.000721957 0 0.00106039 0.000309854 0.00201515 -0.00118103 0.000875129 -0.00205586 -0.00454453 -0.0100737 0.0161899 -0.00903622 0.0176617 -0.019926
internal_weight=1461 485 976 461 381 80 40 40 944 924 897 874 855 836 707 329 296 252 228 180 48 129 44 52
internal_count=1461 485 976 461 381 80 40 40 944 924 897 874 855 836 707 329 296 252 228 180 48 129 44 52
is_linear=0
shrinkage=0.129519


Tree=225
num_leaves=25
num_cat=0
split_feature=8 2 14 13 2 5 26 26 14 0 1 14 5 15 1 0 0 0 15 15 15 26 2 1
split_gain=0.717169 2.08333 1.2819 1.32254 0.903698 0.972321 1.2085 1.05888 1.18931 3.34811 2.01616 1.22526 1.7732 1.44893 0.971487 1.84554 3.11688 1.31066 1.41223 1.15815 1.40766 0.834483 0.596221 0.421053
threshold=1.0000000180025095e-35 26.500000000000004 -0.99590385478523458 -0.016126489383873798 44.500000000000007 297.50000000000006 16.500000000000004 6.5000000000000009 0.89113436815123837 5.5000000000000009 8.5000000000000018 0.57253657439026184 108.50000000000001 0.98852897570736553 11.500000000000002 2.5000000000000004 4.5000000000000009 1.0000000180025095e-35 -0.10409780073360199 -0.48031983407552653 -0.75860107497549967 21.500000000000004 3.5000000000000004 24.500000000000004
decision_type=2 2 2 2 2 2 2 2 2 2 2 2 2 2 2 2 2 2 2 2 2 2 2 2
left_child=2 -2 3 -1 5 6 7 8 11 10 -10 13 -13 -4 15 -6 -17 -16 19 20 -19 -8 -9 -21
right_child=1 -3 4 -5 14 -7 21 22 9 -11 -12 12 -14 -15 17 16 -18 18 -20 23 -22 -23 -24 -25
leaf_value=0.00022600416656448841 -0.000730367328355908 0.00021886559325895682 1.4558002520431509e-05 -0.0042274055377497944 0.00015197602610316811 0.00022262124827781893 -0.00011389857274265575 3.218992259837812e-05 0.00020363702362538702 0.0016307760253056951 -0.00043305057423961661 -5.6859035644066311e-05 -0.00011690913140494366 -0.00014165639464591283 -0.00022088666755382973 -0.0014740470596929316 0.0036055363318816189 -0.00045617381225894211 0.0011953096177378163 -0.00031784034316398606 0.00088613763928931609 -0.0001789747647235792 0.000136922433538779 -8.2279077662301296e-06
leaf_weight=20 24 24 695 19 33 32 20 19 64 22 62 19 140 30 21 22 20 27 24 19 37 29 20 19
leaf_count=20 24 24 695 19 33 32 20 19 64 22 62 19 140 30 21 22 20 27 24 19 37 29 20 19
internal_value=-0.000620557 -0.0161899 -9.16625e-05 -0.023247 0.000565586 0.00202374 0.00138771 0.00229773 0.00150604 0.0122518 0.00411172 -0.00029303 -0.0105896 0.00196512 -0.00700103 -0.0189961 -0.0370055 -0.000881083 0.00411172 -0.00253959 0.00809495 -0.0185027 0.023247 -0.0204504
internal_weight=1461 48 1413 39 1374 1152 1120 1071 1032 148 126 884 159 725 222 75 42 147 126 102 64 49 39 38
internal_count=1461 48 1413 39 1374 1152 1120 1071 1032 148 126 884 159 725 222 75 42 147 126 102 64 49 39 38
is_linear=0
shrinkage=0.129519


Tree=226
num_leaves=22
num_cat=0
split_feature=11 11 1 26 5 11 14 8 2 11 0 2 0 1 9 14 26 11 22 1 1
split_gain=0.841331 2.45579 1.0714 2.69723 1.37205 1.07115 0.831334 1.0043 1.66759 0.826339 1.00762 1.83365 2.14971 2.18478 1.33718 0.914355 0.956767 1.13053 2.05041 0.677352 0.45873
threshold=0.96231527631374336 0.97364703930971175 12.500000000000002 -11.499999999999998 228.50000000000003 0.94135275643221283 -0.99923024598162502 1.0000000180025095e-35 26.500000000000004 -0.89405649444168434 4.5000000000000009 20.500000000000004 1.0000000180025095e-35 11.500000000000002 -0.65234524191686594 -0.99590385478523458 -5.4999999999999991 0.92023804793023134 1.0000000180025095e-35 21.500000000000004 11.500000000000002
decision_type=2 2 2 2 2 2 2 2 2 2 2 2 2 2 2 2 2 2 2 2 2
left_child=5 -2 -3 -4 -5 6 -1 9 -9 10 11 20 -13 -14 -12 -11 -17 18 -18 -16 -8
right_child=1 2 3 4 -6 -7 7 8 -10 15 14 12 13 -15 19 16 17 -19 -20 -21 -22
leaf_value=0.00047019170499488963 0.00012375482461094293 0.00029036904999251491 0.00040284238253963559 -0.0010860400258319424 2.1239786783335764e-07 -0.00031114329074241468 4.6070169518653961e-05 -0.0006357707757203673 0.00024606670968566833 -0.00033562594362215512 0.0072692662453376911 -0.00037378420574551622 -0.0003777730411991394 0.0007713658490092405 -0.0018979949384321205 -8.2577241135481299e-05 1.3025058199612579e-05 0.00047418194365841248 -0.0009173862090935082 -0.00057628078355695281 0.0054357202733669556
leaf_weight=20 20 25 26 29 28 32 21 24 23 20 19 22 20 63 20 33 932 19 20 21 24
leaf_count=20 20 25 26 29 28 32 21 24 23 20 19 22 20 63 20 33 932 19 20 21 24
internal_value=8.8651e-05 0.0101187 0.0023985 -0.00468141 -0.0204504 -0.000874473 -0.000298661 -0.000707755 -0.0192901 0 -0.00740109 -0.00172692 -0.0111016 -0.00156047 -0.0215865 0.0015178 0.00206405 0.00280113 0.00217679 -0.034749 0.0201474
internal_weight=1461 128 108 83 57 1333 1301 1281 47 1234 210 150 105 83 60 1024 1004 971 952 41 45
internal_count=1461 128 108 83 57 1333 1301 1281 47 1234 210 150 105 83 60 1024 1004 971 952 41 45
is_linear=0
shrinkage=0.129519


Tree=227
num_leaves=31
num_cat=0
split_feature=14 11 11 9 16 1 14 16 10 14 16 16 10 0 12 11 14 26 2 9 15 14 2 15 11 17 14 2 5 1
split_gain=0.816665 0.869881 2.60011 2.72727 0.989763 1.43695 0.940851 1.42291 1.05359 0.858296 0.877374 1.28929 1.19976 0.889827 0.810965 0.726384 0.672227 0.666799 1.0691 2.05915 0.93341 0.750893 0.921903 0.552381 0.538278 0.818182 0.512121 0.490159 1.90748 0.919355
threshold=-0.99923024598162502 0.95566275305367776 0.97872324816535827 0.59868201182722736 -0.47181043092525393 28.500000000000004 -0.43927284303377989 -0.39036731218380777 0.44312301391210612 -0.52949370013543129 0.46419330791565666 0.54218210310927939 0.29958852271690523 4.5000000000000009 -0.11905762902754288 0.77241981449888963 -0.3744658827978154 -4.4999999999999991 19.500000000000004 0.80417553764032002 -0.71201091358925084 0.80289050446179322 20.500000000000004 0.73648824221803999 0.99572776335819457 1.0000000180025095e-35 -0.6588267442005078 50.500000000000007 346.50000000000006 21.500000000000004
decision_type=2 2 2 2 2 2 2 2 2 2 2 2 2 2 2 2 2 2 2 2 2 2 2 2 2 2 2 2 2 2
left_child=-1 4 3 -3 5 17 8 -8 9 10 12 -12 26 -14 -4 16 -9 -2 19 -19 -20 22 -22 -13 -16 -26 -6 28 -18 -29
right_child=1 2 14 -5 6 -7 7 15 -10 -11 11 23 13 -15 24 -17 27 18 20 -21 21 -23 -24 -25 25 -27 -28 29 -30 -31
leaf_value=0.0004092928769072236 -0.00024379144548095403 0.00012485375131905636 -0.000503986651517043 -9.9153502167622173e-05 -0.00042387065250462885 -0.00042193622789165366 0.00012862037911091733 -0.00020112460067415948 0.00031372138488244502 0.00029230413700515566 0.0011625762741168998 -1.4919912308601721e-05 0.00016670873727706826 -0.00063704517811190395 2.173580175918164e-05 -0.00019402559085403075 -7.3697564402050825e-06 0.00026355497867565299 0.00030881145541178324 -0.0001632704018724606 0.00053937753931942913 -0.001796797734517864 -0.00018476767825027042 0.00033518338884643603 0.00035066658118008227 -0.0002775943834534491 -0.00020157562178124773 -0.00085803503300938195 0.00039869454348915532 -3.6644563246264171e-06
leaf_weight=20 27 24 20 20 20 37 32 20 24 32 20 116 53 19 32 36 447 35 19 31 21 19 163 24 22 22 24 24 20 38
leaf_count=20 27 24 20 20 20 37 32 20 24 32 20 116 53 19 32 36 447 35 19 31 21 19 163 24 22 22 24 24 20 38
internal_value=-8.8651e-05 -0.000449407 0.00925137 0.0353234 -0.0014933 -0.00735904 0.000682398 -0.00230909 0.00624189 0.00420517 0.00187709 0.00809495 -0.00669927 0.00359775 -0.00269832 -0.0037638 -0.0025951 -0.00452289 -0.00269832 0.0117745 -0.00700103 -0.00957038 -0.00703908 0.00370055 0.0034084 -0.00588723 -0.0235489 -0.00171386 -0.000277343 -0.0125341
internal_weight=1461 1441 140 44 1301 352 949 617 332 308 276 160 116 72 96 585 549 315 288 66 222 203 184 140 76 44 44 529 467 62
internal_count=1461 1441 140 44 1301 352 949 617 332 308 276 160 116 72 96 585 549 315 288 66 222 203 184 140 76 44 44 529 467 62
is_linear=0
shrinkage=0.129519


Tree=228
num_leaves=22
num_cat=0
split_feature=13 1 23 14 15 13 13 0 11 16 1 2 0 16 1 15 13 0 0 0 11
split_gain=1.02768 1.10484 1.30199 2.93333 0.826731 1.1053 1.51514 1.41693 1.61358 2.08333 1.03036 1.37712 1.43811 1.13905 0.997925 2.11113 2.00864 1.10999 1.02465 0.57112 0.512121
threshold=0.99768613338197654 1.5000000000000002 1.0000000180025095e-35 -0.33830597889949443 -0.99885295938472651 -0.46801289393397988 -0.37447172655954947 1.0000000180025095e-35 0.61237135649459018 0.43540432083943342 2.5000000000000004 19.500000000000004 1.0000000180025095e-35 -0.70289845916694615 22.500000000000004 0.84660111278280559 -0.92107319833963663 2.5000000000000004 4.5000000000000009 3.5000000000000004 0.27694220057652758
decision_type=2 2 2 2 2 2 2 2 2 2 2 2 2 2 2 2 2 2 2 2 2
left_child=1 -1 4 -4 -3 7 20 8 9 -6 -8 12 -12 -13 15 18 17 -16 -9 -17 -7
right_child=-2 2 3 -5 5 6 10 14 -10 -11 11 13 -14 -15 16 19 -18 -19 -20 -21 -22
leaf_value=0.00040507403318812933 -0.00043014807101116005 0.00011095780560059349 -0.00016496270720572112 5.6461376923395646e-05 -0.00070680274972271997 0.00014657943300442573 -0.0016470908965374475 8.0598128739645392e-06 0.00012022395169515816 -3.4527708697880969e-05 0.00048085928369606196 -0.00041491553185758789 2.9756806182767615e-05 -8.3746133399306017e-06 0.00069539015488678552 -0.00062276030451759677 0.0012594332567669227 -0.00012907091000473515 -0.00036162459515859494 -0.00014017045960177326 0.00010868280007309426
leaf_weight=36 32 24 27 33 24 24 23 178 19 24 39 86 248 397 23 20 30 42 93 19 20
leaf_count=36 32 24 27 33 24 24 23 178 19 24 39 86 248 397 23 20 30 42 93 19 20
internal_value=-0.00132977 -0.000815726 -0.00139468 0.0172692 -0.00223476 -0.00267152 0.000154742 -0.00768334 -0.0251306 -0.0377764 -0.0011433 -0.000336413 0.00676929 -0.00455864 -0.00479701 -0.00835607 0.0068168 -0.00597781 -0.00430137 -0.036531 0.0235489
internal_weight=1461 1429 1393 60 1333 1309 837 472 67 48 793 770 287 483 405 310 95 65 271 39 44
internal_count=1461 1429 1393 60 1333 1309 837 472 67 48 793 770 287 483 405 310 95 65 271 39 44
is_linear=0
shrinkage=0.129519


Tree=229
num_leaves=15
num_cat=0
split_feature=2 26 14 10 14 11 10 1 26 26 23 14 11 14
split_gain=0.993523 0.946172 1.41574 1.14419 0.884054 2.10435 1.6 0.871474 0.856734 2.22441 1.0451 2.69108 0.79779 0.4
threshold=51.500000000000007 16.500000000000004 0.99397208639875323 0.98332250088165762 -0.98131155305593898 0.84313847884979054 0.44312301391210612 14.500000000000002 -19.499999999999996 -10.499999999999998 1.0000000180025095e-35 -0.33830597889949443 0.9962888416657264 -0.99324539968045167
decision_type=2 2 2 2 2 2 2 2 2 2 2 2 2 2
left_child=1 2 3 4 5 6 -1 -3 -6 -10 12 -12 -11 -8
right_child=-2 7 -4 -5 8 -7 13 -9 9 10 11 -13 -14 -15
leaf_value=0.00017214536514379651 -8.443351515940691e-05 -0.00016038065201965808 0.00016854645074465649 0.00054602435161177517 -0.00013214850110975537 -0.00352238443583891 0.00030381677018027008 -2.8570411632471787e-05 0.00042568918070054842 -1.2834206825447398e-05 -0.00014359687824636977 0.0011150756040680353 -0.00012551067291388754 0.00012524672701170089
leaf_weight=32 34 31 35 23 36 20 20 20 32 1087 19 27 25 20
leaf_count=32 34 31 35 23 36 20 20 20 32 1087 19 27 25 20
internal_value=-0.000975161 -0.000453816 0.000188255 -0.00048292 -0.000982695 0.0112625 0.0215865 -0.0177771 -0.00190159 -0.00130608 -0.00223695 0.0168938 -0.00302833 0.0388557
internal_weight=1461 1427 1376 1341 1318 92 72 51 1226 1190 1158 46 1112 40
internal_count=1461 1427 1376 1341 1318 92 72 51 1226 1190 1158 46 1112 40
is_linear=0
shrinkage=0.129519


Tree=230
num_leaves=19
num_cat=0
split_feature=9 1 1 2 9 1 1 0 1 9 26 26 5 9 16 26 16 1
split_gain=1.43806 1.6 0.942907 1.55863 0.917601 1.68527 1.19831 1.35803 1.29977 1.05092 0.931025 2.29804 0.923662 0.658084 0.816305 1.04483 0.826586 0.252962
threshold=0.9962888416657264 5.5000000000000009 1.5000000000000002 30.500000000000004 0.8697513045430848 9.5000000000000018 26.500000000000004 3.5000000000000004 18.500000000000004 0.83376496542330847 -19.499999999999996 -10.499999999999998 100.50000000000001 0.75014288946266361 0.5690159465798138 13.500000000000002 0.66367808336324619 17.500000000000004
decision_type=2 2 2 2 2 2 2 2 2 2 2 2 2 2 2 2 2 2
left_child=2 -2 3 -1 9 -6 7 12 -9 10 -4 -12 17 14 15 -13 -16 -7
right_child=1 -3 4 -5 5 6 -8 8 -10 -11 11 13 -14 -15 16 -17 -18 -19
leaf_value=-1.1171931317720753e-05 -7.7726552641506258e-06 -0.00025612901010295061 -0.00019895410077560492 0.00033862523589270078 0.00052355681180769583 -5.6478638691331773e-05 0.00026211632302643927 0.0010627761667579725 -0.0001238674452851413 -0.00093060912638103768 0.00037055428155445601 -1.670966935981867e-05 1.3148815050197971e-05 5.8278813663256651e-05 0.00041830381632676418 -3.1532202304841386e-05 -8.996860328752844e-06 -0.00039321855899610833
leaf_weight=23 20 20 23 21 37 20 23 31 28 28 32 713 36 36 40 24 285 21
leaf_count=23 20 20 23 21 37 20 23 31 28 28 32 713 36 36 40 24 285 21
internal_value=-0.00168437 -0.0259038 -0.00100261 0.0176617 -0.001599 0.00660812 0.000814586 -0.00380939 0.0109762 -0.00296106 -0.00235898 -0.0018339 -0.0151386 -0.00283102 -0.00341482 -0.00579936 0.0019926 -0.028431
internal_weight=1461 40 1421 44 1377 196 159 136 59 1181 1153 1130 77 1098 1062 737 325 41
internal_count=1461 40 1421 44 1377 196 159 136 59 1181 1153 1130 77 1098 1062 737 325 41
is_linear=0
shrinkage=0.129519


Tree=231
num_leaves=11
num_cat=0
split_feature=26 14 14 14 8 26 26 5 2 14
split_gain=1.63554 1.47078 3.12702 1.85301 1.60207 1.42713 3.37588 1.32606 1.08532 0.857143
threshold=-26.499999999999996 -0.99923024598162502 -0.98992565105027064 -0.97602293887790914 1.0000000180025095e-35 -17.499999999999996 -10.499999999999998 359.50000000000006 50.500000000000007 -0.99590385478523458
decision_type=2 2 2 2 2 2 2 2 2 2
left_child=-1 -2 9 -4 5 -5 -7 8 -8 -3
right_child=1 2 3 4 -6 6 7 -9 -10 -11
leaf_value=0.00030611497615566207 0.00024810016293827362 -0.00017143719869354643 0.00042688608997558944 -0.00029694116037164815 -0.00021263536570874012 0.00032967078823600989 -7.6657372054570466e-06 0.00010279105046077163 -0.00054507760458295167 -0.0027045648743788024
leaf_weight=24 19 21 29 24 36 25 1202 21 39 21
leaf_count=24 19 21 29 24 36 25 1202 21 39 21
internal_value=-0.00115246 -0.0017125 -0.00219214 -0.00112953 -0.00182692 -0.00108674 -0.000503182 -0.00143682 -0.00198297 -0.0370055
internal_weight=1461 1437 1418 1376 1347 1311 1287 1262 1241 42
internal_count=1461 1437 1418 1376 1347 1311 1287 1262 1241 42
is_linear=0
shrinkage=0.129519


Tree=232
num_leaves=24
num_cat=0
split_feature=1 2 10 1 13 14 1 0 10 10 1 13 0 0 5 17 16 0 16 13 14 2 14
split_gain=0.871709 1.62037 0.912054 1.26324 1.83809 1.30917 0.993979 2.62896 2.29206 2.17302 0.92582 1.24795 2.09493 4.57947 2.65971 1.06667 2.63798 1.77422 1.52149 1.02135 1.6092 1.13702 0.930828
threshold=1.5000000000000002 30.500000000000004 -0.99864786094873803 2.5000000000000004 -0.016126489383873798 0.9953013416090124 28.500000000000004 3.5000000000000004 -0.03976928634766979 0.45847758937963173 23.500000000000004 0.5267437926028592 1.0000000180025095e-35 1.5000000000000002 142.50000000000003 1.0000000180025095e-35 -0.74155831677679085 4.5000000000000009 -0.77245419167776552 0.4071210141943909 0.86332502450210025 10.500000000000002 -0.91070616071172539
decision_type=2 2 2 2 2 2 2 2 2 2 2 2 2 2 2 2 2 2 2 2 2 2 2
left_child=1 -1 -2 4 -4 6 10 9 -9 -8 11 19 14 -14 -13 18 -17 -18 -12 21 -21 -5 -20
right_child=2 -3 3 5 -6 -7 7 8 -10 -11 15 12 13 -15 -16 16 17 -19 22 20 -22 -23 -24
leaf_value=-8.7320925778787233e-06 0.00076947678661524988 0.00026263306329906046 6.7975759714463323e-06 0.00038084722057596593 -0.0014534329571912017 0.00010420760145846361 -0.00011227635755162983 -5.0536840307291949e-06 -0.0023203629071976901 0.001270375062502356 -0.00035324764913620356 0.0015523133114676165 -0.0013487153876005061 3.3190652131072286e-05 6.7539932089890966e-05 0.00068246037707266212 9.2003840160876274e-05 -0.0012334209692123179 0.00033673835526955412 -0.00081132515490888357 -4.5568537211279349e-05 -2.2022033253993377e-05 -2.1487022012222692e-06
leaf_weight=27 20 21 19 68 25 21 36 21 24 20 26 20 50 255 31 29 60 31 23 30 28 505 71
leaf_count=27 20 21 19 68 25 21 36 21 24 20 26 20 50 255 31 29 60 31 23 30 28 505 71
internal_value=-0.000975161 0.0161899 -0.00155826 -0.00195255 -0.0235489 -0.00124815 -0.00175553 -0.014106 -0.0374166 0.00462568 -0.000738903 -0.00249328 0.00363818 -0.000424653 0.0279355 0.00647596 0.0151106 0.00426986 -0.00215865 -0.00595254 -0.0223309 -0.0042947 0.00551145
internal_weight=1461 48 1413 1393 44 1349 1328 101 45 56 1227 987 356 305 51 240 120 91 120 631 58 573 94
internal_count=1461 48 1413 1393 44 1349 1328 101 45 56 1227 987 356 305 51 240 120 91 120 631 58 573 94
is_linear=0
shrinkage=0.129519


Tree=233
num_leaves=28
num_cat=0
split_feature=14 11 12 5 14 23 22 1 11 0 10 16 16 1 16 23 10 15 1 10 9 0 16 9 15 0 1
split_gain=1.68798 2.79034 1.36111 1.05 1.01443 1.36083 1.15246 2.24389 1.05372 1.05 1.02921 0.985524 2.38299 1.98774 1.27871 0.940524 1.63084 1.53125 2.01277 0.967155 0.937224 0.870896 0.800483 0.945208 1.23891 0.775641 1.24804
threshold=-0.98131155305593898 0.84313847884979054 -0.48314634702607495 184.50000000000003 0.35645267952621967 1.0000000180025095e-35 1.0000000180025095e-35 27.500000000000004 0.98702314536340263 3.5000000000000004 0.99445195900249039 0.78055612251570128 0.83374617138413387 3.5000000000000004 0.71353761266622884 1.0000000180025095e-35 0.98770287048522643 -0.3261349169468733 8.5000000000000018 -0.72694848937061807 0.9962888416657264 4.5000000000000009 0.49626980634300999 -0.92274349529687905 0.97580649958185817 2.5000000000000004 17.500000000000004
decision_type=2 2 2 2 2 2 2 2 2 2 2 2 2 2 2 2 2 2 2 2 2 2 2 2 2 2 2
left_child=1 2 -1 -4 5 8 7 10 11 -8 15 14 -13 -14 22 16 17 18 -6 -19 21 -15 23 -2 -25 -24 -27
right_child=4 -3 3 -5 6 -7 9 -9 -10 -11 -12 12 13 20 -16 -17 -18 19 -20 -21 -22 -23 25 24 -26 26 -28
leaf_value=0.00028495324139993195 -0.00059458922463542308 -0.0029378930366510108 0.00075807218772377277 -0.00012395509050023694 0.00049916941343526632 -0.00013580988260611767 -1.4819094512691439e-05 0.00020255750881870748 0.00019884638939027713 -0.00032435309244250503 -0.00076263306211021083 0.0012606332596558547 0.00021728548714957429 -5.1407128432099426e-05 -0.001119316672627344 0.00043327481452756046 0.00020230167771605737 0.00085059771033807073 -0.00047510158555622353 4.1479215817342039e-05 -6.4425859662779514e-05 0.00075470597606722882 0.00031495733585278139 -5.1840537033513198e-05 0.00010377239563673832 0.0003944352346369164 -0.0014377367164700658
leaf_weight=24 24 20 20 28 27 36 28 36 33 20 33 19 22 81 20 21 20 24 142 210 28 28 25 408 45 19 20
leaf_count=24 24 20 20 28 27 36 28 36 33 20 33 19 22 81 20 21 20 24 142 210 28 28 25 408 45 19 20
internal_value=-8.8651e-05 0.0168938 0.028782 0.0161899 -0.00122991 -0.0041677 0.00300133 0.00479701 -0.00301988 -0.0161899 0.00244376 -0.00403104 0.00436581 -0.000814586 -0.00669529 0.00408394 0.00275573 0.000964162 -0.00843024 0.00774901 -0.00661777 -0.00118825 -0.00550636 -0.00733127 -0.0060042 0.00809495 -0.003321
internal_weight=1461 92 72 48 1369 808 561 513 772 48 477 739 178 159 561 444 423 403 169 234 137 109 541 477 453 64 39
internal_count=1461 92 72 48 1369 808 561 513 772 48 477 739 178 159 561 444 423 403 169 234 137 109 541 477 453 64 39
is_linear=0
shrinkage=0.129519


Tree=234
num_leaves=19
num_cat=0
split_feature=12 14 12 11 26 26 26 11 11 2 15 15 11 0 0 11 0 2
split_gain=2.056 1.03102 2.48447 2.28571 1.01847 1.98788 1.50014 0.93073 1.38095 1.04908 0.943124 1.40596 0.713296 1.24758 0.645981 1.64103 1.18311 0.4
threshold=-0.99763124042248752 -0.98131155305593898 -0.5074255885747686 0.039769539193789956 -19.499999999999996 -10.499999999999998 -4.4999999999999991 -0.73866412149774419 -0.67803021058859214 20.500000000000004 -0.99323793665845683 -0.86330057456837561 -0.98803388382128643 3.5000000000000004 1.5000000000000002 -0.96688789938088693 3.5000000000000004 41.500000000000007
decision_type=2 2 2 2 2 2 2 2 2 2 2 2 2 2 2 2 2 2
left_child=-1 2 -2 -4 -3 -6 -7 9 17 12 -10 -12 -8 -14 15 -11 -16 -9
right_child=1 4 3 -5 5 6 7 8 10 14 11 -13 13 -15 16 -17 -18 -19
leaf_value=-0.00011224547980654471 0.00024804634092369642 -6.5410142973856657e-05 0.00018149409683907832 -0.0034515903452301561 0.00021500542233750508 -0.00012253871078924273 0.00041360916980059584 0.00012473963586621443 -0.0028910464091222109 -0.0013696319205139195 0.00013522173893603442 -1.8346720539781443e-06 0.00010559989096844209 -0.00014993648442361489 -0.00027671433604568841 8.9328122211514138e-05 -2.1956262393878233e-05 0.00023303937691730714
leaf_weight=32 28 36 36 28 32 24 29 20 31 25 120 742 40 29 62 39 88 20
leaf_count=32 28 36 36 28 32 24 29 20 31 25 120 742 40 29 62 39 88 20
internal_value=8.8651e-05 0.000815726 0.0140782 0 -9.6873e-05 0.000497768 -0.000306192 0.000312094 0.00235994 -0.00581176 0.00130534 0.00210356 0.0052865 -0.00187709 -0.0108941 0 -0.0155423 0.0259038
internal_weight=1461 1429 92 64 1337 1301 1269 1245 933 312 893 862 98 69 214 64 150 40
internal_count=1461 1429 92 64 1337 1301 1269 1245 933 312 893 862 98 69 214 64 150 40
is_linear=0
shrinkage=0.129519


Tree=235
num_leaves=30
num_cat=0
split_feature=1 16 9 13 13 13 1 14 26 10 14 0 13 0 9 9 1 2 9 1 13 26 1 16 16 0 16 0 14
split_gain=1.2786 1.95014 1.03488 1.0421 1.46723 1.14462 1.36054 1.46106 1.28853 1.62725 1.65928 1.76282 1.26729 1.52913 1.79412 1.2037 1.19694 1.07769 0.954735 1.24528 0.951934 1.03708 1.54286 0.860882 1.13636 1.09394 0.875758 0.59612 1.78272
threshold=1.5000000000000002 -0.46228772973389226 0.9962888416657264 0.79317318001497539 0.83435276274965309 0.5267437926028592 19.500000000000004 -0.73282764931651345 23.500000000000004 0.48877522411129343 -0.98371105771731127 3.5000000000000004 -0.13824959176414334 1.5000000000000002 -0.43733984355855576 -0.43733984355855576 21.500000000000004 6.5000000000000009 -0.92923668111203817 22.500000000000004 0.86167488712516305 -1.4999999999999998 3.5000000000000004 -0.96797918525527737 0.51113019672828197 2.5000000000000004 0.61067742788105595 1.0000000180025095e-35 -0.34437645908308506
decision_type=2 2 2 2 2 2 2 2 2 2 2 2 2 2 2 2 2 2 2 2 2 2 2 2 2 2 2 2 2
left_child=1 -1 3 5 -5 8 7 -7 9 10 11 -2 13 14 -11 -15 17 -14 -12 -20 -6 -22 -23 -9 25 -25 -26 -24 -29
right_child=2 -3 -4 4 20 6 -8 23 -10 12 18 -13 16 15 -16 -17 -18 -19 19 -21 21 22 27 24 26 -27 -28 28 -30
leaf_value=0.00015958340250773003 0.00074553646560961368 -2.3816204122739941e-05 -1.8490792703966369e-05 -0.00023863245811061974 0.00027266616961572714 -0.00045667859483675751 0.0018632053410467431 -0.00012027968618702662 0.00026603164455108884 0.00081339708101150078 -0.00064560838310082059 -0.00048005380146936319 -0.00029148342997413891 -0.00025420122020374062 -0.00045651624132221939 1.3968355993293828e-05 -3.6214548599274836e-05 -0.0036854356060548365 -1.3788583814909154e-05 7.6477401075266186e-05 -0.00010347436194752816 0.00010291144093614983 -0.00038717243706596054 9.783229778792009e-05 -0.0008885867326244223 0.0023987516921423254 0.0038885273963476267 -0.00011985869082157532 1.0363640707556219e-05
leaf_weight=25 26 23 36 32 24 26 21 33 19 33 20 22 25 87 28 64 37 24 358 174 26 21 27 20 24 24 20 27 135
leaf_count=25 26 23 36 32 24 26 21 33 19 33 20 22 25 87 28 64 37 24 358 174 26 21 27 20 24 24 20 27 135
internal_value=0.000797859 0.0215865 9.16625e-05 0.000658413 -0.00620982 0.00250682 0.0123352 0.00792974 0.000706211 0 0.00388557 0.0269832 -0.0078233 -0.00244376 0.0148629 -0.00943517 -0.0210845 -0.0343622 0.00187709 0.00292148 -0.0029889 -0.0054881 -0.00246703 0.0139153 0.0206053 0.0353234 0.00588723 -0.00616758 -0.003198
internal_weight=1461 48 1413 1377 292 1085 168 147 917 898 600 48 298 212 61 151 86 49 552 532 260 236 210 121 88 44 44 189 162
internal_count=1461 48 1413 1377 292 1085 168 147 917 898 600 48 298 212 61 151 86 49 552 532 260 236 210 121 88 44 44 189 162
is_linear=0
shrinkage=0.129519


Tree=236
num_leaves=36
num_cat=1
split_feature=12 12 20 15 15 10 15 0 1 9 9 12 0 15 0 1 15 1 0 15 15 15 9 26 1 15 15 13 15 15 0 9 12 1 10
split_gain=1.14181 1.08682 1.47051 1.28915 2.80226 2.76371 1.67326 1.36392 2.45514 2.13388 2.40392 1.89394 1.04371 1.01538 0.890908 4.71776 3.23445 2.19572 1.19757 1.74012 2.32046 1.7205 1.63333 1.53754 1.50323 1.58029 2.50081 2.3337 1.39166 1.08755 1.50313 0.888724 0.728139 0.670085 0.653785
threshold=-0.99763124042248752 -0.063390818651690536 0 0.79383983598139407 0.72692958206603386 0.44312301391210612 0.66768962270111687 1.0000000180025095e-35 9.5000000000000018 -0.99630266176052629 -0.96235977360714686 -0.79384213008979243 5.5000000000000009 -0.99589637178820756 1.0000000180025095e-35 18.500000000000004 -0.22386788290225132 9.5000000000000018 2.5000000000000004 -0.92923668111203817 0.83377267583920489 -0.85225067186764825 -0.28519255817492867 7.5000000000000009 20.500000000000004 -0.90711336262460163 -0.12545768020791534 0.68978165205189501 0.66768962270111687 -0.56192038168531944 1.5000000000000002 -0.90893996196865012 0.67008729192674277 17.500000000000004 -0.31800055644052067
decision_type=2 2 9 2 2 2 2 2 2 2 2 2 2 2 2 2 2 2 2 2 2 2 2 2 2 2 2 2 2 2 2 2 2 2 2
left_child=-1 2 -2 4 6 12 7 8 -4 -9 -11 -10 31 -3 15 17 -17 -15 24 32 21 -21 -22 -24 25 -16 -27 -28 -23 -26 -31 -5 -20 -33 -35
right_child=1 13 3 5 -6 -7 -8 9 11 10 -12 -13 -14 14 18 16 -18 -19 19 20 22 28 23 -25 29 26 27 -29 -30 30 -32 33 -34 34 -36
leaf_value=-9.5312629439700839e-05 3.5936803655729397e-05 0.00080676393737478971 -0.00055877721650938062 0.00043230391608424588 -0.00083241271715356292 0.00018156161406974799 0.00014376135550132573 0.0014513069525595862 2.5951568084706547e-05 -0.00020477755668203338 -7.9886072747673517e-07 0.0063694591606982664 9.636520486836857e-05 -0.00014788656431340984 0.0032908268856052074 -0.00046314383152720018 -8.6210207341570484e-05 0.00046247325332389059 -0.00041951197669282451 0.00063297755564943581 0.00012916507848810766 -2.0731549703679777e-05 -0.00047438276085849575 -1.3183351120864967e-05 0.00063670381804043364 -0.0063112148484122813 -0.00018457428541564295 0.00016082317840078393 0.00023238461930241019 -5.2087446212216324e-05 0.00022967057654059089 3.8130373965702598e-05 -0.0011544041304081989 -4.2404626572591591e-05 -0.0033196894286271028
leaf_weight=32 20 20 21 37 24 24 20 20 24 59 308 20 19 28 21 25 19 34 20 20 32 251 23 25 19 22 68 27 30 28 27 20 22 33 19
leaf_count=32 20 20 21 37 24 24 20 20 24 59 308 20 19 28 21 25 19 34 20 20 32 251 23 25 19 22 68 27 30 28 27 20 22 33 19
internal_value=-8.8651e-05 0.000453181 0.0042656 0.003198 0 0.0136336 0.00219524 0.000573094 0.0179334 -0.00234272 -0.00458787 0.0353234 0.00607121 -0.00289333 -0.00367058 -0.0146625 -0.0470979 0.00835607 -0.0018357 -0.00581764 -0.00305951 0.00215148 -0.0226659 -0.0377764 0.00610939 -0.00187709 -0.00774901 0.00136336 -0.000460922 0.0210031 0.0117745 0.00118825 -0.0308379 -0.00719551 -0.0149445
internal_weight=1461 1429 668 648 496 152 472 452 65 387 367 44 128 761 741 106 44 62 635 423 381 301 80 48 212 138 117 95 281 74 55 109 42 72 52
internal_count=1461 1429 668 648 496 152 472 452 65 387 367 44 128 761 741 106 44 62 635 423 381 301 80 48 212 138 117 95 281 74 55 109 42 72 52
cat_boundaries=0 1
cat_threshold=1
is_linear=0
shrinkage=0.129519


Tree=237
num_leaves=23
num_cat=0
split_feature=14 2 8 16 13 9 0 26 13 11 13 26 15 13 13 1 9 1 0 15 11 1
split_gain=2.03686 5.17026 1.42215 1.38528 1.37169 1.00944 1.06782 3.64053 3.58667 4.608 2.71719 2.60484 1.32716 1.55465 1.25409 0.818669 1.5625 0.702024 0.535714 0.504048 0.754341 0.544009
threshold=-0.99324539968045167 26.500000000000004 1.0000000180025095e-35 -0.40022913375588282 0.99866344543967334 0.878110924644389 5.5000000000000009 -17.499999999999996 -0.67802707551174202 0.81425425632861714 0.090188127683235669 -5.4999999999999991 0.99570013918172939 0.81428814218200329 0.56988919965813623 26.500000000000004 0.9893236546938301 14.500000000000002 3.5000000000000004 0.93771544905322113 -0.36547639117285569 15.500000000000002
decision_type=2 2 2 2 2 2 2 2 2 2 2 2 2 2 2 2 2 2 2 2 2 2
left_child=1 -1 4 -4 5 6 7 -2 -8 10 -10 17 13 -13 -12 16 19 -9 -18 20 -7 -22
right_child=2 -3 3 -5 -6 15 8 11 9 -11 14 12 -14 -15 -16 -17 18 -19 -20 -21 21 -23
leaf_value=-0.0020048682134187119 -0.00076085781557166205 0.00027694288197430958 -8.0192641126735927e-06 -8.7701156731193419e-05 0.0003950254959808732 0.00039472311692936185 -0.00033161053798177613 0.00018174587985850466 0.0018737105134798877 0.00026700793241569998 -0.00098404179693901972 -3.1064360649092966e-05 0.00024895326194136899 -5.1804639507373456e-05 0.00019641591641015435 0.0001983566013561297 -0.00025104125802861548 4.3614166875135942e-05 1.3205499576757124e-06 -0.00016327550900595557 0.00036387979908890784 -1.3315530525597641e-05
leaf_weight=27 24 25 20 22 19 27 36 19 24 25 26 684 27 193 50 28 28 20 20 29 53 35
leaf_count=27 24 25 20 22 19 27 36 19 24 25 26 684 27 193 50 28 28 20 20 29 53 35
internal_value=-0.000265953 0.0249075 -0.001195 -0.0246703 -0.000473735 -0.000960825 -0.00252608 -0.00415211 0.0072402 0.0176146 0.00518077 -0.00288431 -0.0042982 -0.00516895 -0.0068168 0.00706468 0.00404747 0.029889 -0.0161899 0.0107933 0.0146413 0.00883085
internal_weight=1461 52 1409 42 1367 1348 1128 967 161 125 100 943 904 877 76 220 192 39 48 144 115 88
internal_count=1461 52 1409 42 1367 1348 1128 967 161 125 100 943 904 877 76 220 192 39 48 144 115 88
is_linear=0
shrinkage=0.129519


Tree=238
num_leaves=32
num_cat=0
split_feature=14 14 1 10 0 12 5 0 14 0 14 13 16 1 1 10 15 2 0 2 13 13 14 1 1 10 14 0 0 5 5
split_gain=2.02718 1.56925 1.50645 1.00595 1.52024 0.973726 1.28571 1.11935 1.08361 3.3683 1.4087 0.944947 2.25488 1.54307 1.43111 2.65441 1.40156 1.35293 1.10531 2.45833 0.895346 0.936887 0.838224 0.883458 1.77355 1.71429 1.28205 0.782609 0.728871 0.276923 0.123077
threshold=-0.888189110185296 -0.85672464624562206 28.500000000000004 -0.83375966452616657 3.5000000000000004 -0.57078287476060374 58.500000000000007 3.5000000000000004 -0.99324539968045167 3.5000000000000004 -0.9859468191523747 0.91336570061733802 -0.77245419167776552 21.500000000000004 7.5000000000000009 -0.074115882986646578 0.9524372690416032 50.500000000000007 1.5000000000000002 22.500000000000004 0.87292453004110737 0.81428814218200329 -0.45656559414807285 26.500000000000004 24.500000000000004 -0.41399101439218416 0.54038287521742223 1.5000000000000002 3.5000000000000004 309.50000000000006 188.50000000000003
decision_type=2 2 2 2 2 2 2 2 2 2 2 2 2 2 2 2 2 2 2 2 2 2 2 2 2 2 2 2 2 2 2
left_child=5 -2 11 -4 27 7 -7 -1 9 -8 -10 13 -13 16 18 -16 17 20 -14 -20 21 -3 -15 24 26 -25 -24 -5 -26 30 -12
right_child=1 2 3 4 -6 6 8 -9 10 -11 29 12 14 22 15 -17 -18 -19 19 -21 -22 -23 23 25 28 -27 -28 -29 -30 -31 -32
leaf_value=0.00022831622747578978 -0.00038392288603723683 -8.1700174519831312e-06 0.00013624992489874062 -4.8446695303399651e-05 -0.00031971512017718844 6.518786238184627e-05 0.00062174619733185968 0.00049668552213241724 -0.00093468265571356216 -0.0013735942483653774 3.0736794866839651e-05 -6.2831611783343937e-05 -0.00060472269287243339 0.001915152013967022 0.00049645231926722516 -7.7135475160634972e-05 -0.00036591711900818932 -0.00054589767952079613 0.00037226265727715793 -0.00020367939646113414 0.00039183698818358813 -0.00011828560796548247 -4.7661620744050711e-06 -0.00032333223223883159 -0.0010320138086243095 0.00018518218395294382 0.00011867813649297958 4.3680441444442939e-05 7.3641071117273429e-05 -0.00018032199128435036 0.00025800322961262484
leaf_weight=30 32 648 21 23 29 24 30 22 20 22 32 20 23 24 32 36 22 24 25 28 20 34 39 21 29 27 39 23 22 20 20
leaf_count=30 32 648 21 23 29 24 30 22 20 22 32 20 23 24 32 36 22 24 25 28 20 34 39 21 29 27 39 23 22 20 20
internal_value=-0.00203897 -0.0040703 -0.003321 -0.0188882 -0.0259038 0.00941957 0.00462568 0.0249075 0 0.0149445 -0.0084469 -0.00197828 -0.0110565 -0.000409439 -0.00539663 -0.0190469 -0.00311677 -0.00214081 0.0068168 0.0171063 -0.001107 -0.00189911 0.00966561 0.00658572 0.00100402 0.0215865 0.013284 -0.0112625 -0.0177771 0 0.00498151
internal_weight=1461 1241 1209 96 75 220 168 52 144 52 92 1113 164 949 144 68 748 726 76 53 702 682 201 177 129 48 78 46 51 72 52
internal_count=1461 1241 1209 96 75 220 168 52 144 52 92 1113 164 949 144 68 748 726 76 53 702 682 201 177 129 48 78 46 51 72 52
is_linear=0
shrinkage=0.129519


Tree=239
num_leaves=24
num_cat=1
split_feature=14 26 26 16 1 13 26 13 26 10 10 13 0 10 14 9 0 1 1 1 16 16 19
split_gain=2.32878 2.49586 1.75224 2.72868 1.49376 1.43009 4.18395 2.56628 1.86802 1.57337 1.37848 1.1961 1.18035 1.17503 1.02857 1.02932 1.02681 2.89422 2.20909 0.885712 1.16108 1.00026 0.921914
threshold=-0.888189110185296 -15.499999999999998 -18.499999999999996 -0.48313741114591613 10.500000000000002 0.91336570061733802 -1.4999999999999998 0.99037671279769313 -1.4999999999999998 -0.83375966452616657 0.5475998096715059 0.8697593477501786 3.5000000000000004 0.42763731121559989 0.32003257715365491 -0.99275805973510278 2.5000000000000004 10.500000000000002 10.500000000000002 1.5000000000000002 0.98702143393805541 0.96575082725138761 0
decision_type=2 2 2 2 2 2 2 2 2 2 2 2 2 2 2 2 2 2 2 2 2 2 9
left_child=2 -2 4 10 -1 8 -7 9 -3 -8 -4 19 -9 16 15 -11 18 -18 -5 -10 21 22 -21
right_child=1 5 3 13 -6 6 7 12 11 14 -12 -13 -14 -15 -16 -17 17 -19 -20 20 -22 -23 -24
leaf_value=0.00051737287125141031 -0.00031073055008065654 0.00022913969023375812 -0.0068196893826087427 0.00042667998185997609 0.002431234300425183 -0.00044074941026354996 9.151660966762885e-05 0.00024288769491680786 0.00020066915161390437 -0.00011678336671155629 -1.1887027641618181e-05 0.00018363236433317832 -2.0582646074278519e-05 0.000292809953430326 -4.1429706339051768e-05 -4.8108146858493066e-05 -0.00098618790192706875 0.0006671907375328163 -0.0003929356418343975 -5.8817158801284212e-06 -7.3149472902501162e-05 0.0013874529791639341 -4.5713059672814888e-05
leaf_weight=22 22 29 19 20 19 21 28 32 24 32 33 38 25 26 20 38 28 29 24 571 33 20 308
leaf_count=22 22 29 19 20 19 21 28 32 24 32 33 38 25 26 20 38 28 29 24 571 33 20 308
internal_value=-0.00168437 -0.00386157 0.010597 0.00506499 0.034749 -0.00308126 -0.0132162 -0.00666098 -0.00113946 -0.0175619 -0.019926 -0.00208482 0.0159059 0.0152975 -0.0259038 -0.0333049 0.00897657 0.0204504 -0.00588723 -0.00298057 -0.0036132 -0.00273733 -0.00338901
internal_weight=1461 1241 220 179 41 1219 196 175 1023 118 52 994 57 127 90 70 101 57 44 956 932 899 879
internal_count=1461 1241 220 179 41 1219 196 175 1023 118 52 994 57 127 90 70 101 57 44 956 932 899 879
cat_boundaries=0 1
cat_threshold=73
is_linear=0
shrinkage=0.129519


Tree=240
num_leaves=17
num_cat=0
split_feature=14 11 13 8 1 13 13 1 10 1 10 12 10 14 5 14
split_gain=2.32728 2.70899 1.92857 1.46917 1.74875 1.57274 1.40117 1.57582 1.44 1.4304 2.93823 1.09104 1.10617 1.00595 0.997508 0.423765
threshold=-0.97313470967538551 0.84313847884979054 -0.11265068620919698 1.0000000180025095e-35 29.500000000000004 0.99866344543967334 0.98372640911059162 28.500000000000004 0.046214085385334856 26.500000000000004 0.063390085881955258 -0.9575230291762723 0.097680735332368721 -0.99698452691574591 295.50000000000006 0.20811768697615499
decision_type=2 2 2 2 2 2 2 2 2 2 2 2 2 2 2 2
left_child=1 2 -1 4 5 6 7 9 -8 11 15 12 -2 -4 -13 -11
right_child=3 -3 13 -5 -6 -7 8 -9 -10 10 -12 14 -14 -15 -16 -17
leaf_value=0.0003004213512703418 -2.4588770967659152e-05 -0.0011049709722179973 0.00021077746428955192 -0.00018187530173873146 0.00053929354336368937 0.00033512734742269511 -5.4866596409628464e-05 -0.00014671329545544012 -0.00024450327424014137 -0.00068594117127167981 0.00014208514166663287 -4.6227564056314201e-07 -0.00017227244747091577 0.00040775845221741438 -0.00010956148804392082 0.00010083259763030763
leaf_weight=28 60 24 24 36 24 19 25 27 20 19 31 838 21 32 206 27
leaf_count=28 60 24 24 36 24 19 25 27 20 19 31 838 21 32 206 27
internal_value=-0.00150707 0.0167895 0.0277541 -0.00296755 -0.00226191 -0.00290492 -0.00345655 -0.00263464 -0.0259038 -0.00193955 0.0151386 -0.00310846 -0.017589 0.0416312 -0.00198497 -0.00563127
internal_weight=1461 108 84 1353 1317 1293 1274 1229 45 1202 77 1125 81 56 1044 46
internal_count=1461 108 84 1353 1317 1293 1274 1229 45 1202 77 1125 81 56 1044 46
is_linear=0
shrinkage=0.129519


Tree=241
num_leaves=29
num_cat=1
split_feature=12 5 1 1 12 26 0 1 15 15 26 26 12 20 1 11 11 0 0 1 0 5 0 1 12 12 0 1
split_gain=1.10206 3.14908 1.39661 1.28653 1.23059 1.89883 1.65129 3.33333 2.55148 2.1907 1.69952 2.13424 1.25348 1.18702 4.36601 2.96068 5.17128 2 1.04155 0.70905 1.74517 1.77461 2.41984 1.12435 0.867921 0.931812 1.52212 1.5933
threshold=-0.44697929599948466 300.50000000000006 27.500000000000004 25.500000000000004 -0.39629547245636182 -19.499999999999996 1.0000000180025095e-35 18.500000000000004 0.070900298346092461 -0.22386788290225132 -10.499999999999998 -1.4999999999999998 0.42763731121559989 0 18.500000000000004 0.9252105435402006 0.83966414931270739 3.5000000000000004 2.5000000000000004 15.500000000000002 5.5000000000000009 291.50000000000006 1.5000000000000002 17.500000000000004 -0.5074255885747686 -0.59868927840444253 5.5000000000000009 3.5000000000000004
decision_type=2 2 2 2 2 2 2 2 2 2 2 2 2 9 2 2 2 2 2 2 2 2 2 2 2 2 2 2
left_child=1 2 3 19 -2 -6 7 8 -7 -9 -8 -12 -10 14 -13 16 -15 -17 -4 24 21 22 -21 -24 25 26 27 -1
right_child=4 -3 18 -5 5 6 10 9 12 -11 11 13 -14 15 -16 17 -18 -19 -20 20 -22 -23 23 -25 -26 -27 -28 -29
leaf_value=0.00029537849792092818 -0.0013756556090140503 0.00037665112620377154 -0.00014080193290308158 0.00056237401677982995 -0.00029372262163159852 0.0006661547816923162 0.00019952158678588947 -0.00055180381580044132 -0.00025442276032786439 -1.7699385455399306e-05 -0.00019131862194378917 -0.00020097355983039083 0.00050520960820919986 -6.0516726978718209e-06 0.00072017652666340147 -0.0014196671218283982 0.014517844314997318 -6.1929296289958718e-06 4.0440042085874728e-05 9.3028704336831837e-05 0.00091514806575529125 0.00051318473312540172 -0.0019480610257331015 -0.0018737938508000583 -0.00015946768386621406 0.00021918133543985695 -0.0018772102620903557 2.100452691926133e-05
leaf_weight=21 24 28 23 31 23 27 29 31 25 19 30 31 23 587 23 25 23 25 22 35 23 24 21 57 19 31 29 152
leaf_count=21 24 28 23 31 23 27 29 31 25 19 30 31 23 587 23 25 23 25 22 35 23 24 21 57 19 31 29 152
internal_value=-0.000797859 0.0040161 0.00159245 0.00380079 -0.00342643 -0.00267195 -0.00173077 -0.0155423 0.00172692 -0.0414461 0.000502662 -0.000696339 -0.0161899 0.000725597 0.019188 -0.000784965 0.00169861 -0.0310846 -0.0201474 0.0018862 -0.00485697 -0.0103993 -0.0171928 -0.029889 0.00616758 0.00833814 0.00512947 0.00973265
internal_weight=1461 516 488 443 945 921 898 125 75 50 773 744 48 714 54 660 610 50 45 412 160 137 113 78 252 233 202 173
internal_count=1461 516 488 443 945 921 898 125 75 50 773 744 48 714 54 660 610 50 45 412 160 137 113 78 252 233 202 173
cat_boundaries=0 1
cat_threshold=1
is_linear=0
shrinkage=0.129519


Tree=242
num_leaves=33
num_cat=0
split_feature=12 5 12 16 1 5 13 11 0 5 21 1 5 15 11 15 15 13 13 13 1 13 0 16 9 12 11 14 0 5 0 2
split_gain=2.11861 1.74937 1.55416 1.2081 1.76007 1.26718 1.00299 0.952381 0.832613 1.64708 1.13867 1.65354 2.09921 1.36166 1.4502 0.923077 1.37143 0.749768 1.26794 1.21271 1.81635 2.55698 0.735585 1.70611 1.84327 0.962436 2.08945 1.71238 0.648373 0.368182 0.981818 0.157883
threshold=-0.44697929599948466 300.50000000000006 -0.32003627663099959 0.9764885279370995 3.5000000000000004 295.50000000000006 0.98900806995500201 -0.814291907305839 5.5000000000000009 106.50000000000001 11.000000000000002 12.500000000000002 86.500000000000014 -0.87603313289604434 0.45272350407489786 -0.97113884758256674 -0.99051733471092085 0.97086220929134248 0.94738457656407282 0.83435276274965309 22.500000000000004 0.88220160189607266 1.0000000180025095e-35 -0.9243908642368559 -0.031173458710879145 0.90893208180343155 -0.28622501271271084 0.836143665535245 1.5000000000000002 241.50000000000003 3.5000000000000004 35.500000000000007
decision_type=2 2 2 2 2 2 2 2 2 2 2 2 2 2 2 2 2 2 2 2 2 2 2 2 2 2 2 2 2 2 2 2
left_child=1 3 29 5 -5 8 17 -8 10 -10 13 -12 -13 15 28 16 -1 18 19 22 21 -21 23 -4 -25 27 -27 -24 -15 30 -2 -17
right_child=2 -3 6 4 -6 -7 7 -9 9 -11 11 12 -14 14 -16 31 -18 -19 -20 20 -22 -23 25 24 -26 26 -28 -29 -30 -31 -32 -33
leaf_value=0.00086919469550471242 -2.4446652012176302e-05 0.00032786759399768705 0.00048895277027042109 0.00010547496825471638 -0.0003085841224119465 -0.001755999725437597 3.2836544718742255e-05 -0.0013465213713245217 -0.0016340755920801889 0.0007966188698141631 -0.00040809004832614756 7.911215065347972e-05 0.00024141752357123786 0.00020288112902848565 -0.0017123589669722017 8.4602253331646324e-05 -0.00090219087628551082 6.1950875434211073e-05 -9.5453127538918712e-05 0.00032035258415466023 -0.00014533081367414723 1.1575396039264411e-05 -9.7260820197043259e-05 -9.9078565873280948e-05 -0.0006382764283850127 0.0036536896418101926 -4.9990196062552882e-06 0.00037207759461117752 -4.0754992441246835e-05 -0.00015377982042678577 -0.0011974818693432205 0.00014654339734522531
leaf_weight=28 24 28 23 24 28 20 20 28 23 37 24 34 28 52 20 29 20 28 24 25 27 28 392 49 29 26 146 36 98 20 20 23
leaf_count=28 24 28 23 24 28 20 20 28 23 37 24 34 28 52 20 29 20 28 24 25 27 28 392 49 29 26 146 36 98 20 20 23
internal_value=-0.00115246 0.00552213 -0.00479701 0.00371571 -0.0149445 0.00594125 -0.00338132 -0.0215865 0.00747226 0.0215865 0.00509345 0.0180724 0.0292463 0.000959401 -0.00609502 0.0129519 0 -0.00233228 -0.00305697 -0.00215589 0.0129519 0.0268813 -0.00388003 -0.014106 -0.023247 -0.00215865 0.00602415 -0.00544707 -0.00172692 -0.0242848 -0.0176617 0.0249075
internal_weight=1461 516 945 488 52 436 881 48 416 60 356 86 62 270 170 100 48 833 805 781 80 53 701 101 78 600 172 428 150 64 44 52
internal_count=1461 516 945 488 52 436 881 48 416 60 356 86 62 270 170 100 48 833 805 781 80 53 701 101 78 600 172 428 150 64 44 52
is_linear=0
shrinkage=0.129519


Tree=243
num_leaves=23
num_cat=0
split_feature=9 1 9 14 14 2 16 26 16 12 1 13 0 1 13 1 1 10 2 15 1 5
split_gain=1.38772 1.8623 1.25548 2.37893 1.30852 1.0589 0.670177 1.72696 1.95083 1.50876 0.930793 2.40443 2.04823 1.43514 1.20135 0.555533 1.55745 0.889093 1.78647 1.44674 1.14369 0.0641604
threshold=0.88220160189607266 27.500000000000004 0.85673801594079257 -0.99590385478523458 0.99746264089885661 51.500000000000007 -0.28107536821332468 2.5000000000000004 -0.3584608628474476 -0.17646730165275518 23.500000000000004 0.95998215779580554 4.5000000000000009 22.500000000000004 -0.50742764154523201 22.500000000000004 19.500000000000004 -0.18493013702746816 11.500000000000002 -0.95626719433553176 9.5000000000000018 86.500000000000014
decision_type=2 2 2 2 2 2 2 2 2 2 2 2 2 2 2 2 2 2 2 2 2 2
left_child=2 15 3 -1 5 6 7 8 9 -5 13 12 -12 14 -8 16 17 -2 19 -19 -20 -17
right_child=1 -3 -4 4 -6 -7 10 -9 -10 -11 11 -13 -14 -15 -16 21 -18 18 20 -21 -22 -23
leaf_value=0.00073122087012632026 0.00033051841223715448 -3.0280668894768508e-05 -0.00047157790019980493 -0.00012543339872663994 7.3644641730466945e-05 -0.00017064544247534603 -0.00033446587719503009 -0.0016921874434251707 -0.00041451586748198703 1.0899157350124772e-05 0.00052922002015668671 -2.7625858662189265e-05 -6.1619732300524088e-05 -0.0022621399661691406 2.8568603830793711e-05 7.0740520878145104e-05 -0.0016782461887255148 0.00022231589555884337 3.3819423160063687e-05 0.00053293402467005982 -0.0046670145150489277 0.00039906554688691552
leaf_weight=32 25 27 24 140 25 26 105 21 26 349 64 25 30 22 344 19 24 32 36 23 21 21
leaf_count=32 25 27 24 140 25 26 105 21 26 349 64 25 30 22 344 19 24 32 36 23 21 21
internal_value=-0.00132977 0.00795293 -0.00304627 -0.00246397 -0.00341129 -0.00404747 -0.00345078 -0.00676593 -0.00528136 -0.00344325 -0.000439048 0.00979557 0.0192901 -0.00302486 -0.00144231 0.0122431 0.00884913 0.0141809 0.00925137 0.0259038 -0.0068168 0.0259038
internal_weight=1461 228 1233 1209 1177 1152 1126 536 515 489 590 119 94 471 449 201 161 137 112 55 57 40
internal_count=1461 228 1233 1209 1177 1152 1126 536 515 489 590 119 94 471 449 201 161 137 112 55 57 40
is_linear=0
shrinkage=0.129519


Tree=244
num_leaves=32
num_cat=0
split_feature=12 12 14 12 1 0 12 26 0 26 5 26 15 16 5 12 1 10 0 13 5 1 9 15 1 1 9 1 11 0 0
split_gain=1.40397 1.97793 1.49939 2.88025 1.36111 2.80014 1.27763 1.9574 1.31307 2.0787 1.6363 1.70091 1.59358 2.43106 4.2203 3.26723 1.18519 1.14401 1.55114 1.19212 0.950625 0.746218 1.87783 0.619048 0.541444 1.49682 0.837762 0.505561 0.455342 0.650433 0.297619
threshold=-0.44697929599948466 -0.98801846520836334 -0.99789924639000038 -0.51850034946736112 3.5000000000000004 2.5000000000000004 -0.39629547245636182 -19.499999999999996 1.0000000180025095e-35 20.500000000000004 24.500000000000004 -10.499999999999998 0.7172936132855442 -0.94139465211055529 240.50000000000003 0.51849435583340198 14.500000000000002 0.5475998096715059 4.5000000000000009 -0.89976119816908495 108.50000000000001 23.500000000000004 -0.88622299073327826 0.95938219844953287 9.5000000000000018 15.500000000000002 0.96904697354198299 22.500000000000004 -0.5484990889199054 1.5000000000000002 3.5000000000000004
decision_type=2 2 2 2 2 2 2 2 2 2 2 2 2 2 2 2 2 2 2 2 2 2 2 2 2 2 2 2 2 2 2
left_child=1 4 -3 20 -1 -6 -2 -8 12 10 16 -12 13 -9 15 -15 -10 18 -13 -19 24 23 -23 28 -4 30 -27 -28 -22 -30 -26
right_child=6 2 3 -5 5 -7 7 8 9 -11 11 17 -14 14 -16 -17 -18 19 -20 -21 21 22 -24 -25 25 26 27 -29 29 -31 -32
leaf_value=8.7433677635909599e-05 -0.0010644786779320581 -0.00078454324016214144 0.00037640570037625483 0.0011885096370107949 -0.00039051731705256053 9.1098370636174693e-05 -0.00022683675346228533 0.00082807259529237736 2.2643475152473695e-05 -0.00011003931948358285 0.00018486521007569297 0.00010945091159338456 8.4947782005992186e-05 -0.00053936138378497529 9.4377014609430603e-05 -0.0001683813732794765 0.00025096934710966488 5.640852562849727e-05 -0.00010801000357163971 -4.8225996756771298e-05 0.00035669520533869621 0.00021952421492345845 -1.3170388769117291e-05 -0.00022362369533909899 -5.3493455625611774e-05 0.0002877099497465688 -0.00056794250778021186 0.00013960579687236085 0.00027523512373392846 -0.00010237736139139355 0.00073699025014785542
leaf_weight=24 24 20 34 24 25 23 23 19 27 34 29 263 27 21 28 30 27 58 132 203 19 38 36 26 27 19 20 23 40 97 21
leaf_count=24 24 20 34 24 25 23 23 19 27 34 29 263 27 21 28 30 27 58 132 203 19 38 36 26 27 19 20 23 40 97 21
internal_value=8.8651e-05 0.00552213 0.00875129 0.010386 -0.014391 -0.0269832 -0.0028782 -0.00210943 -0.00115385 0.000837769 0.00227842 0.000567237 -0.01347 -0.021146 -0.0311502 -0.0533314 0.023985 -0.000789751 0.00360686 -0.00744363 0.00777115 0.0030356 0.0140021 -0.00142329 0.0161899 0.0117745 0.0250682 0.0150604 0.0016605 -0.000945395 -0.00539663
internal_weight=1461 516 444 424 72 48 945 921 898 773 739 685 125 98 79 51 54 656 395 261 400 256 74 182 144 110 62 43 156 137 48
internal_count=1461 516 444 424 72 48 945 921 898 773 739 685 125 98 79 51 54 656 395 261 400 256 74 182 144 110 62 43 156 137 48
is_linear=0
shrinkage=0.129519


Tree=245
num_leaves=20
num_cat=0
split_feature=2 5 26 5 13 5 2 5 26 14 1 13 0 1 0 24 2 1 13
split_gain=1.16106 1.6999 1.21928 1.26848 1.19789 1.6 0.949196 1.40383 1.02141 2.51679 1.19026 0.806117 1.56223 0.896037 1.36895 0.571429 1.04348 0.268254 0.105263
threshold=51.500000000000007 353.50000000000006 17.500000000000004 30.500000000000004 0.98900806995500201 152.50000000000003 44.500000000000007 303.50000000000006 -20.499999999999996 -0.97008449772828931 2.5000000000000004 -0.89976119816908495 2.5000000000000004 11.500000000000002 4.5000000000000009 1.0000000180025095e-35 3.5000000000000004 12.500000000000002 -0.97876397852965813
decision_type=2 2 2 2 2 2 2 2 2 2 2 2 2 2 2 2 2 2 2
left_child=1 2 3 15 6 -6 7 8 9 -5 -10 12 -8 -13 -15 -1 -17 -4 -14
right_child=-2 -3 17 4 5 -7 11 -9 10 -11 -12 13 18 14 -16 16 -18 -19 -20
leaf_value=6.5087517803081237e-05 -5.2431602552009434e-05 0.0011883442849544195 -8.1708662799630214e-05 0.0013916135168872917 -0.0014599178299691314 3.2184358253402132e-05 0.00035425256064472102 0.00061198749247859321 -8.2602973612025643e-05 -0.0001974570508721899 2.2563746667854733e-05 -0.00012793261935987318 -0.00024010858089572163 0.001082019768694649 -0.00064553159664068301 1.0809371693783812e-05 0.00022097120086084172 -0.000320233210362444 -6.2166043994158681e-06
leaf_weight=20 34 20 24 19 24 36 30 22 44 29 940 32 19 54 24 23 27 21 19
leaf_count=20 34 20 24 19 24 36 30 22 44 29 940 32 19 54 24 23 27 21 19
internal_value=0.000797859 0.00136145 0.000828481 0.00152152 0.000601482 -0.0172692 0.00147181 0.0029492 0.00225905 -0.0161899 0.003159 -0.00727636 0.00380939 -0.0141294 -0.00664201 0.0185027 0.0259038 -0.0201474 -0.0136336
internal_weight=1461 1427 1407 1362 1292 60 1232 1054 1032 48 984 178 68 110 78 70 50 45 38
internal_count=1461 1427 1407 1362 1292 60 1232 1054 1032 48 984 178 68 110 78 70 50 45 38
is_linear=0
shrinkage=0.129519


Tree=246
num_leaves=21
num_cat=0
split_feature=16 16 12 12 2 15 14 1 1 10 12 2 9 14 14 12 26 1 10 10
split_gain=1.49159 2.18486 1.65433 1.95735 1.31252 1.07697 1.05089 1.04345 1.0186 1.2 0.9 0.785965 0.696762 0.72414 1.3461 1.52381 1.30593 0.331395 0.322637 0.223545
threshold=0.99219613630290149 0.99777677850226498 -0.83377508534904698 -0.8697618612574799 51.500000000000007 0.99683609994235911 0.99247737996680552 22.500000000000004 14.500000000000002 -0.21862536810265823 -0.4887808742013065 15.500000000000002 0.94425825643485939 -0.99789924639000038 -0.98131155305593898 -0.44697929599948466 -19.499999999999996 8.5000000000000018 0.046214085385334856 -0.11692317777808839
decision_type=2 2 2 2 2 2 2 2 2 2 2 2 2 2 2 2 2 2 2 2
left_child=2 -2 3 7 5 6 12 8 17 -10 -8 -11 13 -4 15 -15 -16 -1 -9 -19
right_child=1 -3 4 -5 -6 -7 10 18 9 11 -12 -13 -14 14 16 -17 -18 19 -20 -21
leaf_value=6.0605920527173509e-06 -9.9297146704622769e-05 2.6501607974210655e-05 -0.00081268221552538943 0.0005305872704469577 -0.00014073840993518614 0.00022874279298507237 -1.4944361899911908e-05 4.019735583078865e-05 0.00012715448541164212 -1.606679288158552e-05 0.0016293257287887241 -0.00091837611670741743 -7.3081144398758765e-05 0.00036770737721318592 -0.00020650037123012054 -4.5050982058398121e-05 -6.1832858904976547e-06 0.00054296453418561257 7.6376950270316214e-05 6.3313600156503387e-05
leaf_weight=38 28 29 20 32 26 36 20 35 20 19 20 21 20 24 33 32 929 21 31 27
leaf_count=38 28 29 20 32 26 36 20 35 20 19 20 21 20 24 33 32 929 21 31 27
internal_value=8.8651e-05 -0.0204504 0.000922501 0.0106163 -0.00111654 -0.000456858 -0.00117959 0.00610939 0 -0.0129519 0.0194279 -0.0259038 -0.0019587 -0.00149733 -0.00101783 0.0185027 -0.00215416 0.00903622 0.0196241 0.0161899
internal_weight=1461 57 1404 244 1160 1134 1098 212 146 60 40 40 1058 1038 1018 56 962 86 66 48
internal_count=1461 57 1404 244 1160 1134 1098 212 146 60 40 40 1058 1038 1018 56 962 86 66 48
is_linear=0
shrinkage=0.129519


Tree=247
num_leaves=19
num_cat=0
split_feature=12 12 12 2 1 26 5 0 26 1 13 8 26 9 5 0 2 10
split_gain=1.17552 1.71175 1.02564 0.978702 0.947993 0.904281 1.02996 1.40422 1.13886 0.878719 0.839347 0.903914 1.2628 0.730847 0.501205 1.07856 1.33333 0.258065
threshold=-0.99763124042248752 -0.83377508534904698 -0.8697618612574799 51.500000000000007 22.500000000000004 22.500000000000004 24.500000000000004 1.5000000000000002 5.5000000000000009 13.500000000000002 0.99700008544936913 1.0000000180025095e-35 -20.499999999999996 -0.98523971305672664 262.50000000000006 2.5000000000000004 14.500000000000002 0.046214085385334856
decision_type=2 2 2 2 2 2 2 2 2 2 2 2 2 2 2 2 2 2
left_child=-1 2 4 5 13 6 7 -3 10 -9 11 12 -8 -2 15 -15 -17 -6
right_child=1 3 -4 -5 17 -7 8 9 -10 -11 -12 -13 -14 14 -16 16 -18 -19
leaf_value=-3.9451582893932495e-05 1.7199366545578333e-05 -0.00052954114919852475 0.0004618660602997189 -3.0096106013177903e-05 3.499102863199813e-05 -0.00027795602452727349 -0.0001334595520826668 0.00033607316779308595 -0.00013043469358415307 0.00091926700279621972 0.0001588491856532215 0.00020424315040803512 -3.2401033288980048e-06 0.00036081612962912235 -0.00014970725927543826 -0.0011550634186719894 0.00029528419717202685 6.6484672897181141e-05
leaf_weight=32 37 20 32 34 31 27 46 19 21 27 20 31 944 33 28 24 24 31
leaf_count=32 37 20 32 34 31 27 46 19 21 27 20 31 944 33 28 24 24 31
internal_value=0.000265953 0.000815726 0.0107933 -0.00119824 0.00747226 -0.000560689 0 0.0156993 -0.000975662 0.0281563 -0.000373254 -0.000887986 -0.00156993 0.00177423 -0.00356475 0.001599 -0.0107933 0.0208902
internal_weight=1461 1429 240 1189 208 1155 1128 66 1062 46 1041 1021 990 146 109 81 48 62
internal_count=1461 1429 240 1189 208 1155 1128 66 1062 46 1041 1021 990 146 109 81 48 62
is_linear=0
shrinkage=0.129519


Tree=248
num_leaves=21
num_cat=0
split_feature=9 9 26 14 26 9 1 5 0 2 16 14 0 9 15 17 0 9 11 5
split_gain=1.95313 2.07893 2.29198 2.05654 1.72847 1.00039 0.980926 1.01033 1.02041 0.930378 1.12986 1.46233 1.71429 1.28398 0.9 0.273588 0.648043 0.454397 0.529412 0.193939
threshold=0.878110924644389 0.82899317702918729 -19.499999999999996 -0.99324539968045167 -10.499999999999998 0.89787622492179153 6.5000000000000009 108.50000000000001 1.0000000180025095e-35 51.500000000000007 0.99083579680342215 0.97459910280005768 2.5000000000000004 -0.98523971305672664 0.9890126429527718 1.0000000180025095e-35 3.5000000000000004 0.97508442350096225 0.10837544681456417 62.500000000000007
decision_type=2 2 2 2 2 2 2 2 2 2 2 2 2 2 2 2 2 2 2 2
left_child=1 2 -1 -4 -5 -2 -7 8 -8 10 11 13 -13 -6 -9 16 -10 -17 -19 -3
right_child=5 19 3 4 9 6 7 14 15 -11 -12 12 -14 -15 -16 17 -18 18 -20 -21
leaf_value=-0.00029858161787402773 0.00029375398401495904 -0.001005576150316607 0.00048096612587912282 0.00015921969806650916 1.7640829934835686e-05 -3.4648559588265778e-05 0.00011898185771611535 -0.00017605726643770341 -0.00046014264435734106 -2.619808406446254e-05 -9.7727032329015924e-05 -0.0022076337445901461 0.00015118869924215031 -2.4793318049005983e-05 0.00014147462647160495 0.00055573273002479796 0.00064849852796588451 4.536196353762496e-05 3.997226382595158e-05 -0.00019050755749780356
leaf_weight=21 20 20 32 31 64 25 21 20 20 34 21 21 27 934 20 19 19 34 34 24
leaf_count=21 20 20 32 31 64 25 21 20 20 34 21 21 27 934 20 19 19 34 34 24
internal_value=0.000265953 -0.00179156 -0.000765092 0 -0.00091533 0.0111654 0.00855315 0.0117745 0.0167406 -0.00176457 -0.00109248 -0.000495293 0.0215865 -0.00155734 -0.00647596 0.0123352 0.003321 0.016376 0.0114282 -0.0294362
internal_weight=1461 1229 1185 1164 1132 232 212 187 147 1101 1067 1046 48 998 40 126 39 87 68 44
internal_count=1461 1229 1185 1164 1132 232 212 187 147 1101 1067 1046 48 998 40 126 39 87 68 44
is_linear=0
shrinkage=0.129519


Tree=249
num_leaves=19
num_cat=0
split_feature=9 9 15 26 9 9 26 16 5 13 2 26 12 5 9 0 1 9
split_gain=1.15582 2.30476 1.153 0.778164 2.2641 1.86615 1.51911 0.928334 1.49359 1.20069 1.17486 1.72043 1.15658 1.00174 0.660295 0.592717 0.926697 0.709158
threshold=0.9550229469509578 0.96687895796550427 0.99683609994235911 8.5000000000000018 0.29342972903661901 0.10837544681456417 1.5000000000000002 0.99777677850226498 34.500000000000007 0.54309393927048744 19.500000000000004 -8.4999999999999982 -0.77245419167776552 62.500000000000007 0.55656748448714433 4.5000000000000009 7.5000000000000009 0.98667101781630184
decision_type=2 2 2 2 2 2 2 2 2 2 2 2 2 2 2 2 2 2
left_child=2 -2 3 6 5 -5 7 8 -1 12 11 -11 -10 -14 -12 16 -3 -18
right_child=1 15 -4 4 -6 -7 -8 -9 9 10 14 -13 13 -15 -16 -17 17 -19
leaf_value=-0.0009369001899037434 0.00038663513400186524 -0.00013978984969235055 0.0001475722124882744 -8.5069510560470185e-05 -0.00014829039627186103 0.00015824900853958452 0.00026916385913934631 0.00085607505049015099 -0.00050375400751878705 -8.6643141818779258e-06 1.5356004706957904e-05 0.00017186865229687143 -0.00014593562777042145 -1.4603393156901528e-05 -0.00014058604744476594 0.00015371822056022656 -3.6686866907922205e-05 8.4687992055584759e-05
leaf_weight=29 20 20 36 21 25 37 26 20 24 32 240 30 48 694 59 35 30 35
leaf_count=29 20 20 36 21 25 37 26 20 24 32 240 30 48 694 59 35 30 35
internal_value=-8.8651e-05 0.0111016 -0.0012746 -0.00191507 -0.0140442 0 -0.00107753 -0.00176217 -0.00224082 -0.00149401 0.00466412 0.0208902 -0.00439621 -0.00349108 0.00129952 0.0043173 -0.00152375 0.00597781
internal_weight=1461 140 1321 1285 83 58 1202 1176 1156 1127 361 62 766 742 299 120 85 65
internal_count=1461 140 1321 1285 83 58 1202 1176 1156 1127 361 62 766 742 299 120 85 65
is_linear=0
shrinkage=0.129519


Tree=250
num_leaves=28
num_cat=0
split_feature=15 0 1 0 15 14 22 11 11 16 16 12 16 14 1 11 26 11 0 14 11 14 2 12 16 0 0
split_gain=1.00309 1.12536 1.92432 1.68138 1.99651 1.77408 0.880103 2.25882 1.37143 0.889249 1.46055 1.09472 1.03052 0.769655 1.0323 2.35137 2.95953 2.68054 2.57692 1.37154 1.3054 1.62712 1.50064 0.710657 0.942157 0.75 0.348014
threshold=0.94601698252975897 5.5000000000000009 21.500000000000004 1.5000000000000002 0.99570013918172939 -0.16375389655355058 1.0000000180025095e-35 0.91593490216309192 0.98519415784776321 0.99219613630290149 0.99777677850226498 -0.94139465211055529 0.82168292725986303 -0.99789924639000038 18.500000000000004 0.92273069556937581 -10.499999999999998 0.83966414931270739 5.5000000000000009 -0.98131155305593898 0.96851839807117801 -0.47936768503011939 22.500000000000004 -0.97876680704815899 0.9456351743229523 2.5000000000000004 3.5000000000000004
decision_type=2 2 2 2 2 2 2 2 2 2 2 2 2 2 2 2 2 2 2 2 2 2 2 2 2 2 2
left_child=6 2 -2 -4 5 -5 9 -8 -9 11 -11 12 -1 -13 19 17 -17 18 -16 -15 22 -22 -21 24 -14 -26 -25
right_child=1 -3 3 4 -6 -7 7 8 -10 10 -12 13 23 14 15 16 -18 -19 -20 20 21 -23 -24 26 25 -27 -28
leaf_value=0.00103827653405506 -0.0004904067781937412 5.318239535251614e-05 0.00016653061533586139 0.00050154354613761139 0.00027733432154973916 -0.00014519156725190205 -0.00092080611889535605 0.00031036020846401279 -0.00019337217960750563 -6.72573321816676e-05 2.3090894827389196e-05 -0.00071549025153907846 0.00025134510943294083 0.00032887384666562626 5.1273199557279262e-06 -1.3326230180323294e-05 -0.00067107596252755325 0.0025431980460730776 -0.00033230505935913894 6.8262228702130264e-05 6.6211068912758682e-06 0.00093076680076209712 -7.8906346004391012e-05 -0.00088107641100479753 -1.7693830356105582e-05 0.0004232883332646636 7.2928306660460862e-06
leaf_weight=20 23 20 36 26 24 23 20 28 20 28 29 20 20 31 223 31 24 21 41 254 32 27 348 23 24 24 21
leaf_count=20 23 20 36 26 24 23 20 28 20 28 29 20 20 31 223 31 24 21 41 254 32 27 348 23 24 24 21
internal_value=0.000265953 0.0102252 0.00588723 0.0130707 0.00177423 -0.0132162 -0.000890506 -0.0152375 0 -0.000104367 -0.0159059 0.000656347 0.0117745 -0.000738702 -0.000251006 -0.00609502 -0.0306136 -0.00136336 -0.00490603 0.00262033 0.00137161 0.0197572 -0.000430296 0.00693853 0.0152375 0.00539663 -0.00588723
internal_weight=1461 152 132 109 73 49 1309 68 48 1241 57 1184 132 1052 1032 340 55 285 264 692 661 59 602 112 68 48 44
internal_count=1461 152 132 109 73 49 1309 68 48 1241 57 1184 132 1052 1032 340 55 285 264 692 661 59 602 112 68 48 44
is_linear=0
shrinkage=0.129519


Tree=251
num_leaves=32
num_cat=0
split_feature=16 26 26 0 1 0 11 10 1 15 11 14 2 5 5 16 0 11 5 1 1 15 2 26 26 16 1 1 10 11 5
split_gain=1.24869 1.49528 2.05714 1.34142 1.68107 1.59223 3.69652 2.92776 2.28739 3.42857 2.55984 2.28755 1.32213 1.55012 3.13135 1.4067 4 2.37449 1.31072 1.19391 1.60486 1.66835 1.06083 1.03273 3.59476 1.31752 1.78551 1.16981 1.1711 1.01654 0.783795
threshold=-0.64251154504523245 16.500000000000004 21.500000000000004 3.5000000000000004 6.5000000000000009 4.5000000000000009 -0.95244167294248061 -0.54940789553007929 20.500000000000004 -0.48596783354064338 -0.93545056548590078 -0.28931395772608276 50.500000000000007 30.500000000000004 62.500000000000007 -0.47181043092525393 1.5000000000000002 -0.86976336936302323 357.50000000000006 4.5000000000000009 3.5000000000000004 -0.091260668982868137 3.5000000000000004 -15.499999999999998 -5.4999999999999991 -0.80162169779130421 11.500000000000002 14.500000000000002 -0.61236746317008228 0.79380680106549595 342.50000000000006
decision_type=2 2 2 2 2 2 2 2 2 2 2 2 2 2 2 2 2 2 2 2 2 2 2 2 2 2 2 2 2 2 2
left_child=3 12 -3 4 -1 6 -5 -8 10 -10 -7 -12 13 22 -15 16 -16 -18 -14 20 21 -17 -2 -6 -25 26 -26 -28 -29 30 -21
right_child=1 2 -4 5 23 8 7 -9 9 -11 11 -13 18 14 15 19 17 -19 -20 29 -22 -23 -24 24 25 -27 27 28 -30 -31 -32
leaf_value=-0.0010015459365122256 5.1588954514780036e-05 -0.00014793652694482218 6.2677033519131152e-05 0.0062579385625054764 -0.00017552343060327403 -0.0023818066592490401 0.00058925264469038264 -8.0395789428568798e-05 7.4883632105882903e-05 -0.00088706242839747752 0.0048414738258570388 0.00015774101016560946 -0.0010262097667633578 -0.0042190711829955567 -0.00013955479011373671 -0.0010131340622219979 0.00012304343922876385 0.0037281587082813143 4.4632338538467998e-06 1.2989687232402344e-05 -0.0027988676078329381 0.00013081805493002558 0.00013339484590533596 0.00077992167345628275 -0.00012657101112250612 0.00016732412686878894 0.0076282393353530814 -3.5250995475503182e-06 -0.00079541548169468517 0.00028627838690343269 0.00022297363405477392
leaf_weight=27 34 20 36 20 22 31 19 22 21 21 19 22 30 24 24 23 25 23 27 631 28 43 32 19 33 27 19 51 35 19 34
leaf_count=27 34 20 36 20 22 31 19 22 21 21 19 22 30 24 24 23 25 23 27 631 28 43 32 19 33 27 19 51 35 19 34
internal_value=-0.000265953 0.002091 -0.0185027 -0.00634898 -0.0127852 0.00222033 0.0191094 -0.003159 -0.0068168 -0.0308379 0.00719551 0.028431 0.00324772 0.00440916 0.00296382 0.00426651 0.0215865 0.043173 -0.0159059 0.00266363 -0.0110229 0 0.0235489 -0.00880227 -0.00563127 -0.0117745 -0.0168938 -0.00863461 -0.0150604 0.00454453 0.00370055
internal_weight=1461 1053 56 408 233 175 61 41 114 42 72 41 997 940 874 850 72 48 57 778 94 66 66 206 184 165 138 105 86 684 665
internal_count=1461 1053 56 408 233 175 61 41 114 42 72 41 997 940 874 850 72 48 57 778 94 66 66 206 184 165 138 105 86 684 665
is_linear=0
shrinkage=0.129519


Tree=252
num_leaves=37
num_cat=1
split_feature=11 14 12 11 23 0 12 2 0 0 12 11 5 0 0 0 20 12 5 12 16 16 0 0 1 1 11 11 9 16 2 2 1 1 11 11
split_gain=1.69355 1.4816 1.6 1.00543 1.32181 1.6 1.12881 1.56047 2.03926 1.19023 1.95858 2.8637 1.00312 2.3546 2.17029 1.96297 3.25156 2.16139 1.24121 0.932816 1.24928 1.85938 1.88826 3.18152 2.73323 1.73605 1.2766 0.921771 1.64426 1.08166 0.851222 0.970994 0.680673 1.08782 0.598086 0.533333
threshold=0.85784900197110281 -0.99324539968045167 -0.45274365290664581 -0.73866412149774419 1.0000000180025095e-35 3.5000000000000004 -0.39036731218380777 19.500000000000004 5.5000000000000009 3.5000000000000004 0.38044648673137205 -0.98214488425316748 46.500000000000007 2.5000000000000004 5.5000000000000009 4.5000000000000009 0 -0.23328638671828425 229.50000000000003 0.97786949981288174 0.77108682076304746 0.7028870838160538 2.5000000000000004 5.5000000000000009 17.500000000000004 27.500000000000004 -0.34235511113144612 -0.97113884758256674 -0.48314718476766416 -0.98294757715375081 40.500000000000007 12.500000000000002 27.500000000000004 6.5000000000000009 0.9890126429527718 -0.86114227455745762
decision_type=2 2 2 2 2 2 2 2 2 2 2 2 2 2 2 2 9 2 2 2 2 2 2 2 2 2 2 2 2 2 2 2 2 2 2 2
left_child=1 2 -1 6 19 -6 35 -8 9 27 11 -11 13 -2 15 16 -14 -18 34 20 21 22 24 -24 -5 30 -23 29 -29 -9 31 -22 33 -21 -19 -3
right_child=12 3 -4 4 5 -7 7 8 -10 10 -12 -13 14 -15 -16 -17 17 18 -20 32 25 26 23 -25 -26 -27 -28 28 -30 -31 -32 -33 -34 -35 -36 -37
leaf_value=3.7159093520365674e-05 1.3897177824802276e-05 -0.00019593197463940354 0.000604354925580228 -2.7264633049560213e-05 0.00087968854284019673 0.00013964178614911656 0.00017925286678073941 -6.6640954299767652e-05 -0.00048539984999673437 0.0014737015391060844 0.0011158883475356491 -0.0018595233659501656 0.00086392673570342179 -0.00046165857909940232 0.00059352258546535087 -0.0015561625754102824 -0.0003945737502411941 -0.00025385161272485743 0.00038643456228964687 -0.00069594099847688031 0.00025973716814821785 0.00023963214590264125 -0.00014995296389377379 0.0002583182526455108 0.00014923650498164303 -2.2573408202209158e-05 -0.0017788815470942021 8.536449696198135e-05 -9.7232945699117588e-05 -0.0012487340646365553 0.00010356813772913958 0.00010778981855886223 1.2754891542829629e-05 -0.0023720836034566836 0.00058486818106770922 -1.6560674761931948e-05
leaf_weight=20 27 20 20 104 20 20 30 26 33 23 24 20 23 37 28 27 35 36 20 29 25 20 206 62 92 28 27 32 47 33 23 137 27 21 19 40
leaf_count=20 27 20 20 104 20 20 30 26 33 23 24 20 23 37 28 27 35 36 20 29 25 20 206 62 92 28 27 32 47 33 23 137 27 21 19 40
internal_value=-0.000620557 0.00139268 0.0259038 0.000553974 0.00292612 0.0259038 -0.00552826 -0.00193312 -0.00544198 -0.000631801 0.0135319 -0.00301207 -0.0102793 -0.0242848 -0.00551145 -0.0113329 -0.00486914 -0.0141294 -0.00172692 0.00177866 0.00322009 -0.000253462 0.00223309 -0.0048328 0.0118946 0.0115534 -0.0248015 -0.00750836 0.00163948 -0.0197572 0.0161024 0.012792 -0.0117745 -0.0207231 -0.0117745 -0.0215865
internal_weight=1461 1209 40 1169 841 40 328 268 238 205 67 43 252 64 188 160 133 110 75 801 724 511 464 268 196 213 47 138 79 59 185 162 77 50 55 60
internal_count=1461 1209 40 1169 841 40 328 268 238 205 67 43 252 64 188 160 133 110 75 801 724 511 464 268 196 213 47 138 79 59 185 162 77 50 55 60
cat_boundaries=0 1
cat_threshold=8
is_linear=0
shrinkage=0.129519


Tree=253
num_leaves=26
num_cat=1
split_feature=13 11 11 1 10 20 10 1 23 11 9 9 0 13 1 0 5 0 26 9 16 0 11 17 1
split_gain=2.4728 1.66348 1.69226 1.40266 2.48408 2.69989 2.5 1.6 1.02253 1.4359 1.12217 2.45665 1.41366 3.33452 2.37044 1.4105 1.87214 2.57881 1.0687 2.59102 0.9 0.677134 2.00178 1.28502 0.664615
threshold=0.99618957151386123 0.97872324816535827 0.96851839807117801 28.500000000000004 0.063390085881955258 0 -0.83375966452616657 29.500000000000004 1.0000000180025095e-35 -1.0000000180025095e-35 0.8697513045430848 0.78325454425165997 1.0000000180025095e-35 0.37447172655954958 21.500000000000004 5.5000000000000009 104.50000000000001 1.0000000180025095e-35 -18.499999999999996 0.82899317702918729 -0.45274365290664581 1.5000000000000002 0.99572776335819457 1.0000000180025095e-35 21.500000000000004
decision_type=2 2 2 2 2 9 2 2 2 2 2 2 2 2 2 2 2 2 2 2 2 2 2 2 2
left_child=1 2 3 8 5 -5 -7 -6 10 -10 11 12 13 -1 -14 16 17 -12 -13 -20 -2 -3 23 -23 -18
right_child=20 21 -4 4 7 6 -8 -9 9 -11 15 18 14 -15 -16 -17 24 -19 19 -21 -22 22 -24 -25 -26
leaf_value=-0.00024338941144039336 -0.00055986828451100139 -0.00018366983295728867 0.00021277140256380092 0.00054597988829220459 -0.00016222299183134408 0.00037004922403469992 -0.00030992099406580009 -2.9902924723745554e-05 4.1683448004937131e-05 0.00013034411244148994 0.00028174927175043338 0.0010588048403348126 -7.9108853324671553e-06 8.616598295131103e-05 0.00013187635224332181 0.00052651534001237532 -0.0022537071428697596 8.4717917843150613e-05 -1.2011916172708798e-05 -0.0006093749930550956 -5.1181126253619257e-05 -0.0004144470583633572 -0.00032708261337786117 0.00083271034848062453 -0.00011339962663268207
leaf_weight=66 20 27 20 27 20 20 20 20 28 24 21 22 542 59 200 28 26 109 25 24 20 20 30 19 24
leaf_count=66 20 27 20 27 20 20 20 20 28 24 21 22 542 59 200 28 26 109 25 24 20 20 30 19 24
internal_value=-0.000620557 0.000273439 0.00146625 0.000893235 -0.0133151 0.00193312 -0.0194279 -0.0388557 0.00216226 0.019926 0.00135622 -0.00055232 0.00134449 -0.0113977 0.00349108 0.00996301 0.00575641 0.0139482 -0.0237148 -0.0343622 -0.0323798 -0.0161899 -0.00938545 0.00996301 -0.0155423
internal_weight=1461 1421 1325 1305 107 67 40 40 1198 52 1146 938 867 125 742 208 180 130 71 49 40 96 69 39 50
internal_count=1461 1421 1325 1305 107 67 40 40 1198 52 1146 938 867 125 742 208 180 130 71 49 40 96 69 39 50
cat_boundaries=0 1
cat_threshold=8
is_linear=0
shrinkage=0.129519


Tree=254
num_leaves=45
num_cat=1
split_feature=13 13 9 5 0 11 26 1 26 23 13 26 16 1 1 14 0 11 10 1 11 11 1 10 0 1 1 1 15 20 13 16 16 1 1 26 10 0 0 9 10 9 1 0
split_gain=2.06598 2.68891 2.07914 2.6434 1.6199 1.50482 3.36015 2.20872 2.13792 1.62955 1.31735 1.02195 0.96229 1.32722 3.29613 1.76944 1.23214 2.57237 1.38352 1.82428 1.3562 1.33342 1.15722 1.29183 0.952217 0.938988 2.02687 1.4385 1.04294 0.998758 1.12939 0.959426 1.1414 1.64626 0.870318 0.688995 0.579789 0.493873 0.467625 0.435747 0.40611 0.340831 0.524557 0.226991
threshold=-0.016126489383873798 -0.11265068620919698 0.99907018497641642 108.50000000000001 3.5000000000000004 0.85784900197110281 -1.0000000180025095e-35 12.500000000000002 -9.4999999999999982 1.0000000180025095e-35 0.074117039608866217 -12.499999999999998 0.46419330791565666 22.500000000000004 20.500000000000004 -0.52949370013543129 3.5000000000000004 -0.21022365857738426 0.24997576770840005 20.500000000000004 -0.074117039608866189 0.29342023166772879 27.500000000000004 0.38043945030393422 1.0000000180025095e-35 21.500000000000004 24.500000000000004 20.500000000000004 0.89690677264064533 0 -0.98994109942595798 -0.66206809087625074 -0.18281016255128033 26.500000000000004 14.500000000000002 -19.499999999999996 -0.18493013702746816 1.5000000000000002 1.0000000180025095e-35 0.99466373373798567 -0.61236746317008228 0.93845596220871974 17.500000000000004 3.5000000000000004
decision_type=2 2 2 2 2 2 2 2 2 2 2 2 2 2 2 2 2 2 2 2 2 2 2 2 2 2 2 2 2 9 2 2 2 2 2 2 2 2 2 2 2 2 2 2
left_child=1 2 3 36 -3 9 7 8 -7 10 -2 35 13 14 15 -12 17 37 19 34 -19 -22 23 -15 -17 27 40 28 29 -5 -31 -28 -33 -34 -18 -9 -1 -14 -38 41 -27 -40 -43 -24
right_child=5 4 -4 25 -6 6 -8 11 -10 -11 12 -13 16 22 -16 24 18 20 -20 -21 21 -23 43 -25 -26 26 31 -29 -30 30 -32 32 33 -35 -36 -37 38 -39 39 -41 -42 42 -44 -45
leaf_value=0.00031439674614573129 -9.1629303915127263e-05 0.00027990144259374924 -0.00013791010411205485 -0.00032744773549592298 0.00025835631537556898 -0.00016449290706157331 -0.0014398701454696678 -0.00015988107304657547 0.00010808224807092288 0.00059525993943801675 -0.0014162088069611064 -0.00063023602562850209 2.6573081396338814e-05 -0.001104079607522838 0.00034418995154782264 0.00040231574096968214 0.00010470940615757287 -0.00027153821841198293 0.00066755859722156534 0.0018834443023890185 6.6587025268362345e-05 -0.00087587778104608962 -2.57585852202558e-05 -1.1635042655938609e-05 -3.0718970921228114e-05 0.00015504008557448018 2.8821099308309247e-05 -0.0003954182118018827 -0.0010941357830932716 0.0069619855055471323 -1.6245464370308151e-07 -0.00010179662638387688 -0.0005307531446828381 0.00016105582090311031 -0.00074983269694018002 0.00075358745581221209 8.5546837302895214e-05 0.0012170116610506511 0.00025021944648080034 0.00025425004477555027 0.00017278714096607319 -0.00014494392455176785 0.00041956798651948191 0.00016579021374686344
leaf_weight=20 22 25 20 38 19 20 26 25 19 28 21 19 19 27 24 28 23 19 26 31 42 31 20 29 157 23 34 20 21 21 223 38 24 25 21 19 19 22 24 23 37 36 34 19
leaf_count=20 22 25 20 38 19 20 26 25 19 28 21 19 19 27 24 28 23 19 26 31 42 31 20 29 157 23 34 20 21 21 223 38 24 25 21 19 19 22 24 23 37 36 34 19
internal_value=-0.000620557 0.00429345 0.00228563 0.00353234 0.0353234 -0.00544789 -0.0182136 -0.00761877 0.016605 -0.00276478 -0.00423557 -0.0226145 -0.00301207 -0.00757189 -0.00225251 -0.0075448 0.003321 -0.00486914 0.014106 0.00518077 -0.0168938 -0.00887117 -0.0204504 -0.0323798 -0.00350052 -0.00102793 0.00644018 -0.00521284 -0.00299219 -0.000918576 0.00212326 -0.00321122 -0.0104211 0.00264325 -0.0117745 -0.0117745 0.0182655 0.022113 0.0152375 0.012177 0.0259038 0.00826718 0.00370055 -0.003321
internal_weight=1461 724 680 660 44 737 128 102 39 609 581 63 559 325 230 206 234 133 101 75 92 73 95 56 185 504 181 323 303 282 244 121 87 49 44 44 156 41 136 117 60 94 70 39
internal_count=1461 724 680 660 44 737 128 102 39 609 581 63 559 325 230 206 234 133 101 75 92 73 95 56 185 504 181 323 303 282 244 121 87 49 44 44 156 41 136 117 60 94 70 39
cat_boundaries=0 1
cat_threshold=1
is_linear=0
shrinkage=0.129519


Tree=255
num_leaves=39
num_cat=0
split_feature=1 15 5 15 26 10 15 13 5 15 0 0 11 11 12 13 12 16 0 14 14 0 16 14 22 11 5 2 26 17 1 1 1 0 0 16 9 9
split_gain=2.36632 2.12515 2.00127 1.8127 2.50153 1.77568 1.99643 1.68687 2.05789 1.40154 4.52672 1.92063 1.3849 1.78273 2.1 1.43558 1.10592 1.09824 0.986312 1.26093 1.37945 0.976905 3.59768 2.07045 1.14906 1.89666 1.8087 0.964286 0.913277 0.798861 0.719083 0.737355 1.01112 0.878719 0.689656 0.411717 0.276383 0.100251
threshold=28.500000000000004 0.93658841789968572 62.500000000000007 0.19336742136696441 -7.4999999999999991 0.063390085881955258 -0.18281597401273728 -0.99591939645432925 108.50000000000001 0.80609824070534708 3.5000000000000004 2.5000000000000004 -0.878119045158818 -0.93545056548590078 -0.22701029611497392 0.91336570061733802 -0.39036731218380777 -0.9243908642368559 1.5000000000000002 -0.24581460524014456 -0.06124400746908739 1.0000000180025095e-35 -0.046213337480098593 -0.52949370013543129 1.0000000180025095e-35 0.9252105435402006 230.50000000000003 45.500000000000007 11.500000000000002 1.0000000180025095e-35 20.500000000000004 14.500000000000002 9.5000000000000018 3.5000000000000004 4.5000000000000009 -0.3584608628474476 0.96687895796550427 0.97875492728876534
decision_type=2 2 2 2 2 2 2 2 2 2 2 2 2 2 2 2 2 2 2 2 2 2 2 2 2 2 2 2 2 2 2 2 2 2 2 2 2 2
left_child=2 5 3 4 29 6 -2 -4 30 10 28 -11 13 14 -10 21 -15 34 -17 -20 -21 22 -14 -24 25 -23 -26 -19 -5 -1 31 32 33 -9 -16 -7 -33 -34
right_child=1 -3 7 9 -6 35 -8 8 12 11 -12 -13 15 16 17 18 -18 27 19 20 -22 24 23 -25 26 -27 -28 -29 -30 -31 -32 36 37 -35 -36 -37 -38 -39
leaf_value=-0.00013917341300376089 0.00024568039635698355 1.0875086427550612e-06 -0.00019692563907304243 -0.00076243483884373643 -0.00090097158399882432 -0.00027949313593996861 -6.5805037824629589e-05 0.00022524083314588836 -0.00046512432953885289 2.9742166784446552e-05 0.00018309367712112699 -8.6528896337055599e-05 -0.00041083403364354124 6.1597636703724656e-05 0.00014102820788981264 0.00035293823809774596 9.8975910365268555e-05 0.00019463991247834105 -0.00010475901175221455 0.00044673987933421409 -0.00033253364308080354 4.5485342479287831e-05 -0.00023247743358322168 0.000204086588600213 0.00022769783022677029 -0.00037079803854805731 0.00069103630164410988 0.00015040789802812606 9.2061432836903131e-05 0.00010195769995407902 7.1189534371008108e-06 0.00027481993971979469 -0.00079490048022600325 0.00016250171231607682 -0.00042148562385730168 -4.5932219163400779e-05 0.00025310107467354278 0.00039047679388151251
leaf_weight=37 34 21 37 31 23 22 21 27 28 28 34 36 29 20 67 27 21 27 20 20 29 436 30 29 26 40 20 21 19 27 32 19 21 19 25 19 20 19
leaf_count=37 34 21 37 31 23 22 21 27 28 28 34 36 29 20 67 27 21 27 20 20 29 436 30 29 26 40 20 21 19 27 32 19 21 19 25 19 20 19
internal_value=-0.00115246 -0.018819 0.000385474 -0.0104718 -0.0253083 -0.0269832 -0.0117745 0.00268615 0.0036246 -0.00175026 0.00925137 -0.0161899 0.00127396 0.0105351 0.00462568 -0.00146764 0.034749 0.0111016 -0.0161899 -0.0244022 -0.0132162 0.000849306 -0.0117745 0.00658572 0.00297745 0.0010884 0.0225251 0.0269832 -0.0155423 -0.0121424 0.0173242 0.0217592 0.0150604 0.0281563 0.00281563 -0.0473851 0.036531 0
internal_weight=1461 117 1344 235 87 96 55 1109 1072 148 84 64 915 209 168 706 41 140 96 69 49 610 88 59 522 476 46 48 50 64 157 125 86 46 92 41 39 40
internal_count=1461 117 1344 235 87 96 55 1109 1072 148 84 64 915 209 168 706 41 140 96 69 49 610 88 59 522 476 46 48 50 64 157 125 86 46 92 41 39 40
is_linear=0
shrinkage=0.129519


Tree=256
num_leaves=23
num_cat=1
split_feature=1 13 0 13 26 13 1 5 20 26 11 26 9 9 11 11 13 10 23 0 0 1
split_gain=3.43943 1.60138 2.03647 1.95007 1.50137 1.49447 1.5913 1.35659 1.30473 1.13259 1.06802 2.30718 1.11506 2.09624 1.21839 1.43972 1.24422 1.68351 1.36178 1.15238 0.853846 1.0963
threshold=28.500000000000004 0.97876397852965835 3.5000000000000004 0.99531687387553236 -16.499999999999996 0.98540325053957545 29.500000000000004 54.500000000000007 0 -26.499999999999996 0.99572776335819457 -1.4999999999999998 0.9550229469509578 0.96904697354198299 -0.88622299073327826 -0.93545056548590078 0.91336570061733802 0.11478523713130602 1.0000000180025095e-35 4.5000000000000009 4.5000000000000009 7.5000000000000009
decision_type=2 2 2 2 2 2 2 2 9 2 2 2 2 2 2 2 2 2 2 2 2 2
left_child=1 4 3 -3 7 6 -2 -1 -8 -9 11 -6 14 -14 15 19 18 -18 -16 -13 21 -15
right_child=5 2 -4 -5 10 -7 8 9 -10 -11 -12 12 13 20 16 -17 17 -19 -20 -21 -22 -23
leaf_value=-0.00026605521137691452 -8.325080659938203e-05 -0.0016067299905338137 4.8310262367507064e-05 -4.4855715892347468e-06 0.0001435007923794159 9.4665545202715964e-07 0.00048349180135573997 0.00014145462931326096 -0.00031464905608978691 -0.00024673678214514233 -0.0001134789172127906 9.5324870261726693e-05 0.00023975132139538027 -0.00017038527947778722 1.3804688693096748e-06 7.8918807958721417e-05 -8.7965088226602729e-05 -5.1592085362754026e-05 0.00021900300333066726 -0.00063422876129965822 0.00026507764675964428 9.6210653045550879e-05
leaf_weight=21 36 20 28 19 34 29 27 21 25 22 37 120 23 20 703 38 44 29 33 48 30 54
leaf_count=21 36 20 28 19 34 29 27 21 25 22 37 120 23 20 703 38 44 29 33 48 30 54
internal_value=0.000265953 0.00212011 -0.0173981 -0.036531 0.00314416 -0.021033 -0.0294362 -0.0161899 -0.0149445 -0.00301207 0.00416426 0.00484595 0.00385609 0.0152975 0.0024245 0.0113172 0.000160098 -0.0159681 0.00175977 0.00616758 0.00747226 0
internal_weight=1461 1344 67 39 1277 117 88 64 52 43 1213 1176 1142 127 1015 206 809 73 736 168 104 74
internal_count=1461 1344 67 39 1277 117 88 64 52 43 1213 1176 1142 127 1015 206 809 73 736 168 104 74
cat_boundaries=0 1
cat_threshold=8
is_linear=0
shrinkage=0.129519


Tree=257
num_leaves=21
num_cat=0
split_feature=13 26 14 0 13 0 0 10 0 9 9 13 10 26 9 15 1 10 10 0
split_gain=1.81827 1.33591 2.34252 1.64687 1.30085 2.09921 2.00556 2.17849 1.71052 1.33121 1.75226 1.66358 1.28 1.10124 4.7619 1.18144 1.15543 1.22711 0.4 0.203922
threshold=0.99618957151386123 -16.499999999999996 -0.97008449772828931 3.5000000000000004 -0.93545056548590078 5.5000000000000009 4.5000000000000009 -0.80417042486635371 2.5000000000000004 0.9550229469509578 0.96904697354198299 -0.89405649444168434 0.097680735332368721 -3.4999999999999996 0.66527693225344786 0.99683609994235911 1.5000000000000002 0.99855310097228323 0.011826144619637501 2.5000000000000004
decision_type=2 2 2 2 2 2 2 2 2 2 2 2 2 2 2 2 2 2 2 2
left_child=1 2 -1 -4 5 6 7 -3 12 11 -11 -6 -9 14 -13 16 -15 -18 -2 -12
right_child=18 4 3 -5 9 -7 -8 8 -10 10 19 13 -14 15 -16 -17 17 -19 -20 -21
leaf_value=0.0016906074021332297 -5.0438679589461895e-05 0.00055957712596953983 -0.00034583239862941118 -7.1121153942266201e-05 0.00022275656393480703 -0.000193048680850207 0.0023216866821659178 -9.9338442234213066e-05 -0.0014999851861538197 0.00020869893499570965 -0.00032391418817175294 0.00015908782159971025 0.00019806810116194175 5.4023328326958673e-05 -0.00027169319057237672 0.00020327345375927496 2.4853940952531555e-06 -0.00016416208443678068 -0.0013554146838504163 0.00014110207931972756
leaf_weight=23 20 37 22 19 32 24 24 25 33 23 26 21 25 21 27 28 956 21 20 34
leaf_count=23 20 37 22 19 32 24 24 25 33 23 26 21 25 21 27 28 956 21 20 34
internal_value=0.00132977 0.00209637 -0.0161899 -0.034749 0.0029588 -0.00770947 -0.00179888 -0.00863461 -0.0202861 0.00446618 0.0202861 0.00327897 -0.00518077 0.0024119 0.0215865 0.00151484 0.000778672 0.000132568 -0.0259038 0.00863461
internal_weight=1461 1421 64 41 1357 168 144 120 83 1189 83 1106 50 1074 48 1026 998 977 40 60
internal_count=1461 1421 64 41 1357 168 144 120 83 1189 83 1106 50 1074 48 1026 998 977 40 60
is_linear=0
shrinkage=0.129519


Tree=258
num_leaves=23
num_cat=0
split_feature=26 16 1 14 10 13 0 5 1 5 26 16 16 15 1 14 5 23 16 0 16 11
split_gain=2.01563 1.76518 1.71429 2.98333 1.52727 1.30232 1.38065 3.51159 3.00312 3.60616 2.69077 2.5724 2.26785 2.36542 2.30559 2.07418 1.78409 1.42262 2.63158 1.46636 3.4837 2.95486
threshold=-11.499999999999998 0.99840062925627227 15.500000000000002 -0.9399179710378005 0.6174544326165855 -0.99591939645432925 4.5000000000000009 70.500000000000014 25.500000000000004 210.50000000000003 -4.4999999999999991 -0.9243908642368559 0.27280117299209999 0.45272350407489786 14.500000000000002 -0.99166805921824908 30.500000000000004 1.0000000180025095e-35 -0.40022913375588282 1.0000000180025095e-35 -0.45274365290664581 -0.85227431625818906
decision_type=2 2 2 2 2 2 2 2 2 2 2 2 2 2 2 2 2 2 2 2 2 2
left_child=2 5 3 -1 -4 -2 10 16 11 -10 -7 -9 13 -13 -14 -12 -8 19 -19 20 -17 -21
right_child=1 -3 4 -5 -6 6 7 8 9 -11 15 12 14 -15 -16 17 -18 18 -20 21 -22 -23
leaf_value=-0.00017036973234849982 -0.00077542594729632195 6.5758459087848889e-05 -6.3088624817033171e-05 -0.0030067196218405523 0.00083361856360242791 0.0001517156210928703 -2.9117146916098423e-05 -0.00028507230439161135 -0.0020153217104175417 3.2336620261505425e-06 0.00012260801140736172 0.00038203455779403992 -0.00074697146406232495 0.00014451326593999472 0.00034233352353195819 -0.00015683976538497137 -0.0040120598875927086 -9.9668983515420522e-05 0.0016238183270543564 0.00014281924780026558 1.5083578905352986e-05 8.7976559954466047e-07
leaf_weight=23 32 25 22 19 20 20 34 37 29 35 26 55 46 48 70 53 23 19 19 130 119 557
leaf_count=23 32 25 22 19 20 20 34 37 29 35 26 55 46 48 70 53 23 19 19 130 119 557
internal_value=0.000975161 0.00216336 -0.0185027 -0.0370055 0 0.00153277 0.00215865 -0.00446618 0.000809495 -0.0242848 0.00480718 0.00708308 0.0124196 0.0264068 0 0.00378875 -0.034084 0.00274344 0.0272672 0.00165857 -0.00903622 0.00433616
internal_weight=1461 1377 84 42 42 1352 1320 377 320 64 943 256 219 103 116 923 57 897 38 859 172 687
internal_count=1461 1377 84 42 42 1352 1320 377 320 64 943 256 219 103 116 923 57 897 38 859 172 687
is_linear=0
shrinkage=0.129519


Tree=259
num_leaves=12
num_cat=0
split_feature=16 14 13 13 14 26 26 1 5 13 16
split_gain=1.83183 1.91115 1.45363 1.35447 1.28519 1.29213 3.00595 3.97189 1.33333 1.20075 1.95171
threshold=0.99840062925627227 -0.99789924639000038 0.99768613338197654 -0.99591939645432925 -0.99324539968045167 -16.499999999999996 -5.4999999999999991 15.500000000000002 54.500000000000007 0.99398759792145908 0.98702143393805541
decision_type=2 2 2 2 2 2 2 2 2 2 2
left_child=1 -1 3 -3 -5 8 7 -7 -6 10 -8
right_child=-2 2 -4 4 5 6 9 -9 -10 -11 -12
leaf_value=-0.00065734233850164934 5.7241479624353129e-05 -0.00067499344081557667 -0.00019061050081765156 0.00019020236156856011 -0.00025978276366262008 0.00038634572635038187 1.34244000644607e-05 -2.557192775288414e-05 5.8294946981821824e-05 0.00024843461220597777 -0.00011571986111661915
leaf_weight=20 25 32 28 24 21 23 1202 19 28 19 20
leaf_count=20 25 32 28 24 21 23 1202 19 28 19 20
internal_value=0.00150707 0.000901944 0.00146349 0.0020529 0.00267444 0.00213921 0.00292756 0.0370055 -0.0185027 0.00177423 0.00127187
internal_weight=1461 1436 1416 1388 1356 1332 1283 42 49 1241 1222
internal_count=1461 1436 1416 1388 1356 1332 1283 42 49 1241 1222
is_linear=0
shrinkage=0.129519


Tree=260
num_leaves=31
num_cat=0
split_feature=15 5 0 26 1 12 15 9 1 15 26 14 1 14 11 11 11 14 0 11 0 15 11 14 15 12 1 0 11 9
split_gain=1.37632 1.89595 2.03043 1.71123 1.94311 1.65077 1.51398 1.4738 1.43233 1.36071 1.29663 1.26066 1.13179 0.833333 0.803231 1.20849 0.916928 0.675 1.17391 3.72472 2.11747 2.99183 2.38672 1.16254 1.36001 0.674764 0.600272 0.560392 0.463409 0.105263
threshold=-0.3261349169468733 62.500000000000007 3.5000000000000004 -6.4999999999999991 3.5000000000000004 -0.99467580659249177 0.056949529780582459 0.96234642434711437 2.5000000000000004 -0.39035715919116548 -13.499999999999998 0.98899263613956456 15.500000000000002 0.99397208639875323 0.99049901459377832 0.96851839807117801 0.93771544905322113 -0.88218783483277374 5.5000000000000009 0.21022171450811272 2.5000000000000004 -0.97874135047973931 -0.47653456831620439 -0.46800559042974538 -0.51296385841321468 1.0000000180025095e-35 10.500000000000002 2.5000000000000004 0.84660111278280559 0.34235194516023087
decision_type=2 2 2 2 2 2 2 2 2 2 2 2 2 2 2 2 2 2 2 2 2 2 2 2 2 2 2 2 2 2
left_child=1 2 -1 10 6 -6 -5 11 -3 17 -2 14 27 28 15 16 -7 26 20 -20 23 -22 -23 29 -25 -16 -10 -9 -8 -19
right_child=3 8 -4 4 5 7 13 12 9 -11 -12 -13 -14 -15 25 -17 -18 18 19 -21 21 22 -24 24 -26 -27 -28 -29 -30 -31
leaf_value=-0.00011621935346175881 0.00027579683439804764 -7.2091848278735583e-05 -0.0016645877005458274 0.00012608598298351382 -0.00027070347774738773 1.0626962352945527e-05 0.00040358645781107599 -0.00080542353926837983 4.1100851278662541e-05 -0.00029285096924213646 0.00015830893138763915 -9.1736952775453156e-05 0.00017400840355007589 -2.7201100451991986e-05 -0.00087257657486368727 0.00050990857249843581 -0.00045550372023067534 0.000125944798447605 -0.00011200260881634935 0.00041180134629579791 -0.000751112279526831 0.00032071578731866768 -0.00025342071196115157 -1.7606574919933513e-05 0.00027635307183763904 2.9486836629431432e-05 0.0006245543886039068 0.00024605701969862749 0.00021625757339589587 0.00025905499092740311
leaf_weight=25 21 24 19 33 24 558 19 19 29 28 23 21 19 20 19 26 20 19 37 27 32 61 93 125 19 20 19 22 21 19
leaf_count=25 21 24 19 33 24 558 19 19 29 28 23 21 19 20 19 26 20 19 37 27 32 61 93 125 19 20 19 22 21 19
internal_value=0.00132977 -0.00359775 -0.0294362 0.00453683 0.00323413 0.00103892 0.0208902 0.00214673 -0.00146074 0 0.0294362 0.000390118 0.0215865 0.00863461 0.00141001 0.00257323 0.00134449 0.00161899 0 0.0161899 -0.00281563 -0.0125341 -0.0050462 0.00711644 0.00179888 -0.016605 0.0161899 0.00947701 0.0194279 0.0272672
internal_weight=1461 576 44 885 841 748 93 724 532 508 44 664 60 60 643 604 578 480 432 64 368 186 154 182 144 39 48 41 40 38
internal_count=1461 576 44 885 841 748 93 724 532 508 44 664 60 60 643 604 578 480 432 64 368 186 154 182 144 39 48 41 40 38
is_linear=0
shrinkage=0.129519


Tree=261
num_leaves=32
num_cat=2
split_feature=1 10 0 9 16 11 9 2 26 16 15 15 10 0 11 25 15 20 0 14 11 15 15 11 11 11 12 10 1 20 1
split_gain=3.24264 2.38571 2.02582 1.95239 1.7717 2.48318 1.5 1.33583 1.92568 1.15725 0.99904 2.67762 1.13357 1.42626 0.934419 0.868887 0.757406 0.772598 0.740638 1.6398 1.63068 1.12361 1.93736 1.07299 1.04515 2.23716 1.62377 0.410256 0.609524 0.304762 0.261019
threshold=28.500000000000004 -0.83375966452616657 3.5000000000000004 0.95998215779580554 -0.56190251903049515 -0.86114227455745762 0.97112537654464559 6.5000000000000009 -3.4999999999999996 -0.64251154504523245 -0.43345626923362546 -0.3261349169468733 -0.61236746317008228 2.5000000000000004 0.056949529780582459 1.0000000180025095e-35 -0.094472017788296836 0 2.5000000000000004 0.9716298204432684 0.80417553764032002 -0.97113884758256674 -0.82656129716566695 -0.65234524191686594 0.45272350407489786 0.32612888491727238 0.80800279670863706 -0.013976481981245098 21.500000000000004 1 8.5000000000000018
decision_type=2 2 2 2 2 2 2 2 2 2 2 2 2 2 2 2 2 9 2 2 2 2 2 2 2 2 2 2 2 9 2
left_child=3 -2 14 4 7 -6 -5 8 -1 10 12 -12 -9 -14 -3 18 29 -18 19 21 24 23 -23 -7 25 -20 -26 30 -29 -13 -8
right_child=1 2 -4 6 5 15 27 9 -10 -11 11 16 13 -15 -16 -17 17 -19 20 -21 -22 22 -24 -25 26 -27 -28 28 -30 -31 -32
leaf_value=0.00036213155716350855 4.9406187274695032e-06 -9.2689580380069179e-05 -0.00019087468309546271 0.00015319191820093307 -3.1735907686754515e-05 1.3671638362626088e-05 -4.6931211474592339e-06 7.9609879344809536e-05 6.0561322448781473e-05 0.0012146894752680716 -0.00044532869690625822 4.6134163139194627e-05 -1.9375902597176802e-05 0.00015194920366476926 0.00011158834241639429 -0.00077565717460106572 -0.00040374247242985274 1.3888601470481342e-05 -2.1843077718106907e-05 -0.00075446176061906632 0.0002774788925996518 -0.00083259132229095254 6.0569038879763127e-05 0.0048168315145670623 -4.4575712564828898e-05 0.0020768740303659331 -0.00091598213697609971 0.00010201261197548985 2.3635020355455382e-05 0.00034307211633571931 0.00027544427219366123
leaf_weight=19 29 26 37 20 19 21 21 21 23 22 28 21 25 37 25 29 28 162 279 23 19 47 212 22 85 25 22 20 28 35 31
leaf_count=19 29 26 37 20 19 21 21 21 23 22 28 21 25 37 25 29 28 162 279 23 19 47 212 22 85 25 22 20 28 35 31
internal_value=0.00186167 -0.018819 -0.0294362 0.003662 0.00211633 -0.00145165 0.0194279 0.00892175 0.0308379 0.00649304 0.00471638 0.000945395 0.0171652 0.00835607 -0.012698 -0.000330406 0.00526501 0.00136336 0.000514646 0.00518077 -0.00301207 0.00771968 0.00450067 0.0271087 -0.00472698 -0.0008521 -0.015736 0.0129519 0.0215865 0.0185027 0.00498151
internal_weight=1461 117 88 1344 1224 803 120 421 42 379 357 274 83 62 51 784 246 190 755 325 430 302 259 43 411 304 107 100 48 56 52
internal_count=1461 117 88 1344 1224 803 120 421 42 379 357 274 83 62 51 784 246 190 755 325 430 302 259 43 411 304 107 100 48 56 52
cat_boundaries=0 1 2
cat_threshold=1 8
is_linear=0
shrinkage=0.129519


Tree=262
num_leaves=37
num_cat=0
split_feature=1 10 16 16 11 12 21 1 11 15 5 2 12 13 11 6 11 1 12 2 1 1 14 12 13 1 1 14 14 13 1 1 14 15 12 1
split_gain=2.09106 1.77499 1.68705 2.25522 1.56416 1.33953 1.45127 1.23079 1.2801 1.07639 1.00336 0.94609 0.926377 0.965128 0.86027 0.866785 3.67163 1.88698 1.68896 1.45455 1.26123 1.22937 1.07351 1.00087 0.837009 0.918539 0.885189 0.745913 1.96712 0.751641 0.631112 0.4375 0.421053 0.288095 0.183284 0.0188153
threshold=28.500000000000004 -0.83375966452616657 -0.42179730054635628 0.98702143393805541 -0.11798870221290068 0.44313120970497338 11.000000000000002 2.5000000000000004 -0.022576249993022598 -0.99589637178820756 46.500000000000007 10.500000000000002 0.29958852271690523 -0.70596181949113168 0.75011860976965206 1.0000000180025095e-35 -0.59869031648930193 23.500000000000004 0.95938053495154851 50.500000000000007 14.500000000000002 16.500000000000004 -0.6588267442005078 0.96407344085605595 -0.77517597200567023 22.500000000000004 19.500000000000004 -0.99698452691574591 -0.97008449772828931 -0.60897148302369042 20.500000000000004 7.5000000000000009 -0.9859468191523747 -0.55298179881746712 0.98448590438035632 13.500000000000002
decision_type=2 2 2 2 2 2 2 2 2 2 2 2 2 2 2 2 2 2 2 2 2 2 2 2 2 2 2 2 2 2 2 2 2 2 2 2
left_child=5 -2 -3 4 -4 6 9 8 -7 -1 -8 -12 13 35 15 17 -17 18 19 21 -18 -9 -22 -19 25 26 31 -15 32 -30 -24 -13 -29 -27 -20 -11
right_child=1 2 3 -5 -6 7 10 14 -10 12 11 24 -14 27 -16 16 20 23 34 -21 22 -23 30 -25 -26 33 -28 28 29 -31 -32 -33 -34 -35 -36 -37
leaf_value=-0.0024221998796790257 4.3007140090567678e-06 -0.00028175594184251898 -2.7230831170754749e-05 -0.0001014469561262221 9.7135515602888344e-05 -0.00014625454464197303 0.00022486395588308227 -0.00020810153539467792 -1.0761960347032633e-05 -0.00022674591821141135 -0.00010844283722360895 5.2511601641247558e-06 6.9298875758841611e-05 -0.00067519471975714793 -4.1431607946005797e-05 0.00067513137632231384 -0.0013402174031089278 0.0016119556228620067 0.00044374266113678546 -0.0029363399926026607 -0.00071268673636091086 3.0324873441298905e-05 0.0002820060492081141 2.5342744142866541e-05 0.00013743705759837024 0.00020321303487068069 -0.0012642283399335295 0.0001939887409647544 9.2183752023928666e-05 1.4926866721291985e-05 -0.00011678593575181099 0.00019665419570857949 0.00062744704453551216 7.6660697498894242e-05 0.0030818944209383345 -5.5225911013977371e-05
leaf_weight=20 29 29 19 19 21 19 26 115 29 21 28 28 37 19 20 25 32 20 19 22 19 61 19 22 23 20 21 19 36 476 22 36 19 28 23 20
leaf_count=20 29 29 19 19 21 19 26 115 29 21 28 28 37 19 20 25 32 20 19 22 19 61 19 22 23 20 21 19 36 476 22 36 19 28 23 20
internal_value=0.00221628 -0.014391 -0.0235489 -0.0109762 0.00647596 0.003662 0.00664579 -0.0019414 -0.0215865 0.00368945 0.0160357 0.0126704 0.00460424 0.00339722 0.000309115 0.00162305 -0.00774901 0.00551145 0.00107933 -0.00392482 -0.0197094 0 -0.00863461 0.0308379 0.016605 0.0126598 0.00457126 0.00478014 0.00565174 0.00354154 0.003159 0.0121424 0.034084 0.0269832 0.0246703 -0.015795
internal_weight=1461 117 88 59 40 1344 877 467 48 667 210 184 647 610 419 399 117 282 240 198 92 176 60 42 156 133 85 569 550 512 41 64 38 48 42 41
internal_count=1461 117 88 59 40 1344 877 467 48 667 210 184 647 610 419 399 117 282 240 198 92 176 60 42 156 133 85 569 550 512 41 64 38 48 42 41
is_linear=0
shrinkage=0.129519


Tree=263
num_leaves=34
num_cat=0
split_feature=1 9 9 10 11 13 1 9 5 11 26 26 1 11 9 13 14 26 2 2 11 1 11 1 26 13 5 13 2 1 1 1 2
split_gain=1.53223 1.88166 2.2508 1.50343 2.04658 1.62651 1.23117 1.54571 1.59408 2.19421 0.987222 3.02365 1.99147 1.04035 1.94094 1.37231 1.56807 1.14355 1.62842 0.934419 0.914299 1.33333 0.949029 0.857143 0.851955 0.653358 1.6 1.07962 1.23077 0.615385 0.251282 0.244444 0.366667
threshold=28.500000000000004 0.9550229469509578 0.96904697354198299 -0.83375966452616657 0.091256449300296916 -0.099817886459630287 5.5000000000000009 -0.84315017450793706 216.50000000000003 0.89404822654372251 -6.4999999999999991 -14.499999999999998 14.500000000000002 0.66527693225344786 0.70290292807158605 0.92230992668936429 0.34436929362800867 13.500000000000002 3.5000000000000004 39.500000000000007 0.54217677573236234 14.500000000000002 -0.67803021058859214 22.500000000000004 22.500000000000004 -0.016126489383873798 184.50000000000003 0.058024361988385058 18.500000000000004 16.500000000000004 22.500000000000004 9.5000000000000018 14.500000000000002
decision_type=2 2 2 2 2 2 2 2 2 2 2 2 2 2 2 2 2 2 2 2 2 2 2 2 2 2 2 2 2 2 2 2 2
left_child=1 6 -3 -2 5 -5 7 19 9 25 11 12 -8 17 15 16 23 18 -12 -1 22 -22 -20 -15 -19 26 -9 -27 -29 -18 31 -4 -33
right_child=3 2 30 4 -6 -7 10 8 -10 -11 13 -13 -14 14 -16 -17 29 24 20 -21 21 -23 -24 -25 -26 27 -28 28 -30 -31 -32 32 -34
leaf_value=-0.00011703352832956153 3.7436892034272122e-06 0.00011595998703922393 7.3836646853894845e-05 -2.3703917172669247e-05 8.0087464968408676e-06 -0.00011032991917007203 -0.0043053312823000166 0.00020922594202100637 -0.0018711784846895732 0.000797319588113516 -0.00065014607412809515 0.0002363437091053534 0.00017389075497718472 0.00038937063080455632 -0.00074731461820142723 -3.6065421467480051e-05 -0.00014000831355198435 7.2738817034765399e-05 6.3820611074656095e-05 0.00015685420211370845 0.00013235536082909595 0.00025390012040393286 -5.2552761569606927e-06 0.0001929397216672692 8.2711323743409063e-05 -0.00061671553853349719 -0.00052214264458460278 0.00057374463657948861 -0.00021245925073606079 1.0613981552396679e-05 3.7689477630846486e-05 -0.001251235702002348 0.00013131724964568785
leaf_weight=25 29 24 36 27 35 26 19 20 34 19 19 27 37 21 21 28 52 26 264 26 24 24 338 21 23 24 20 26 26 52 24 20 24
leaf_count=25 29 24 36 27 35 26 19 20 34 19 19 27 37 21 21 28 52 26 264 26 24 24 338 21 23 24 20 26 26 52 24 20 24
internal_value=0.00203897 0.00327653 0.0182136 -0.012177 -0.0206053 -0.0366564 0.0017042 -0.00706468 -0.0130286 -0.00671581 0.0036411 0.0171652 0 0.00241164 -0.00597781 -0.00148873 0.00354847 0.00469011 0.00329122 0.012698 0.00438372 0.0215865 0.00301207 0.0246703 0.0237892 -0.0133985 0 -0.0204504 -0.00996301 -0.00498151 0.00996301 0.00647596 0
internal_weight=1461 1344 128 117 88 53 1216 220 169 135 996 83 56 913 195 174 146 718 669 51 650 48 602 42 49 116 40 76 52 104 104 80 44
internal_count=1461 1344 128 117 88 53 1216 220 169 135 996 83 56 913 195 174 146 718 669 51 650 48 602 42 49 116 40 76 52 104 104 80 44
is_linear=0
shrinkage=0.129519


Tree=264
num_leaves=20
num_cat=0
split_feature=9 9 14 5 2 13 13 15 0 8 0 5 0 0 9 1 1 1 1
split_gain=1.04454 2.03658 1.08311 0.818299 1.25912 0.792457 1.79164 0.98138 1.55863 1.00437 1.29982 0.855472 0.956938 1.29663 0.66746 0.9 0.463409 0.381741 0.176327
threshold=0.95998215779580554 0.97112537654464559 0.99895983886342388 355.50000000000006 50.500000000000007 -0.93545056548590078 -0.89405649444168434 -0.99323793665845683 2.5000000000000004 1.0000000180025095e-35 5.5000000000000009 216.50000000000003 2.5000000000000004 4.5000000000000009 0.9962888416657264 5.5000000000000009 26.500000000000004 22.500000000000004 13.500000000000002
decision_type=2 2 2 2 2 2 2 2 2 2 2 2 2 2 2 2 2 2 2
left_child=2 -2 3 4 5 11 -7 8 -8 10 -9 -1 -13 -14 17 -16 -5 18 -3
right_child=1 14 -4 16 -6 6 7 9 -10 -11 -12 12 13 -15 15 -17 -18 -19 -20
leaf_value=9.9026661036945692e-05 0.0001038446286940698 0.00037651218437333427 7.0508389442835263e-05 4.675021066407383e-05 -0.001008051378878538 0.00015430678411349329 -0.0021122898680043935 3.0153495144656098e-06 0.001118840704368894 -0.00020440550143618278 9.9903460254262988e-05 8.6045850720267025e-05 -0.0019681225611408301 -5.9517947282557577e-05 5.4245256143250975e-06 -0.00011319078892218009 1.4910856991081821e-05 5.4932447158871212e-05 -0.00045354983298327093
leaf_weight=36 20 25 21 21 21 32 21 880 23 31 148 32 23 21 20 20 19 23 24
leaf_count=36 20 25 21 21 21 32 21 880 23 31 148 32 23 21 20 20 19 23 24
internal_value=0.00274818 0.0137369 0.00165675 0.00118825 0.000612867 0.00114251 0.00216816 0.00129167 -0.0176617 0.00207916 0.00277181 -0.00925137 -0.017042 -0.0294362 0.00693853 -0.00647596 0.0194279 0.014391 0.00792974
internal_weight=1461 132 1329 1308 1268 1247 1135 1103 44 1059 1028 112 76 44 112 40 40 72 49
internal_count=1461 132 1329 1308 1268 1247 1135 1103 44 1059 1028 112 76 44 112 40 40 72 49
is_linear=0
shrinkage=0.129519


Tree=265
num_leaves=28
num_cat=0
split_feature=11 26 13 10 24 1 1 1 14 13 11 12 15 26 10 26 10 26 12 1 10 1 0 10 11 0 10
split_gain=1.24507 2.1548 2.23478 2.21408 1.76633 1.26712 3.77863 2.52083 1.45329 1.15714 1.10914 1.6 1.00662 1.22579 3.45128 1.63743 1.03909 1.03669 0.936268 1.25029 0.914743 1.72794 1.03714 2.3359 1.75271 0.77501 0.707071
threshold=0.57075747273004163 7.5000000000000009 0.87759045624936116 0.71952396275653763 1.0000000180025095e-35 3.5000000000000004 4.5000000000000009 2.5000000000000004 -0.06124400746908739 1.0000000180025095e-35 0.49812943072827087 0.82414901459271639 0.98523515750423463 -12.499999999999998 0.47369649395226454 -20.499999999999996 0.31595530242620651 -26.499999999999996 0.99351059783078122 28.500000000000004 -0.98212955754013376 11.500000000000002 5.5000000000000009 -0.22700609751797862 0.43733377705052545 2.5000000000000004 -0.022575793296316444
decision_type=2 2 2 2 2 2 2 2 2 2 2 2 2 2 2 2 2 2 2 2 2 2 2 2 2 2 2
left_child=5 2 3 12 -4 7 -7 8 -1 -10 18 -12 13 15 16 17 25 -2 19 20 21 -8 24 -24 -22 -15 -21
right_child=1 -3 4 -5 -6 6 10 -9 9 -11 11 -13 -14 14 -16 -17 -18 -19 -20 26 22 -23 23 -25 -26 -27 -28
leaf_value=0.0011012719578213576 0.00041584917661474722 -7.71648253757207e-05 5.0924811698831076e-05 -3.1571334417714237e-05 0.00029995654832773081 -0.0084239252935996364 0.00031378660908486656 0.00073895073466914241 6.506436739221535e-05 -0.00021664310400186008 8.244813649562785e-05 -0.00010252197233882025 0.00016496665725850763 -8.1388642968524072e-05 -0.0032453397156251129 0.00079086619338372959 0.00016159826836457792 -0.00016464184742729629 7.5717606585693818e-06 0.00011020456277377615 4.9742225764539048e-05 -0.00040439466325276069 0.00024681228239228122 7.6050533178727709e-05 -0.0012732467612289887 3.8273811915449412e-06 -4.2207469215301457e-05
leaf_weight=19 23 33 33 19 23 32 25 32 24 21 20 20 20 89 19 23 24 24 21 30 572 36 34 66 28 118 33
leaf_count=19 23 33 33 19 23 32 25 32 24 21 20 20 20 89 19 23 24 24 21 30 572 36 34 66 28 118 33
internal_value=0.00221628 -0.00346926 -0.000936283 -0.00469011 0.0231284 0.00473071 0.00324857 0.0188882 0.00404747 -0.00863461 0.00482953 0.0259038 -0.00228563 -0.00404747 -0.00828923 0.0111016 -0.00392482 -0.00275573 0.00383193 0.00314367 0.00459529 -0.0106163 0.00592088 0.0181327 0.00388557 -0.00688266 -0.014391
internal_weight=1461 448 415 359 56 1013 917 96 64 45 885 40 340 320 250 70 231 47 845 824 761 61 700 100 600 207 63
internal_count=1461 448 415 359 56 1013 917 96 64 45 885 40 340 320 250 70 231 47 845 824 761 61 700 100 600 207 63
is_linear=0
shrinkage=0.129519


Tree=266
num_leaves=26
num_cat=1
split_feature=1 16 13 15 16 14 16 0 11 10 13 13 19 14 14 16 15 15 15 5 11 13 0 10 0
split_gain=0.966875 1.95193 1.10855 0.964553 0.673543 1.4926 1.08847 0.81981 1.7914 2.13842 1.73904 2.12824 1.49072 1.6708 2.88557 2.41429 1.71618 1.33165 2.87536 0.895142 0.958928 0.895298 0.673193 0.566852 0.421053
threshold=28.500000000000004 -0.44311584263479492 -0.20179863041063703 -0.067682409684136677 0.99897831515029056 -0.99789924639000038 0.99219613630290149 1.5000000000000002 0.66527693225344786 -0.97874870457683605 -0.2831375084032613 0.42180388294288101 0 -0.9442435209558494 -0.85672464624562206 -0.022575793296316749 -0.94137016754773739 0.97362002771214617 0.88618201382888007 258.50000000000006 0.62585923293574564 0.27694476165744875 3.5000000000000004 -0.77243990499604276 3.5000000000000004
decision_type=2 2 2 2 2 2 2 2 2 2 2 2 9 2 2 2 2 2 2 2 2 2 2 2 2
left_child=4 24 -3 -4 5 -1 7 8 9 -7 23 -12 19 22 15 -15 -16 18 -11 20 21 -9 -14 -10 -2
right_child=1 2 3 -5 -6 6 -8 12 10 17 11 -13 13 14 16 -17 -18 -19 -20 -21 -22 -23 -24 -25 -26
leaf_value=-0.00056211858210783645 -0.00024563746231504095 -2.0483156027110272e-05 9.295000118758583e-06 -3.5297952413513166e-05 0.00012263652941625373 -0.00019692923262777242 -9.5602888407981835e-05 -0.00010617886097404074 -0.002716218571925175 7.9102769575436935e-05 0.0046424351201644429 -9.3875047995500469e-05 0.00018081995968562635 -0.0022775159464381383 -0.00027321928211548408 5.3393698883556653e-05 7.8493224421029661e-05 7.2452477400143021e-05 -0.0020095005803332806 -0.0011376333063469507 -0.001801143345791919 0.00059587632857171374 0.0004360928387261479 -0.00011106833553765894 -0.00016972233619351731
leaf_weight=19 19 24 26 29 20 22 29 53 19 204 23 34 22 24 62 21 603 20 23 37 33 23 30 23 19
leaf_count=19 19 24 26 29 20 22 29 53 19 204 23 34 22 24 62 21 603 20 23 37 33 23 30 23 19
internal_value=0.00132977 -0.00996301 0.00163948 0.0117745 0.00231284 0.00195648 0.00248121 0.00304512 -0.00211173 0.00337039 -0.0170076 -0.00227227 0.00513512 0.00738192 0.00583748 -0.0259038 0.00798539 0.0068168 0.00399398 -0.00664201 -0.00118825 0.0068168 0.029889 -0.0370055 -0.034084
internal_weight=1461 117 79 55 1344 1324 1305 1276 368 269 99 57 908 762 710 45 665 247 227 146 109 76 52 42 38
internal_count=1461 117 79 55 1344 1324 1305 1276 368 269 99 57 908 762 710 45 665 247 227 146 109 76 52 42 38
cat_boundaries=0 1
cat_threshold=5
is_linear=0
shrinkage=0.129519


Tree=267
num_leaves=26
num_cat=0
split_feature=9 9 9 5 9 5 10 1 14 14 10 1 12 10 5 1 26 1 10 5 14 16 17 1 1
split_gain=2.05675 1.26591 1.8413 0.939465 0.9 0.694231 0.641084 1.13636 0.985154 1.23563 1.53297 1.23105 1.27715 1.78539 1.02052 0.745833 2.67405 2.36005 1.53771 1.14036 0.940547 0.722087 0.555947 0.512121 0.0757576
threshold=0.99907018497641642 0.95998215779580554 0.97112537654464559 88.500000000000014 0.9893236546938301 98.500000000000014 -0.98212955754013376 11.500000000000002 -0.99789924639000038 -0.21442283416999405 -0.87810534180523914 5.5000000000000009 0.18281650233046787 0.73136292505298039 56.500000000000007 8.5000000000000018 7.5000000000000009 11.500000000000002 -0.35846086284744716 34.500000000000007 0.836143665535245 -0.86974577485258997 1.0000000180025095e-35 24.500000000000004 6.5000000000000009
decision_type=2 2 2 2 2 2 2 2 2 2 2 2 2 2 2 2 2 2 2 2 2 2 2 2 2
left_child=1 6 -3 4 -4 -5 7 24 -8 11 -11 -10 13 14 -13 16 19 18 -17 -12 -19 -14 -23 -9 -1
right_child=-2 2 3 5 -6 -7 8 23 9 10 15 12 21 -15 -16 17 -18 20 -20 -21 -22 22 -24 -25 -26
leaf_value=0.0010743971148301753 -7.8603917940134338e-05 7.1628320376356127e-05 0.00019567154276943933 0.00042649930743106042 -2.2350526656726443e-05 0.00015644359265821171 -0.00044777039172371743 -0.00034723167349794403 0.00017900909730479984 -0.00026048348857769972 0.0044594501318112141 0.00027537196786076094 0.00013232702236522904 -1.9876512808480295e-05 6.1428036637922495e-06 -0.0025628477405235999 -0.00071352771808880732 -6.458899599367764e-06 -4.7311984579993095e-06 9.1446752385055061e-05 1.6591294344703614e-05 0.00010722413124123641 6.6856010794182319e-05 -1.3691906767375697e-05 0.00014441985581055335
leaf_weight=24 20 20 20 20 20 32 20 20 25 24 23 48 20 24 207 31 22 322 29 165 137 89 55 24 20
leaf_count=24 20 20 20 20 20 32 20 20 25 24 23 48 20 24 207 31 22 322 29 165 137 89 55 24 20
internal_value=0.00239358 0.00296609 0.0161899 0.0084469 -0.00647596 0.019926 0.00185167 -0.00883085 0.00260917 0.00307621 -0.000172004 0.00830251 0.00672447 0.00139268 0.00457126 0.000888334 0.00740109 -0.00174689 -0.0259038 0.0124008 0.00141088 0.015795 0.0125921 -0.0235489 0.00588723
internal_weight=1461 1441 112 92 40 52 1329 88 1241 1221 753 468 443 279 255 729 210 519 60 188 459 164 144 44 44
internal_count=1461 1441 112 92 40 52 1329 88 1241 1221 753 468 443 279 255 729 210 519 60 188 459 164 144 44 44
is_linear=0
shrinkage=0.129519


Tree=268
num_leaves=39
num_cat=1
split_feature=13 12 14 0 0 10 15 16 10 16 15 12 1 13 9 0 13 19 26 14 14 14 10 1 14 17 5 1 1 14 10 13 9 5 13 13 1 1
split_gain=1.03838 1.82154 1.54196 1.33146 1.11992 1.78518 2.31036 2.47119 1.82564 1.75723 2.18871 3.15349 2.25333 1.76485 1.7253 2.05797 2.83029 2.18961 1.72164 1.52366 1.48971 3.8051 2.28148 3.91362 1.51184 1.46577 2.3625 2.72841 1.42462 1.21467 1.0955 1.05072 2.15704 0.968864 0.952381 2.38095 0.596221 0.424242
threshold=0.94425825643485939 0.36447543099728857 0.06768135347655746 3.5000000000000004 1.5000000000000002 -0.52034141052533245 -0.96233307514880584 0.93315378651429237 -0.6391983530350368 0.79381460093486933 -0.66205087126731677 -0.79384213008979243 17.500000000000004 0.16057120351387413 -0.97876850416056749 2.5000000000000004 0.62671365618031138 0 -1.4999999999999998 -0.99166805921824908 -0.888189110185296 -0.83612626785978394 -0.99052477729077237 8.5000000000000018 0.10623691595609522 1.0000000180025095e-35 330.50000000000006 9.5000000000000018 21.500000000000004 -0.75860677497576967 -0.97507822412530132 0.32614245703617079 0.96904697354198299 152.50000000000003 -0.7912172255939699 0.7036627660344027 7.5000000000000009 10.500000000000002
decision_type=2 2 2 2 2 2 2 2 2 2 2 2 2 2 2 2 2 9 2 2 2 2 2 2 2 2 2 2 2 2 2 2 2 2 2 2 2 2
left_child=4 3 33 36 5 8 -7 9 30 10 12 -12 -8 -13 -6 16 25 18 -17 -19 22 -22 -21 -24 -23 29 27 -27 -29 -16 -1 32 -20 -3 -32 -36 -2 -34
right_child=1 2 -4 -5 14 6 7 -9 -10 -11 11 13 -14 -15 15 17 -18 19 31 20 21 24 23 -25 -26 26 -28 28 -30 -31 34 -33 37 -35 35 -37 -38 -39
leaf_value=-5.3294308349065941e-05 0.00010044783246093284 -0.00087166689471238372 -1.5366599617508831e-05 -0.0083473607503594255 -7.3542095668960365e-05 -0.00061134050614953205 5.7303857243382755e-05 -5.0950158575483662e-05 -0.006667625100980774 0.00089815076088021681 -0.0025240311415782608 0.00032182757778521985 0.0031672058672362197 -2.2506048655332215e-06 0.00012252221208424089 0.00036102280712942348 0.000682158928405143 -0.0004313186246614624 0.0004627681437101671 -0.00019503402260557032 -0.00062922944442122771 7.6118805031902202e-05 -0.0014059338095435666 0.00082074453022136355 -1.7830184434629441e-05 -0.00096225600105706046 0.00022250399298186937 0.00035895652477568754 -0.00036215252862927753 0.00011308976110208214 -0.0020680973773750154 -0.00016349707364565492 0.00022285042135156415 -5.0459472504117815e-05 0.0015527801915743648 -0.0011186733762700686 3.5815465411296696e-05 -7.0601704747320593e-06
leaf_weight=31 20 24 36 29 32 29 30 26 20 22 24 48 20 51 28 23 31 33 21 25 26 166 22 36 272 20 20 23 21 37 28 32 24 28 21 21 19 42
leaf_count=31 20 24 36 29 32 29 30 26 20 22 24 48 20 51 28 23 31 33 21 25 26 166 22 36 272 20 20 23 21 37 28 32 24 28 21 21 19 42
internal_value=0.00168437 -0.00830251 -0.0206053 0.00761877 0.0028782 -0.00314197 0.00310846 0.00761877 -0.0160561 0.0126198 0.00823532 -0.001053 0.0310846 0.00915792 0.00526952 0.00631801 0.0187083 0.00322901 0.017042 -0.000439048 0.0011839 -0.00167482 0.0171652 0.0312632 0.00118282 0.0113003 0 -0.0121424 0.00588723 0.0259038 -0.00897657 0.0119724 0.0193534 -0.0348705 0 0.0123352 0.023247 0.00784965
internal_weight=1461 156 88 68 1305 371 250 221 121 195 173 123 50 99 934 902 180 722 142 580 547 464 83 58 438 149 84 64 44 65 101 119 87 52 70 42 39 66
internal_count=1461 156 88 68 1305 371 250 221 121 195 173 123 50 99 934 902 180 722 142 580 547 464 83 58 438 149 84 64 44 65 101 119 87 52 70 42 39 66
cat_boundaries=0 1
cat_threshold=49
is_linear=0
shrinkage=0.129519


Tree=269
num_leaves=35
num_cat=0
split_feature=16 22 15 1 14 0 0 13 9 1 0 9 15 14 5 5 16 5 2 0 15 26 0 15 15 16 13 0 0 16 1 16 14 1
split_gain=0.677857 1.77442 1.32969 2.69492 1.4881 1.65295 2.72956 1.92537 2.17391 1.22701 2.43754 2.47485 1.2239 1.13778 1.13676 2.46711 2.03312 2.89724 3.04762 1.04493 1.27157 1.49886 0.933333 0.651201 0.581376 0.928991 1.28763 0.933216 1.53949 1.35987 0.736621 1.44308 0.996549 0.0641604
threshold=-0.67802903493420741 1.0000000180025095e-35 0.3774616112060829 9.5000000000000018 0.836143665535245 3.5000000000000004 4.5000000000000009 0.66607499652289859 -0.63921128368950708 20.500000000000004 1.0000000180025095e-35 -0.70291267844185523 0.54219933886002003 -0.5778134271400196 62.500000000000007 30.500000000000004 -0.46228772973389226 305.50000000000006 22.500000000000004 1.5000000000000002 0.92023804793023134 12.500000000000002 3.5000000000000004 -0.53130155919828825 -0.99885295938472651 0.069825392779418613 0.4071210141943909 1.5000000000000002 2.5000000000000004 -0.21442680003292627 3.5000000000000004 0.98899263613956478 0.86003374851170211 24.500000000000004
decision_type=2 2 2 2 2 2 2 2 2 2 2 2 2 2 2 2 2 2 2 2 2 2 2 2 2 2 2 2 2 2 2 2 2 2
left_child=2 14 4 12 5 9 -7 8 -8 10 -1 -12 -4 -13 15 19 17 18 -16 -2 21 -21 -14 -11 -18 26 27 29 -29 -26 -27 32 -32 -6
right_child=1 -3 3 -5 33 6 7 -9 -10 23 11 13 22 -15 16 -17 24 -19 -20 20 -22 -23 -24 -25 25 30 -28 28 -30 -31 31 -33 -34 -35
leaf_value=0.00051230962219115501 6.9921004436475367e-05 -0.00050031833761658413 -0.005166952780270022 0.0006988997690270983 0.00055247050637761031 0.00053383988305834263 -0.00031687972624720457 -0.0015043772983383552 0.00023758257945692327 -0.00011462583879695301 2.5387812105002457e-05 -0.00058072482054280083 0.00011489229081234127 -0.0024049988113101664 1.8761715250376893e-05 -0.00078112143115161231 0.00013223344569329414 -2.1703616531841238e-05 0.010761978782666081 0.0038841753093662849 -5.0668656547165338e-05 -0.00033669416173474036 -1.4239060815689682e-05 0.0031448798959955123 0.00023340151059117123 8.4984397514140106e-05 -0.00077486223040243711 0.00015342548891709545 -5.7569238947154791e-05 -0.00096391413635385904 7.2656652662348955e-06 -9.3688060255774655e-05 0.00024886298245364185 2.4566881502570514e-05
leaf_weight=19 33 22 19 25 21 35 23 22 23 26 19 20 32 25 27 32 24 28 21 19 33 35 28 28 21 36 36 22 92 23 504 21 48 19
leaf_count=19 33 22 19 25 21 35 23 22 23 26 19 20 32 25 27 32 24 28 21 19 33 35 28 28 21 36 36 22 92 23 504 21 48 19
internal_value=0.00274818 0.00108233 0.00742037 0.019926 0.00277541 -0.00107933 0.0113172 -0.00380939 0.0112625 -0.0103993 -0.0202861 -0.0323798 0.00819741 -0.0489295 0.0018415 -0.008521 0.0035858 0.0238588 0.043173 0 -0.00744363 0.00479701 0.0172692 0.00479701 0.00172275 0.00112906 -0.00667624 -0.00163948 0.00454453 -0.0176617 0.00361548 0.00248641 0.00375418 0.0259038
internal_weight=1461 1077 384 104 280 240 103 68 46 137 83 64 79 45 1055 152 903 76 48 120 87 54 60 54 827 803 194 158 114 44 609 573 552 40
internal_count=1461 1077 384 104 280 240 103 68 46 137 83 64 79 45 1055 152 903 76 48 120 87 54 60 54 827 803 194 158 114 44 609 573 552 40
is_linear=0
shrinkage=0.129519


Tree=270
num_leaves=33
num_cat=1
split_feature=14 17 0 10 9 0 5 26 26 1 10 0 1 1 26 5 16 14 16 0 0 16 19 14 10 11 0 14 0 24 0 0
split_gain=1.24306 1.59362 1.19342 0.985445 1.65078 1.29139 1.18038 1.3451 1.44249 1.29742 1.02027 3.64583 2.4381 0.965471 0.947467 0.971236 0.800973 2.87763 1.25521 1.33929 0.914246 1.27315 0.71826 1.79679 2.04561 1.80546 1.55 0.77865 0.989008 0.700579 0.5509 0.456876
threshold=-0.98992565105027064 1.0000000180025095e-35 2.5000000000000004 0.80798785254895478 0.39036257410962039 5.5000000000000009 344.50000000000006 22.500000000000004 11.500000000000002 10.500000000000002 0.64414586362404946 3.5000000000000004 16.500000000000004 18.500000000000004 -6.4999999999999991 321.50000000000006 -0.9243908642368559 0.54038287521742223 -0.85227283847737434 3.5000000000000004 3.5000000000000004 -0.98294757715375081 0 -0.97008449772828931 0.41202506375868281 0.86972315351350449 1.0000000180025095e-35 -0.95627437956561623 3.5000000000000004 1.0000000180025095e-35 2.5000000000000004 2.5000000000000004
decision_type=2 2 2 2 2 2 2 2 2 2 2 2 2 2 2 2 2 2 2 2 2 2 9 2 2 2 2 2 2 2 2 2
left_child=1 2 -1 10 5 6 7 8 9 31 16 14 -13 -8 -12 -16 17 -2 19 -18 21 -19 23 -20 25 -25 -24 -28 -29 -6 -15 -5
right_child=3 -3 -4 4 29 -7 13 -9 -10 -11 11 12 -14 30 15 -17 18 20 22 -21 -22 -23 26 24 -26 -27 27 28 -30 -31 -32 -33
leaf_value=-7.2136415531936429e-06 -0.0010590650692795826 0.00021444297009804662 -0.0012847520926774943 0.00072474854787834035 -0.00015535920399815497 -9.5917002516401797e-05 -0.0020114849547981915 -0.00034826279767099426 0.00042049521048149622 -0.00039809628629691138 0.00030953428372863231 0.00022121065347939297 0.0023743828431395469 0.00024442610977675166 -0.00032630395129873218 0.00029363187822578515 0.00034908541897754679 0.00032576730648897626 0.00031563884428252424 -1.414055706627528e-05 0.00046943047561366749 -0.00024474489576539342 -0.00013465774075194115 2.0128495941158198e-05 -0.00069537287388561696 0.0059620691455848449 -0.0003162288520679127 0.00043110364573716237 -0.00018025663478890637 -2.519677994319212e-05 -0.00011358070257961128 5.538340143343039e-05
leaf_weight=19 20 26 23 22 21 34 28 21 32 33 21 28 20 23 24 19 32 24 28 24 33 19 20 614 22 28 26 51 47 31 22 26
leaf_count=19 20 26 23 22 21 34 28 21 32 33 21 28 20 23 24 19 32 24 28 24 33 19 20 614 22 28 26 51 47 31 22 26
internal_value=0.00186167 -0.0152375 -0.0308379 0.00269638 -0.0039784 0.000537424 0.00437987 0.0115987 0.0171928 0.00799501 0.0044743 0.0161899 0.043173 -0.00887117 -0.00404747 -0.0150604 0.00314621 -0.00809495 0.00435603 0.0231284 0.0034084 -0.00903622 0.00309854 0.00479701 0.00351106 0.00484184 -0.0050462 0 0.0052865 -0.0249075 0.0028782 0.0215865
internal_weight=1461 68 42 1393 293 241 207 134 113 81 1100 112 48 73 64 43 988 96 892 56 76 43 836 692 664 642 144 124 98 52 45 48
internal_count=1461 68 42 1393 293 241 207 134 113 81 1100 112 48 73 64 43 988 96 892 56 76 43 836 692 664 642 144 124 98 52 45 48
cat_boundaries=0 1
cat_threshold=41
is_linear=0
shrinkage=0.129519


Tree=271
num_leaves=24
num_cat=0
split_feature=1 10 1 13 15 15 13 26 13 26 15 2 10 11 1 0 1 11 0 10 14 16 11
split_gain=1.5509 1.95182 1.15351 0.953567 0.92038 1.08568 1.05618 1.53635 1.40462 2.31336 2.04202 1.68713 1.35237 1.07302 1.01389 1.82328 1.14764 0.992075 0.822942 3.15304 1.27972 0.783875 0.544444
threshold=28.500000000000004 -0.022575793296316444 29.500000000000004 -0.1318578298192247 0.99683609994235911 0.98852897570736553 0.62671365618031138 21.500000000000004 0.98803388382128687 -1.4999999999999998 -0.86330057456837561 6.5000000000000009 0.99445195900249039 -0.57078386445773377 20.500000000000004 2.5000000000000004 22.500000000000004 0.98213580174693116 1.0000000180025095e-35 -0.78324956448884031 0.99247737996680552 -0.45274365290664581 0.99274428880883148
decision_type=2 2 2 2 2 2 2 2 2 2 2 2 2 2 2 2 2 2 2 2 2 2 2
left_child=4 3 -3 -2 5 6 7 12 9 11 13 -8 17 -11 15 -12 -16 18 19 -1 -20 -10 -19
right_child=1 2 -4 -5 -6 -7 8 -9 21 10 14 -13 -14 -15 16 -17 -18 22 20 -21 -22 -23 -24
leaf_value=-0.00021662186406711729 0.00011874053943847431 -0.00017269172941100422 -4.5103688664442934e-05 -5.9432094950566997e-05 9.3063309038387423e-05 -8.3642446100324225e-05 0.00016864933632557995 0.00040360834601306815 -0.00020909571400694508 7.773061961135863e-05 3.4338687760013981e-05 0.00016564414607462345 -0.0013120572402072395 0.00013970720340203264 0.0027875909015876586 -9.2468280813132523e-05 4.3415892063626286e-05 -0.00033859050835340082 3.231845289387698e-06 1.9032278496106117e-05 0.00092376185973941903 -0.00020773588900506465 -1.160799401754942e-05
leaf_weight=26 22 21 37 37 36 36 23 26 19 36 61 22 24 20 20 82 53 24 657 89 26 28 36
leaf_count=26 22 21 37 37 36 36 23 26 19 36 61 22 24 20 20 82 53 24 657 89 26 28 36
internal_value=-8.8651e-05 -0.014391 -0.0312632 0.00219524 0.00115642 0.000594125 0.00122188 -0.00114114 0.00711644 0.0102144 0.00571408 0.0374166 -0.00205586 0.0277541 0 -0.0063401 0.0124196 -0.00120764 0 -0.0101363 0.00170669 -0.0137786 -0.0172692
internal_weight=1461 117 58 59 1344 1308 1272 908 364 317 272 45 882 56 216 143 73 858 798 115 683 47 60
internal_count=1461 117 58 59 1344 1308 1272 908 364 317 272 45 882 56 216 143 73 858 798 115 683 47 60
is_linear=0
shrinkage=0.129519


Tree=272
num_leaves=25
num_cat=0
split_feature=14 12 14 14 14 26 26 26 13 5 9 0 1 15 13 13 14 13 13 0 13 26 15 9
split_gain=1.64452 1.72941 1.67058 2.38458 1.3991 1.16333 1.04167 1.90111 2.34353 4.18652 1.96632 1.72024 0.931332 1.19984 1.03292 1.24808 0.781767 1.07053 0.771429 0.665414 0.43207 1.17599 0.610634 0.4
threshold=-0.98992565105027064 0.9962940241937881 -0.4450496004250572 -0.48502901968055928 -0.39826417195808556 -1.4999999999999998 21.500000000000004 8.5000000000000018 0.9800658150361089 150.50000000000003 0.34235194516023087 2.5000000000000004 6.5000000000000009 -0.97113884758256674 0.81801561569001935 0.7036627660344027 0.14463334349030674 0.95998215779580554 -0.016126489383873798 4.5000000000000009 0.45369364581266863 -8.4999999999999982 0.98523515750423463 0.27694220057652758
decision_type=2 2 2 2 2 2 2 2 2 2 2 2 2 2 2 2 2 2 2 2 2 2 2 2
left_child=1 18 3 12 -4 -6 7 8 16 -10 -9 -11 -2 -14 15 20 19 -18 -1 -7 22 -22 -15 -17
right_child=2 -3 4 -5 5 6 -8 10 9 11 -12 -13 13 14 -16 23 17 -19 -20 -21 21 -23 -24 -25
leaf_value=-9.7641905538631529e-05 0.00023852115869988762 0.0006166455892423965 -0.00014234264548900315 0.00051968908550340128 -1.1245872625630722e-05 5.2334707561202484e-06 0.0002220932697377138 -1.3081493522410414e-05 0.012638188948586109 -0.00028646227586069504 -0.00016751358573578409 3.5028547254943345e-05 0.00010352155432902504 1.5815836090731496e-05 -0.00064055635150791004 0.00064277190541759614 -2.7100644816100561e-05 -0.00020301557735691493 -0.00091575601789803916 8.5481327043744019e-05 0.00038441101301080394 -7.5247196285184835e-05 5.7119630577947104e-05 9.8792285255174149e-05
leaf_weight=20 19 20 24 20 21 119 36 31 19 24 21 32 31 226 20 20 552 19 28 47 19 53 20 20
leaf_count=20 19 20 24 20 21 119 36 31 19 24 21 32 31 226 20 20 552 19 28 47 19 53 20 20
internal_value=0.000620557 -0.0190469 0.00158064 0.00809495 -0.00150763 -0.000703144 0 -0.000899439 0.000638025 0.02245 -0.0249075 0.00462568 0.0060523 0.00475009 0.00274115 0.00434142 -0.00158164 -0.00385609 -0.0323798 0.00624189 0.00162917 -0.00719551 0.004212 0.0259038
internal_weight=1461 68 1393 448 945 921 900 864 812 75 52 56 428 409 378 358 737 571 48 166 318 72 246 40
internal_count=1461 68 1393 448 945 921 900 864 812 75 52 56 428 409 378 358 737 571 48 166 318 72 246 40
is_linear=0
shrinkage=0.129519


Tree=273
num_leaves=26
num_cat=0
split_feature=11 0 11 24 1 14 5 0 9 2 15 15 14 13 14 14 9 0 13 1 8 2 5 0 11
split_gain=1.02069 3.11114 2.40447 2.10036 1.80805 1.63802 1.26932 1.57542 2.06044 0.932793 0.873498 1.93713 0.770766 2.35203 0.845014 0.846301 0.9 0.721106 3.9432 1.32711 0.695651 0.780104 0.675 0.424269 0.96015
threshold=0.77241981449888963 5.5000000000000009 0.73865729060996177 1.0000000180025095e-35 24.500000000000004 0.016126237724388103 42.500000000000007 3.5000000000000004 -0.54939360607974019 8.5000000000000018 0.99683609994235911 0.99196248624718542 -0.88218783483277374 -0.38640321612842066 -0.85672464624562206 -0.79902849257019848 -0.20180236284700906 1.5000000000000002 0.074117039608866217 14.500000000000002 1.0000000180025095e-35 19.500000000000004 308.50000000000006 4.5000000000000009 1.0000000180025095e-35
decision_type=2 2 2 2 2 2 2 2 2 2 2 2 2 2 2 2 2 2 2 2 2 2 2 2 2
left_child=2 3 10 4 6 -6 -2 17 -9 -3 11 12 13 -1 -14 16 -16 19 -19 -8 21 -17 23 24 -15
right_child=1 9 -4 -5 5 -7 7 8 -10 -11 -12 -13 14 22 15 20 -18 18 -20 -21 -22 -23 -24 -25 -26
leaf_value=0.00037086295944362428 0.00014826257412963007 0.00036905351505851883 0.00047317586809259151 -0.001911978362002863 -5.1248767761825281e-05 -0.00058603469706281115 -0.0026409796711820777 6.8506841271741205e-05 -0.0010251950194785106 1.4028624997428594e-05 7.7229120675239931e-05 -0.00059863064347715227 -0.00024052482784650661 -3.8033550534488562e-05 0.0012780881871990659 8.2865808959168465e-06 -7.4516269296516797e-05 0.0012868949879508826 -0.00050842210771323787 0.00033462242689231069 -0.00022282160152047362 -1.2727235208356569e-05 0.00012594827207995071 -0.00099390237019021579 0.0003728004302777987
leaf_weight=20 25 19 24 25 27 29 32 30 26 26 36 20 20 54 20 298 20 37 19 25 24 531 20 29 25
leaf_count=20 25 19 24 25 27 29 32 30 26 26 36 20 20 54 20 298 20 37 19 25 24 531 20 29 25
internal_value=0.000797859 -0.00566646 0.00261082 -0.0108325 -0.00725307 -0.0277541 -0.00133525 -0.0053647 -0.0231284 0.0259038 0.00173929 0.00107833 0.00183109 0.0105016 0.000425583 0.00101527 0.0194279 0.00343856 0.0138771 -0.0068168 0.00015184 0.000781177 0.00404747 0 0.00491845
internal_weight=1461 320 1141 275 250 56 194 169 56 45 1117 1081 1061 148 913 893 40 113 56 57 853 829 128 108 79
internal_count=1461 320 1141 275 250 56 194 169 56 45 1117 1081 1061 148 913 893 40 113 56 57 853 829 128 108 79
is_linear=0
shrinkage=0.129519


Tree=274
num_leaves=43
num_cat=1
split_feature=15 19 1 11 0 11 13 11 11 13 12 14 10 0 15 15 14 9 16 11 1 0 5 12 1 9 13 12 10 1 0 5 1 11 1 1 10 0 0 13 9 2
split_gain=1.00016 0.783056 1.82779 3.98241 2.16257 2.14051 1.79192 3.11107 1.77912 1.73002 1.53358 1.48362 1.25466 1.17512 2.54726 6.74529 2.65079 2.59286 1.96072 3.5261 1.49325 2.69366 3.92029 1.69784 1.5363 1.48235 1.40144 1.17571 1.05041 2.48695 2 1.88618 1.39947 1.06877 0.995874 1.31662 1.28267 0.728428 0.685714 1.60754 0.446714 0.421053
threshold=0.99683609994235911 0 20.500000000000004 0.94135275643221283 5.5000000000000009 0.79380680106549595 -0.72400001285547189 0.94704596667653973 -0.35142503082623217 -0.93993263901404311 1.0000000180025095e-35 -0.99698452691574591 -0.90161545992537195 4.5000000000000009 0.51295437088821561 0.6523422256022039 -0.75860677497576967 0.24372619187392147 0.9617714795408695 -0.41496178719881605 6.5000000000000009 3.5000000000000004 214.50000000000003 -0.96235810494626717 8.5000000000000018 0.84313847884979054 -0.86332053368064354 0.63089349388778826 -0.21022037796396445 14.500000000000002 2.5000000000000004 263.50000000000006 11.500000000000002 0.43733377705052545 26.500000000000004 22.500000000000004 0.029024409397335454 2.5000000000000004 4.5000000000000009 0.022576145604933002 -0.83377653105606597 8.5000000000000018
decision_type=2 9 2 2 2 2 2 2 2 2 2 2 2 2 2 2 2 2 2 2 2 2 2 2 2 2 2 2 2 2 2 2 2 2 2 2 2 2 2 2 2 2
left_child=1 6 11 4 5 12 9 28 -6 -1 41 -3 -4 20 16 -16 -15 -17 19 -18 21 22 25 -22 27 -13 -26 -25 29 32 -31 -30 38 -32 35 -14 -36 -33 39 -8 -24 -9
right_child=-2 2 3 -5 8 -7 7 10 -10 -11 -12 13 34 14 15 17 18 -19 -20 -21 23 -23 40 24 26 -27 -28 -29 31 30 33 37 -34 -35 36 -37 -38 -39 -40 -41 -42 -43
leaf_value=0.00090318442845494938 6.7226470918956374e-05 -0.00060221076636839805 0.0052868728585886132 -0.00051340991442552406 -0.00054096779061914811 -0.0015267472186680086 0.00051382796101686527 0.00011012937814592178 -6.9493649068897271e-06 -0.00062483946738167489 0.00031812838119622903 -0.00081932612981780375 6.4869348767079038e-05 -0.0014612288366939782 -0.0052148361101200308 0.0074473922180290147 7.5217590760911254e-05 -1.3945106332377852e-05 -0.00011884749326419534 0.0022753334275982871 -0.00023478797260324867 -0.0021914525176329564 1.8618353750753161e-05 0.00096110183480212935 -8.0633186071829018e-05 9.3955451807313046e-06 3.3484098979930101e-05 5.7895494094128073e-05 -0.00050080104743479876 0.0012108659537388841 0.00049141475425848837 -7.7862022744825833e-05 -0.0012043315882606809 -0.00021959673077567068 -3.8658830487173478e-05 -0.00023405247943344832 0.00014258887183831768 0.00074788648267657396 0.00048537902353938922 -0.0015081897546860364 0.00019131538928184028 0.0003934067498051037
leaf_weight=20 36 19 19 23 22 30 26 19 21 33 20 40 49 29 19 20 57 28 19 29 19 26 20 20 23 28 279 19 28 30 23 20 24 22 37 73 66 26 24 34 23 19
leaf_count=20 36 19 19 23 22 30 26 19 21 33 20 40 49 29 19 20 57 28 19 29 19 26 20 20 23 28 279 19 28 30 23 20 24 22 37 73 66 26 24 34 23 19
internal_value=0.000265953 -0.000272672 -0.00206357 -0.00990441 -0.00612867 -0.00189079 0.00479701 0.00863461 -0.0331328 -0.0171063 0.0357294 0.00162576 0.00212326 0.00259781 0.0109544 -0.00966561 0.0212643 0.0161899 0.0308379 0.039157 -0.000781806 -0.0122901 -0.00350052 0.00359775 0.00569732 -0.0228563 0.00257323 0.029889 0.00251983 0.0077853 0.0259038 -0.0105016 -0.00479701 0.00863461 -0.000575641 -0.00849306 0.00880227 0.00563127 0.00308379 -0.0043173 0.0271087 0.0204504
internal_weight=1461 1425 1057 340 317 274 368 315 43 53 58 717 244 698 201 67 134 48 105 86 497 137 111 360 341 68 302 39 257 183 75 74 108 45 225 122 103 46 84 60 43 38
internal_count=1461 1425 1057 340 317 274 368 315 43 53 58 717 244 698 201 67 134 48 105 86 497 137 111 360 341 68 302 39 257 183 75 74 108 45 225 122 103 46 84 60 43 38
cat_boundaries=0 1
cat_threshold=85
is_linear=0
shrinkage=0.129519


Tree=275
num_leaves=30
num_cat=1
split_feature=14 9 14 14 2 1 1 0 11 11 5 0 1 15 26 1 26 1 0 11 11 19 15 15 0 14 10 11 1
split_gain=0.930526 1.72549 1.0357 2.0322 1.38175 1.47428 1.15558 1.48225 3.48603 2.63158 2.3154 1.85397 2.83976 2.67817 1.15545 1.4961 1.38435 0.857143 0.833684 0.72668 0.856129 0.664247 2.00277 2.07775 1.55198 1.0126 1.11712 1.44204 0.415773
threshold=-0.98992565105027064 0.039769539193789956 -0.16375389655355058 -0.10623912647794688 10.500000000000002 6.5000000000000009 8.5000000000000018 1.0000000180025095e-35 0.30983042691905766 -0.58482091572441486 80.500000000000014 4.5000000000000009 26.500000000000004 -0.49438898238923673 -14.499999999999998 15.500000000000002 -6.4999999999999991 8.5000000000000018 3.5000000000000004 0.98334239299093984 0.96231527631374336 0 0.73648824221803999 0.55925103183057889 4.5000000000000009 0.99646492433694434 -0.83375966452616657 0.85784900197110281 16.500000000000004
decision_type=2 2 2 2 2 2 2 2 2 2 2 2 2 2 2 2 2 2 2 2 2 9 2 2 2 2 2 2 2
left_child=1 18 4 -4 14 -6 -7 8 9 -8 -9 12 -12 -13 15 -2 -16 -18 -1 20 21 25 23 24 -23 26 -5 -28 -21
right_child=2 -3 3 19 5 6 7 10 -10 -11 11 13 -14 -15 16 -17 17 -19 -20 28 -22 22 -24 -25 -26 -27 27 -29 -30
leaf_value=9.6228569556924275e-05 -0.0039429223012194042 -0.00021888129912668803 -0.00021340273447422595 0.0012886597781433264 0.0013591441234061471 -0.00035478644266407808 -0.00032799724216774735 -4.6377632146105461e-05 0.00010028906728320176 -0.0010028434898100888 8.4127164560726851e-05 0.00012571307043404126 0.00094645283981534311 -0.00023544291364126807 0.00027379902718182322 0.00022487243767634001 -1.8232792915714896e-05 0.000280050302708441 -0.00094035906065474001 -0.00032709034742673819 0.00017395875959192673 -0.00016941052147323191 -0.00079649391022158593 0.0012839257672790487 6.4861088226223556e-05 0.00059000977254893114 7.7249385807327234e-07 -0.0015964899022514625 -4.9760869126629557e-05
leaf_weight=25 20 24 28 34 24 32 19 31 20 19 178 26 30 79 29 35 21 21 19 21 20 141 31 22 53 23 389 24 23
leaf_count=25 20 24 28 34 24 32 19 31 20 19 178 26 30 79 29 35 21 21 19 21 20 141 31 22 53 23 389 24 23
internal_value=-0.000443255 -0.0152375 0.000278936 -0.00272166 0.00443559 0.00113117 -0.000596862 0.00128875 -0.0178647 -0.0409008 0.00451811 0.00786218 0.0149445 -0.00616758 0.0164469 0.00235489 0.0273632 0.0123352 0 -0.00149254 -0.000527215 -0.00126448 -0.00655155 -0.0023985 -0.00667624 0.00161899 0.000289752 -0.00156803 -0.0176617
internal_weight=1461 68 1393 809 584 458 434 402 58 38 344 313 208 105 126 55 71 42 44 781 737 717 247 216 194 470 447 413 44
internal_count=1461 68 1393 809 584 458 434 402 58 38 344 313 208 105 126 55 71 42 44 781 737 717 247 216 194 470 447 413 44
cat_boundaries=0 1
cat_threshold=9
is_linear=0
shrinkage=0.129519


Tree=276
num_leaves=33
num_cat=0
split_feature=13 14 26 11 16 15 16 0 26 5 26 14 24 2 1 17 15 5 0 13 13 11 9 13 1 1 12 11 1 5 9 0
split_gain=1.65632 1.75596 2.1 2.94 1.6 1.49309 2.38993 1.38581 1.78571 1.57358 2.73282 1.37572 1.25917 1.73253 4.06282 3.05609 1.62894 1.31335 1.34046 4.33636 2.57839 1.23369 1.22149 1.38128 1.26593 1.05573 1.79833 1.03361 0.829789 0.818182 0.710227 1.0199
threshold=0.99618957151386123 -0.95627437956561623 -22.499999999999996 0.80417553764032002 -0.45274365290664581 0.3774616112060829 -0.89597723455588485 2.5000000000000004 11.500000000000002 28.500000000000004 15.500000000000002 -0.58829477852304357 1.0000000180025095e-35 10.500000000000002 12.500000000000002 1.0000000180025095e-35 0.31289929448622783 76.500000000000014 2.5000000000000004 0.97742141165890761 0.97531609421264875 -0.89405649444168434 0.22700754078277599 -0.93993263901404311 9.5000000000000018 8.5000000000000018 0.31596114618546295 -0.056952163117076689 12.500000000000002 288.50000000000006 -0.86976336936302323 3.5000000000000004
decision_type=2 2 2 2 2 2 2 2 2 2 2 2 2 2 2 2 2 2 2 2 2 2 2 2 2 2 2 2 2 2 2 2
left_child=1 2 -1 27 -2 12 -7 8 11 10 -9 29 13 14 -3 -16 17 -15 20 -20 -19 -11 23 -13 -24 26 -23 30 -27 -8 -4 -32
right_child=4 5 3 -5 -6 6 7 9 -10 21 -12 22 -14 16 15 -17 -18 18 19 -21 -22 25 24 -25 -26 28 -28 -29 -30 -31 31 -33
leaf_value=0.002093566487901548 -0.0011363905122299561 0.0039980666118649543 3.6073796059621818e-05 -0.001413336459135053 -4.7164440618518462e-05 0.0010253936243771662 0.00012794300310864436 -0.00064674193733077804 0.00022320947574630193 -0.00031771062570560578 5.7916463336594182e-05 0.00020519013820663256 -0.00025720938064220395 -3.8958652755412631e-05 -0.00026977275415877795 0.00020317381785494641 -0.00012206658135435877 -2.590055585795595e-05 1.3723562714722438e-05 0.0026091029521074526 -0.0010205565693643497 2.706421508862513e-05 -6.217258349587129e-05 -0.00054407403725366876 0.00026358157011740086 -0.0011126376069113754 2.2652959052897933e-06 0.00039094493532573603 7.7449692368328316e-05 0.00023771859552392359 -0.00010255559148425979 -3.1493245070323726e-05
leaf_weight=20 20 26 20 20 20 20 22 26 25 20 24 22 19 26 29 26 20 257 345 25 20 23 28 29 52 34 24 36 117 22 25 19
leaf_count=20 20 26 20 20 20 20 22 26 25 20 24 22 19 26 29 26 20 257 345 25 20 23 28 29 52 34 24 36 117 22 25 19
internal_value=8.8651e-05 0.000820318 -0.0129519 -0.0194279 -0.0259038 0.00232548 0.00796224 0.00608851 0.0142471 0 -0.0207231 0.00962142 -0.0011433 -0.000334675 0.017589 -0.00235489 -0.00242965 -0.00134715 -0.000200184 0.00490072 -0.00701367 0.004753 0.00296609 -0.012698 0.0129519 0.00784965 0.0248015 -0.0103615 0.00257323 0.0294362 -0.0202374 -0.0294362
internal_weight=1461 1421 140 120 40 1281 488 468 200 268 50 175 793 774 81 55 693 673 647 370 277 218 131 51 80 198 47 100 151 44 64 44
internal_count=1461 1421 140 120 40 1281 488 468 200 268 50 175 793 774 81 55 693 673 647 370 277 218 131 51 80 198 47 100 151 44 64 44
is_linear=0
shrinkage=0.129519


Tree=277
num_leaves=25
num_cat=0
split_feature=1 13 1 15 9 8 2 13 14 13 9 0 15 15 13 26 15 9 0 12 0 0 0 0
split_gain=1.25069 1.62976 1.14286 1.05846 0.9 0.886303 2.08333 1.36904 1.43417 1.2648 1.21483 1.67213 4.97407 3.6272 2.81718 1.7176 1.86248 1.30527 1.02416 1.01898 0.731992 1.24444 0.554113 0.357748
threshold=2.5000000000000004 -0.016126489383873798 1.5000000000000002 0.99348475779378076 -0.49064630004295678 1.0000000180025095e-35 26.500000000000004 0.9916835347852474 0.98253174896492901 0.090188127683235669 -0.69057362043749781 1.0000000180025095e-35 -0.16269619562609419 -0.75860107497549967 -0.53492999624699278 -25.499999999999996 0.95846562273089031 -0.9354548908432756 2.5000000000000004 -0.097681864491377349 5.5000000000000009 4.5000000000000009 1.5000000000000002 2.5000000000000004
decision_type=2 2 2 2 2 2 2 2 2 2 2 2 2 2 2 2 2 2 2 2 2 2 2 2
left_child=1 4 -3 5 -1 7 -7 8 10 -10 17 12 13 -12 -14 -13 -17 20 22 -20 21 -2 -19 -5
right_child=3 2 -4 23 -6 6 -8 -9 9 -11 11 15 14 -15 -16 16 -18 18 19 -21 -22 -23 -24 -25
leaf_value=0.00049737173178153666 0.00013133816248376334 -0.00020571049289704776 -0.0015737020712779577 0.00047541193446763914 -1.2615199641521341e-05 -0.00018735356711014272 2.5476327031399866e-05 0.00079121057305163662 5.1663994741141051e-05 -0.0010271431386893741 7.1668542071004205e-05 -0.00049537920213711358 6.3792431944084696e-05 -0.00060013257525909369 0.0022077905122942004 2.5902558967252073e-05 -0.00022730674778347632 -0.00014615064196847407 -0.00014871927033282466 0.0010629025876936029 0.00072632454176243459 -0.0013081066439708097 -0.00025249351832507173 4.5696448462267008e-05
leaf_weight=20 105 28 28 19 20 24 24 24 29 24 27 22 28 32 39 687 53 42 67 19 22 21 24 33
leaf_count=20 105 28 28 19 20 24 24 24 29 24 27 22 28 32 39 687 53 42 67 19 22 21 24 33
internal_value=0.000797859 -0.0134916 -0.0277541 0.00180283 0.00647596 0.00108508 -0.0161899 0.00174057 0.00114803 0.0219938 0.000218046 0.00262539 0.0164469 -0.0109762 0.0405956 0.000339945 0.00140021 -0.00690769 -0.0153378 -0.00602415 0.00175026 -0.00205586 -0.0274738 0.019926
internal_weight=1461 96 56 1365 40 1313 48 1265 1241 53 1188 888 126 59 67 762 740 300 152 86 148 126 66 52
internal_count=1461 96 56 1365 40 1313 48 1265 1241 53 1188 888 126 59 67 762 740 300 152 86 148 126 66 52
is_linear=0
shrinkage=0.129519


Tree=278
num_leaves=29
num_cat=0
split_feature=15 26 5 1 2 26 14 26 11 1 10 13 10 1 12 1 12 9 10 1 1 9 26 15 11 13 1 1
split_gain=0.906834 3.31338 1.46337 1.02735 1.29977 0.850328 1.50318 1.4067 1.09814 1.18596 0.950968 2.17223 1.23199 1.04947 0.803293 1.52818 1.4807 2.05415 1 0.691805 1.02387 0.81 0.639459 0.778199 0.566613 0.260845 0.366932 0.3
threshold=0.97580649958185817 6.5000000000000009 44.500000000000007 23.500000000000004 29.500000000000004 -6.4999999999999991 -0.84999962547371377 -22.499999999999996 0.98334239299093984 15.500000000000002 0.47369649395226454 -0.061244963218071095 0.38043945030393422 26.500000000000004 -0.98523800472371936 27.500000000000004 -0.94703994556331683 -0.97876850416056749 -0.10837475778693634 18.500000000000004 3.5000000000000004 0.61237135649459018 3.5000000000000004 0.62585923293574564 -0.015051239303264049 -0.8760533863792066 11.500000000000002 10.500000000000002
decision_type=2 2 2 2 2 2 2 2 2 2 2 2 2 2 2 2 2 2 2 2 2 2 2 2 2 2 2 2
left_child=2 3 19 -2 -5 6 7 -4 10 -10 12 13 14 25 15 24 18 -18 -16 20 -1 22 -22 -24 -7 27 -27 -12
right_child=1 -3 5 4 -6 8 -8 -9 9 -11 11 -13 -14 -15 16 -17 17 -19 -20 -21 21 -23 23 -25 -26 26 -28 -29
leaf_value=-0.00040296924551808518 -0.00024422305375217004 7.2453194663405586e-05 0.00029484897952965097 -0.00012348290471399402 8.6350006897697161e-05 -1.4500763101893963e-05 3.7078584505269252e-05 -0.00014817758684089095 0.00021410864996941988 -0.00025763622228059985 -2.6262380017962048e-05 -0.0011662205919901946 0.00012203272605727004 5.1327994030881247e-05 -3.8476119096480218e-05 -0.00017449260900740426 -0.00019995204946332781 2.4593668616830962e-05 0.00021197730695699465 -0.0001323328556870632 5.6564076897811268e-05 -0.00024333668345201151 -0.00034034133034699154 0.00013674909568206039 0.00039322565222643917 -4.9372788817635696e-05 5.8588760983035614e-05 -0.0016644100098517612
leaf_weight=24 26 19 33 28 31 36 26 24 19 30 40 19 24 35 24 25 20 626 48 24 26 20 22 32 19 38 103 20
leaf_count=24 26 19 33 28 31 36 26 24 19 30 40 19 24 35 24 25 20 626 48 24 26 20 22 32 19 38 103 20
internal_value=0.000797859 0.0124538 -9.54452e-05 0.00152375 0.0109762 0.00139268 0.0140442 0.00227227 0.000460104 -0.0185027 0.00132285 -0.0055871 0.00346645 -0.00219524 0.00259688 -0.00971394 0.00396855 0.00200494 0.0215865 -0.0122518 -0.00835607 -0.00259038 0.00323798 -0.00479701 0.00235489 -0.00579936 -0.00275573 -0.0129519
internal_weight=1461 104 1357 85 59 1209 83 57 1126 49 1077 255 822 236 798 80 718 646 72 148 124 100 80 54 55 201 141 60
internal_count=1461 104 1357 85 59 1209 83 57 1126 49 1077 255 822 236 798 80 718 646 72 148 124 100 80 54 55 201 141 60
is_linear=0
shrinkage=0.129519


Tree=279
num_leaves=19
num_cat=0
split_feature=8 2 1 10 0 26 26 26 9 11 2 14 1 23 16 0 1 9
split_gain=0.750209 2.08333 0.752173 1.42029 1.60535 0.991934 1.52381 1.41386 2.766 1.72281 0.872976 2.31988 1.22551 1.04611 1.03337 0.842755 0.64851 0.648043
threshold=1.0000000180025095e-35 26.500000000000004 2.5000000000000004 -0.50557503990954278 3.5000000000000004 -20.499999999999996 -26.499999999999996 -6.4999999999999991 0.69056404122701587 0.98334239299093984 49.500000000000007 0.99247737996680552 14.500000000000002 1.0000000180025095e-35 0.98129567200924539 3.5000000000000004 15.500000000000002 1.0000000180025095e-35
decision_type=2 2 2 2 2 2 2 2 2 2 2 2 2 2 2 2 2 2
left_child=2 -2 3 -1 17 6 -4 8 -7 10 11 13 -12 14 -9 -14 -11 -5
right_child=1 -3 5 4 -6 7 -8 9 -10 16 12 -13 15 -15 -16 -17 -18 -19
leaf_value=0.00014377278699243353 -0.00015338030172474756 1.7260000456449166e-05 2.4033755204543187e-05 0.00015403432073465267 -0.0011234153024443573 -0.00012587002524145296 -0.00018850183202077708 5.4058703189636714e-06 0.00033389080499707295 -4.3101269648481278e-05 -0.0017606298340100658 0.0011584658479358632 0.00016730688497104015 0.00074188669103258692 6.4011286843897994e-05 -0.00016757620379926542 -0.0002242673987917986 -0.00012133623722950463
leaf_weight=27 24 24 21 20 30 22 21 1007 29 23 20 19 37 30 32 26 30 19
leaf_count=27 24 24 21 20 30 22 21 1007 29 23 20 19 37 30 32 26 30 19
internal_value=-0.000265953 -0.0161899 0.000274988 -0.0107933 -0.020648 0.00108178 -0.0185027 0.00172692 0.0228563 0.00084653 0.0018803 0.00285704 -0.0109233 0.00205971 0.00137123 -0.00205586 -0.0219938 -0.003321
internal_weight=1461 48 1413 96 69 1317 42 1275 51 1224 1171 1088 83 1069 1039 63 53 39
internal_count=1461 48 1413 96 69 1317 42 1275 51 1224 1171 1088 83 1069 1039 63 53 39
is_linear=0
shrinkage=0.129519


Tree=280
num_leaves=28
num_cat=1
split_feature=11 13 11 13 0 1 13 13 13 0 9 1 15 19 12 11 15 2 12 10 11 1 15 11 1 16 11
split_gain=1.58748 1.08816 2.28608 1.28571 2.33333 1.0701 0.958613 2.03372 3.07692 1.04523 2.45122 0.951483 1.42998 1.04088 2.61552 1.03025 1.12122 1.39339 0.934907 2.21558 0.818797 0.746065 0.729783 0.560737 0.552792 0.429374 0.4
threshold=0.98213580174693116 0.97531609421264875 0.85784900197110281 0.9916835347852474 2.5000000000000004 13.500000000000002 0.87292453004110737 0.80480899106630166 0.83435276274965309 2.5000000000000004 0.37446826358596375 14.500000000000002 -0.90163369914317004 0 -0.8697618612574799 0.93771544905322113 -0.99885295938472651 49.500000000000007 -0.074115882986646578 -0.46039597980994912 0.14250626876356548 8.5000000000000018 0.78125476209224975 0.22700019328474733 18.500000000000004 -0.99592227455007054 0.99898004730802425
decision_type=2 2 2 2 2 2 2 2 2 2 2 2 2 9 2 2 2 2 2 2 2 2 2 2 2 2 2
left_child=1 6 3 -3 -5 -2 7 11 -9 10 -8 15 -13 14 20 16 -1 22 19 -15 -14 -11 -18 -23 26 -20 -7
right_child=5 2 -4 4 -6 24 9 8 -10 21 -12 12 13 18 -16 -17 17 -19 25 -21 -22 23 -24 -25 -26 -27 -28
leaf_value=0.00016516025528914217 -0.00043154728856237566 -0.00022124064378243054 -0.0016819510845313835 0.00025517625838460969 -0.00015412797582440332 0.00010919101139098849 0.00048605125871259501 -0.00098411838112851869 -3.8911859092410499e-05 -4.1146700335643077e-05 6.9279626215232662e-05 0.00012805915690542277 4.8009733580493098e-05 -0.00034596876278118711 0.00058894467982562634 0.0015716516152354508 -4.8508290198098161e-05 -0.001532594561485364 -0.0003519036381300162 -1.0423838496746255e-05 -4.6600173271093458e-05 0.00010094221672502505 0.00025175250056988112 -8.6737820501796012e-06 -5.1380682377589363e-05 3.2236635237306388e-05 -6.9687952750359156e-05
leaf_weight=20 21 36 20 21 27 20 22 20 32 19 35 20 20 24 29 20 391 20 20 153 56 31 42 25 27 270 20
leaf_count=20 21 36 20 21 27 20 22 20 32 19 35 20 20 24 29 20 391 20 20 153 56 31 42 25 27 270 20
internal_value=-0.000797859 0.000282999 -0.0124538 -0.00308379 0.0107933 -0.0176617 0.00132683 0.000113913 -0.0249075 0.0117745 0.0249949 0.0013131 0.00481321 0.00362291 0.0146413 -0.00288988 -0.00410737 -0.00543237 0.000814586 -0.00658572 0.0034084 0.00172692 -0.00388857 0.00925137 -0.00966561 0.00535941 0
internal_weight=1461 1373 104 84 48 88 1269 1137 52 132 57 1085 592 572 105 493 473 453 467 177 76 75 433 56 67 290 40
internal_count=1461 1373 104 84 48 88 1269 1137 52 132 57 1085 592 572 105 493 473 453 467 177 76 75 433 56 67 290 40
cat_boundaries=0 1
cat_threshold=97
is_linear=0
shrinkage=0.129519


Tree=281
num_leaves=19
num_cat=0
split_feature=11 11 26 9 1 26 9 0 0 11 1 16 16 12 12 12 11 13
split_gain=1.22602 1.33476 1.18056 1.03714 0.915238 1.33405 1.75325 1.3966 2.19116 0.688492 0.62549 1.17311 2.73045 1.29575 1.72478 0.76349 1.02171 0.982538
threshold=0.8277925332691819 0.86440767487108461 -22.499999999999996 0.76140650896573492 4.5000000000000009 -6.4999999999999991 -0.54939360607974019 4.5000000000000009 2.5000000000000004 0.80417553764032002 1.5000000000000002 0.99777677850226498 0.99083579680342215 -0.99273797715557011 -0.98523800472371936 -0.80417042486635371 0.21022171450811272 -0.75014982656592333
decision_type=2 2 2 2 2 2 2 2 2 2 2 2 2 2 2 2 2 2
left_child=9 -2 -3 4 -4 -6 7 8 -7 10 -1 12 13 -12 -15 16 -16 -17
right_child=1 2 3 -5 5 6 -8 -9 -10 -11 11 -13 -14 14 15 17 -18 -19
leaf_value=-0.00011951910328608295 -0.00040432882190219823 0.00013358871141873967 0.00018946563867734898 -0.00027175258792593097 0.0001119379096226307 -6.2426525479312341e-05 -0.00044600968633402372 -0.00020962240408152938 0.00044635646906141316 0.00015839090571372909 0.00020622712088487721 0.00022212604731888707 -0.00010031224108378478 -0.00013478876922499053 9.983009742878658e-05 6.0439694054404235e-05 -4.587113857835666e-06 -9.9926749667517427e-06
leaf_weight=32 32 20 32 24 36 45 27 31 29 20 24 19 26 24 116 148 100 676
leaf_count=32 32 20 32 24 36 45 27 31 29 20 24 19 26 24 116 148 100 676
internal_value=0.000265953 -0.00750836 -0.00424653 -0.00693853 -0.00388557 -0.00770947 -0.0137369 -0.00616758 0.00350052 0.00207668 0.00166763 0.00217199 0.00162771 0.00261895 0.00194766 0.00273983 0.00959401 0.000943101
internal_weight=1461 276 244 224 200 168 132 105 74 1185 1165 1133 1114 1088 1064 1040 216 824
internal_count=1461 276 244 224 200 168 132 105 74 1185 1165 1133 1114 1088 1064 1040 216 824
is_linear=0
shrinkage=0.129519


Tree=282
num_leaves=15
num_cat=0
split_feature=11 11 26 11 12 0 1 3 16 26 26 15 15 5
split_gain=2.26916 1.44768 1.63647 1.38475 1.18191 1.00189 0.999336 2.08858 1.24444 0.73391 0.629188 0.653324 1.84802 0.259379
threshold=0.98213580174693116 0.97109394436505758 -26.499999999999996 0.95566275305367776 -0.99763124042248752 1.5000000000000002 2.5000000000000004 4.5000000000000009 -0.50370116604265602 -7.4999999999999991 -10.499999999999998 -0.99885295938472651 -0.99323793665845683 227.50000000000003
decision_type=2 2 2 2 2 2 2 2 2 2 2 2 2 2
left_child=1 2 -1 4 -4 -2 7 -6 -9 -7 -8 -12 -13 -11
right_child=5 -3 3 -5 6 9 10 8 -10 13 11 12 -14 -15
leaf_value=0.00066789630366518346 -0.00016339100697692195 9.9761439177139651e-05 -6.4916716363871895e-05 -9.094054057870259e-05 -0.0032798461866250131 0.00015514721745688909 3.2927904072294714e-05 0.00014511530071092469 -0.00043837260088062637 -0.00016731039321510568 0.00013594074251226806 -0.0018280224327710958 1.7162331712517205e-05 -0.00020487279962890539
leaf_weight=22 24 24 32 26 22 25 22 20 36 19 22 29 1118 20
leaf_count=22 24 24 32 26 22 25 22 20 36 19 22 29 1118 20
internal_value=-0.000443255 0.000848997 0.000288034 -0.000292809 0.000298661 -0.0206053 0.000918576 -0.013284 0 -0.0121424 0.00184872 0.00144033 0.00101628 -0.023247
internal_weight=1461 1373 1349 1327 1301 88 1269 78 56 64 1191 1169 1147 39
internal_count=1461 1373 1349 1327 1301 88 1269 78 56 64 1191 1169 1147 39
is_linear=0
shrinkage=0.129519


Tree=283
num_leaves=21
num_cat=0
split_feature=11 11 1 9 11 0 11 0 11 0 9 23 14 10 1 15 15 15 11 11
split_gain=1.25329 1.41324 1.3313 0.854723 0.9112 2.10429 2.19519 1.42105 2.73525 3.11688 0.947368 0.758852 2.20588 0.649554 0.674764 0.604612 1.41697 1.13829 0.584585 0.661913
threshold=0.98213580174693116 0.97109394436505758 13.500000000000002 0.99907018497641642 0.83373797915484082 5.5000000000000009 0.95566275305367776 1.5000000000000002 0.93315540453694978 3.5000000000000004 -0.49064630004295678 1.0000000180025095e-35 0.36847673223780592 0.64414586362404946 18.500000000000004 0.99348475779378076 0.98852897570736553 0.99849475427555778 0.80417553764032002 0.76140650896573492
decision_type=2 2 2 2 2 2 2 2 2 2 2 2 2 2 2 2 2 2 2 2
left_child=1 3 -2 4 11 6 7 10 9 -9 -6 15 -13 14 -4 16 18 -17 19 -1
right_child=2 -3 13 -5 5 -7 -8 8 -10 -11 -12 12 -14 -15 -16 17 -18 -19 -20 -21
leaf_value=1.414460960530775e-05 -0.00029621695936052843 8.6840422771096494e-05 0.00037239914943801154 -4.668012404459003e-05 -9.2029400491978291e-06 0.00026230833238940799 -0.00013753390524652611 0.0012547681178513522 0.0017705996370468633 -0.00055465992360250415 -0.0022961342305326858 -7.699053564396372e-05 0.00053980591814832687 1.2671165553143635e-05 -0.00032440859999458596 7.4887342881374067e-05 -1.8782769157924798e-05 -1.876052693402839e-05 0.00011414422000088067 -0.00069043783001707885
leaf_weight=997 21 24 20 20 19 23 23 28 21 27 19 24 27 28 19 27 19 23 24 28
leaf_count=997 21 24 20 20 19 23 23 28 21 27 19 24 27 28 19 27 19 23 24 28
internal_value=0.000265953 0.00122633 -0.0147181 0.000672079 0.00107202 -0.00809495 -0.0141809 -0.0068168 0.0034084 -0.0117745 -0.0272672 0.00232669 0.0177771 -0.00579936 -0.016605 0.00162189 0.000970181 0.0155423 0.0016051 0.00113724
internal_weight=1461 1373 88 1349 1329 160 137 114 76 55 38 1169 51 67 39 1118 1068 50 1049 1025
internal_count=1461 1373 88 1349 1329 160 137 114 76 55 38 1169 51 67 39 1118 1068 50 1049 1025
is_linear=0
shrinkage=0.129519


Tree=284
num_leaves=17
num_cat=0
split_feature=16 14 16 16 15 26 25 0 26 9 0 1 12 8 13 13
split_gain=1.15972 1.84229 1.09655 0.94372 2.68889 1.84188 2.89361 1.10342 1.55754 1.32592 1.10496 3.75902 1.70893 0.695775 1.37447 0.964669
threshold=0.99897831515029056 -0.99789924639000038 0.99219613630290149 -0.77245419167776552 0.52492452807984302 -22.499999999999996 1.0000000180025095e-35 1.0000000180025095e-35 -17.499999999999996 -0.59869031648930193 4.5000000000000009 11.500000000000002 -0.12546094329884028 1.0000000180025095e-35 0.99037671279769313 0.97531609421264875
decision_type=2 2 2 2 2 2 2 2 2 2 2 2 2 2 2 2
left_child=1 -1 3 4 7 -5 13 9 -9 -3 11 -10 -12 14 15 -7
right_child=-2 2 -4 5 -6 6 -8 8 10 -11 12 -13 -14 -15 -16 -17
leaf_value=-0.00067740038339444769 0.00023066760028161835 -0.000189086689144962 -4.8460444287715261e-05 0.0015064311821293298 -0.00011637670529203299 2.0010965127282174e-05 -0.00029051669920259762 -0.0017195097440306378 -0.00013300134856844968 0.00023824710535818965 -0.00042945631516642691 0.00021668713793729979 -1.126629793721918e-05 -8.4929736731939519e-05 0.00012448809313467566 -0.00020721492708860312
leaf_weight=20 21 19 36 23 32 913 19 20 26 23 19 128 53 36 36 37
leaf_count=20 21 19 36 23 32 913 19 20 26 23 19 128 53 36 36 37
internal_value=0.000620557 0.000179888 0.000729685 0.00131016 -0.00485697 0.00316494 0.00236394 -0.000899439 -0.004212 0.0185027 -0.00114619 0.0050462 -0.014391 0.00329501 0.00394074 0.00299939
internal_weight=1461 1440 1420 1384 320 1064 1041 288 246 42 226 154 72 1022 986 950
internal_count=1461 1440 1420 1384 320 1064 1041 288 246 42 226 154 72 1022 986 950
is_linear=0
shrinkage=0.129519


Tree=285
num_leaves=17
num_cat=0
split_feature=11 1 12 11 16 14 11 15 12 12 11 12 9 15 11 2
split_gain=1.31331 1.3313 1.30899 0.951297 0.883117 1.90977 1.76194 2.35111 0.777678 0.856719 1.77843 1.0099 0.715634 0.795287 0.555594 0.220222
threshold=0.98213580174693116 13.500000000000002 -0.99763124042248752 0.96687895796550427 0.97364535107754568 -0.99789924639000038 0.022575206119361854 -1.0000000180025095e-35 -0.98523800472371936 -0.85227283847737434 -0.37447172655954947 -0.94703994556331683 0.94704596667653973 -0.64249483407895591 0.99865421017599987 32.500000000000007
decision_type=2 2 2 2 2 2 2 2 2 2 2 2 2 2 2 2
left_child=2 -2 -1 4 5 -4 7 -6 -7 10 -10 -12 13 -11 15 -3
right_child=1 14 3 -5 6 8 -8 -9 9 12 11 -13 -14 -15 -16 -17
leaf_value=-6.6201430296473351e-05 -0.0002859163248081425 -2.0503704484624858e-05 -0.00058966406423661098 0.00011168124812767625 1.1046134273993431e-05 -0.00012397769436154317 -9.5009005767071646e-05 0.0010077943741941696 7.5893712659754831e-05 2.5421001384539913e-05 0.0001770430917622864 -0.00018252931008812519 -5.0984831248885946e-05 -1.0717072651313255e-05 -6.8727370664096172e-05 0.00051952002663038723
leaf_weight=32 21 23 20 32 25 24 32 20 36 336 72 68 24 652 24 20
leaf_count=32 21 23 20 32 25 24 32 20 36 336 72 68 24 652 24 20
internal_value=0.000620557 -0.0147181 0.00160366 0.00222143 0.00168207 0.000841033 0.0151386 0.0316602 0.0014961 0.00196241 0.0103027 0.00370055 0.000511933 0.00104874 -0.00579936 0.00301207
internal_weight=1461 88 1373 1341 1309 1232 77 45 1212 1188 176 140 1012 988 67 43
internal_count=1461 88 1373 1341 1309 1232 77 45 1212 1188 176 140 1012 988 67 43
is_linear=0
shrinkage=0.129519


Tree=286
num_leaves=22
num_cat=0
split_feature=16 12 11 0 11 9 0 9 1 0 12 16 1 23 16 1 0 12 10 11 10
split_gain=1.94567 1.80851 1.27265 1.5928 1.02679 0.950617 2.02703 0.93856 0.737196 1.29769 3.17868 1.45796 1.02073 1.77207 2.63158 1.06941 0.863636 2.88 0.947368 0.751635 0.706033
threshold=0.99840062925627227 -0.99763124042248752 0.98213580174693116 1.5000000000000002 0.96687895796550427 -0.98523971305672664 3.5000000000000004 0.67802080537253961 26.500000000000004 4.5000000000000009 0.39629089145655316 -0.66206809087625074 24.500000000000004 1.0000000180025095e-35 -0.17223584483461449 23.500000000000004 3.5000000000000004 0.23328369003117272 0.13185577213185917 -0.18598319447470388 -0.67801649466304881
decision_type=2 2 2 2 2 2 2 2 2 2 2 2 2 2 2 2 2 2 2 2 2
left_child=1 -1 4 -4 5 6 -3 20 12 11 -11 -10 13 15 -15 -7 17 -14 -18 -13 -5
right_child=-2 2 3 7 -6 8 -8 -9 9 10 -12 19 16 14 -16 -17 18 -19 -20 -21 -22
leaf_value=-0.0015499784313390125 7.0263062992943694e-05 -7.3857546397937266e-05 -0.00017631712396964003 -3.2969843799501885e-05 9.7216388245749351e-05 -1.2716615070731734e-05 0.00087517843330536197 0.00011424790110631827 0.00011034045942029479 -0.00019740476707205099 3.6818406170405996e-05 -3.1095080896628812e-05 -0.00056598125887457067 -0.00010638804171417148 0.0011370012745536089 0.0001174482040367402 -0.00053239293519929238 3.0868915659638745e-05 0.0004686869796071363 0.000121652653487616 -0.0002488846865913003
leaf_weight=20 25 37 24 22 32 871 27 23 24 33 25 38 25 19 19 40 19 25 19 75 19
leaf_count=20 25 37 24 22 32 871 27 23 24 33 25 38 25 19 19 40 19 25 19 75 19
internal_value=0.000443255 -0.000180389 0.000365873 -0.0147181 0.00136541 0.000799501 0.0161899 -0.00404747 0 0.00730621 -0.00893235 0.0141809 -0.00137388 -0.00013648 0.0272672 -0.00127955 -0.0147181 -0.0259038 0 0.00802331 -0.015795
internal_weight=1461 1436 1416 88 1328 1296 64 64 1232 195 58 137 1037 949 38 911 88 50 38 113 41
internal_count=1461 1436 1416 88 1328 1296 64 64 1232 195 58 137 1037 949 38 911 88 50 38 113 41
is_linear=0
shrinkage=0.129519


Tree=287
num_leaves=20
num_cat=0
split_feature=9 11 11 0 2 16 14 1 12 26 26 26 13 2 0 0 2 0 11
split_gain=1.15547 1.15606 1.04816 1.11111 1.40977 1.06383 1.96757 1.50983 1.1692 1.0568 2.26244 2.08301 1.03753 0.856047 1.91023 1.60359 0.748145 0.61244 1.45455
threshold=0.99700008544936913 0.98702314536340263 0.94911049632748046 2.5000000000000004 31.500000000000004 0.99777677850226498 -0.99789924639000038 26.500000000000004 -0.6391983530350368 5.5000000000000009 11.500000000000002 17.500000000000004 0.99037671279769313 34.500000000000007 1.5000000000000002 3.5000000000000004 19.500000000000004 2.5000000000000004 0.9962888416657264
decision_type=2 2 2 2 2 2 2 2 2 2 2 2 2 2 2 2 2 2 2
left_child=1 2 5 -4 -5 6 -1 9 -9 12 -11 -12 16 15 -15 -10 -8 -3 -19
right_child=-2 17 3 4 -6 -7 7 8 13 10 11 -13 -14 14 -16 -17 -18 18 -20
leaf_value=-0.00049968390722347972 -5.7781259881801918e-05 7.0343287013438881e-06 -1.7652276465419442e-05 9.7637838447876202e-06 0.0030714384997354649 0.00016953050147699099 2.8399519115722746e-05 0.00020258870536911719 9.2259976359537556e-05 -0.00020754798940664679 0.00015314464745511222 -3.7334183224853149e-05 0.00016732113795121759 -0.00030172320331752899 9.3000550516390419e-05 -0.00059776411532486921 -1.1932173495739783e-05 -0.0001195549260944284 4.1079396720588417e-06
leaf_weight=20 36 32 32 19 21 21 263 28 59 20 19 46 32 20 44 46 659 22 22
leaf_count=20 36 32 32 19 21 21 263 28 59 20 19 46 32 20 44 46 659 22 22
internal_value=0.00132977 0.0019087 0.00278433 0.0179888 0.0323798 0.00192707 0.00144368 0.00209578 0.0124917 0.000124658 -0.0137138 -0.0019926 0.00135764 0.00843024 0.0202374 0.00123352 0.000561905 -0.0136336 -0.0235489
internal_weight=1461 1425 1349 72 40 1277 1256 1236 197 1039 85 65 954 169 64 105 922 76 44
internal_count=1461 1425 1349 72 40 1277 1256 1236 197 1039 85 65 954 169 64 105 922 76 44
is_linear=0
shrinkage=0.129519


Tree=288
num_leaves=20
num_cat=1
split_feature=16 14 9 19 11 12 11 11 11 1 0 26 13 1 1 26 0 0 1
split_gain=1.94567 1.80851 1.34646 1.77215 1.87097 2.5 1.53529 2.63539 1.51244 1.34597 1.28004 1.17006 0.977711 0.971236 0.902256 0.884263 0.494017 0.9 0.691315
threshold=0.99840062925627227 -0.99789924639000038 0.99700008544936913 0 0.97872324816535827 0.01182636335039325 0.96231527631374336 0.94135275643221283 0.91593490216309192 24.500000000000004 3.5000000000000004 -1.4999999999999998 0.79317318001497539 10.500000000000002 19.500000000000004 16.500000000000004 4.5000000000000009 5.5000000000000009 7.5000000000000009
decision_type=2 2 2 9 2 2 2 2 2 2 2 2 2 2 2 2 2 2 2
left_child=1 -1 3 9 6 14 7 8 15 11 -11 -3 16 -14 -6 -5 18 -18 -13
right_child=-2 2 -4 4 5 -7 -8 -9 -10 10 -12 12 13 -15 -16 -17 17 -19 -20
leaf_value=-0.00043496527428945182 5.5320542600750361e-05 9.8918553684556812e-05 -7.0675080501820498e-05 5.2233151349994909e-06 0.00019953057223760814 -0.00090391095118052699 0.00053355842364549656 -0.00041469352585953392 0.00052066444688293907 0.00035039357029780258 0.00012520922902427826 -0.001783727911053624 1.5811868395431906e-05 -0.0018633265824109845 -0.00016365058100270953 -2.1866686563402674e-05 0.00041102327750183406 -0.00061775383717675996 9.4332585927577999e-05
leaf_weight=20 25 31 28 917 21 32 24 24 24 31 23 21 19 24 19 55 20 20 83
leaf_count=20 25 31 28 917 21 32 24 24 24 31 23 21 19 24 19 55 20 20 83
internal_value=0.000443255 -0.000180389 0.000365873 0.000933135 -0.00138031 -0.0215865 0 -0.000761877 0.000260079 0.0101043 0.028782 0.00594125 0.00207785 -0.0150604 0 -0.000533001 0.00719551 0.0194279 0.00249075
internal_weight=1461 1436 1416 1388 1116 72 1044 1020 996 272 54 218 187 43 40 972 144 40 104
internal_count=1461 1436 1416 1388 1116 72 1044 1020 996 272 54 218 187 43 40 972 144 40 104
cat_boundaries=0 1
cat_threshold=49
is_linear=0
shrinkage=0.129519


Tree=289
num_leaves=26
num_cat=1
split_feature=22 5 16 14 19 0 0 1 13 13 13 11 0 14 11 10 0 11 11 14 23 14 10 10 13
split_gain=1.48612 1.65143 1.14392 1.8624 0.949841 2.8822 5.22974 1.75325 1.82857 2.78893 0.949451 0.853333 0.566094 1.60664 1.67278 2.1654 3.61336 1.84969 2.05086 1.40745 1.34394 1.48907 1.87754 2.21876 1.70573
threshold=1.0000000180025095e-35 220.50000000000003 0.99897831515029056 -0.99789924639000038 0 5.5000000000000009 4.5000000000000009 24.500000000000004 0.72620980401264112 0.89405649444168411 0.55657263146136149 0.96851839807117801 2.5000000000000004 0.98700317879589627 -0.90163369914317004 0.42763731121559989 1.5000000000000002 -0.9470547246821871 -0.97113884758256674 -0.88218783483277374 1.0000000180025095e-35 0.9908174711139236 0.8511460603353429 0.89691351184655443 0.97742141165890761
decision_type=2 2 2 2 9 2 2 2 2 2 2 2 2 2 2 2 2 2 2 2 2 2 2 2 2
left_child=2 -2 3 -1 5 6 7 8 10 -10 -5 -3 13 14 17 19 -17 18 -6 -16 21 22 24 -24 -14
right_child=1 11 -4 4 12 -7 -8 -9 9 -11 -12 -13 20 -15 15 16 -18 -19 -20 -21 -22 -23 23 -25 -26
leaf_value=-0.00037862894342345507 0.00060082951805110071 -0.0021032064142811418 0.00014040798627069418 5.7468546500802368e-05 -0.0002639159803554234 0.00038128543463201119 -0.0039169905448570175 0.00074715452253168793 0.00027583393497677668 -0.00082249833006006994 -0.00021090808221459824 -7.4333143087795052e-05 -5.1621411904443567e-06 -0.00039214147782873045 -0.00019941148727759778 7.50675360742073e-05 0.00027773047915339162 -0.00013011730523777829 0.0002060698541783338 2.039634702652659e-05 -9.1739827800948188e-05 0.0023485583634976241 -0.010412272403414038 -2.245788500715982e-05 0.00079377303153852646
leaf_weight=20 20 20 21 39 48 26 26 27 22 23 21 30 468 19 47 88 46 19 19 213 31 19 21 99 29
leaf_count=20 20 20 21 39 48 26 26 27 22 23 21 30 468 19 47 88 46 19 19 213 31 19 21 99 29
internal_value=-8.8651e-05 -0.0185027 0.00083801 0.000378158 0.000959401 0.00934674 0.00327897 0.0137369 0.00616758 0.0259038 -0.00863461 -0.0310846 -0.000440541 0.00285513 0.0043173 0.00788949 0.0212643 -0.0120483 -0.00193312 0.000996301 -0.00291272 -0.00162917 -0.00272893 -0.0172692 0.000781806
internal_weight=1461 70 1391 1370 1350 184 158 132 105 45 60 50 1166 499 480 394 134 86 67 260 667 636 617 120 497
internal_count=1461 70 1391 1370 1350 184 158 132 105 45 60 50 1166 499 480 394 134 86 67 260 667 636 617 120 497
cat_boundaries=0 1
cat_threshold=17
is_linear=0
shrinkage=0.129519


Tree=290
num_leaves=21
num_cat=1
split_feature=19 0 0 26 1 14 1 16 14 11 13 14 13 15 12 13 13 9 11 0
split_gain=1.1529 2.69481 2.26639 1.71203 2.09574 1.83922 1.32376 1.11493 1.77125 0.944061 0.76534 1.64103 1.5162 1.74545 1.3 0.942335 0.832668 0.767498 0.487734 1.38278
threshold=0 5.5000000000000009 1.0000000180025095e-35 -7.4999999999999991 8.5000000000000018 0.24580949056559431 20.500000000000004 0.99840062925627227 -0.99789924639000038 0.97872324816535827 0.97086220929134248 0.06768135347655746 0.93315108981194161 0.40319675393412696 0.41203268437863017 0.89114827483048498 0.86167488712516305 -0.96235977360714686 0.99196248624718542 3.5000000000000004
decision_type=9 2 2 2 2 2 2 2 2 2 2 2 2 2 2 2 2 2 2 2
left_child=1 2 -1 -4 -5 -6 -7 8 -2 10 12 14 15 -14 -12 16 17 -10 -11 -20
right_child=7 -3 3 4 5 6 -8 -9 9 18 11 -13 13 -15 -16 -17 -18 -19 19 -21
leaf_value=0.00092830427758597604 -0.00032958924602006151 0.0003319016707559542 0.00023005092220746654 0.00021285383424999853 -0.0001676488579434032 -0.0009520703041601701 0.00083539098420173507 4.5513755718352062e-05 0.0001655269270791238 -0.00026011484418565333 0.00029677109632092377 0.00065416575978888422 -9.0685370944615793e-06 -6.8691283653466286e-05 -0.00057930274985899149 0.00036225722337390661 -0.00030428763727766991 3.0594913273185878e-06 -0.00014419060386575012 0.00017435613903897198
leaf_weight=26 20 26 19 37 23 34 21 23 20 28 20 26 24 20 32 36 20 962 25 19
leaf_count=26 20 26 19 37 23 34 21 23 20 28 20 26 24 20 32 36 20 962 25 19
internal_value=0.00132977 0.010573 0.00485697 -0.00193312 -0.00788377 -0.019926 -0.00706468 -0.000100793 -0.000620699 0 0.000893235 0.013284 0 -0.0235489 0 0.000998221 0.000258521 0.000791359 -0.014391 -0.00588723
internal_weight=1461 186 160 134 115 78 55 1275 1252 1232 1160 78 1082 44 52 1038 1002 982 72 44
internal_count=1461 186 160 134 115 78 55 1275 1252 1232 1160 78 1082 44 52 1038 1002 982 72 44
cat_boundaries=0 1
cat_threshold=17
is_linear=0
shrinkage=0.129519


Tree=291
num_leaves=22
num_cat=1
split_feature=19 11 0 0 16 14 26 26 26 0 5 0 16 10 14 9 14 16 12 12 13
split_gain=1.1529 2.75269 4.05229 2.33658 1.11493 1.77125 0.930201 2.5 0.773212 0.740741 1.38913 0.663655 2.76976 2.95769 4.12213 2.32118 1.52216 1.49129 1.18819 2.19997 0.824037
threshold=0 0.86972315351350449 1.5000000000000002 2.5000000000000004 0.99840062925627227 -0.99789924639000038 -19.499999999999996 -26.499999999999996 -9.4999999999999982 3.5000000000000004 255.50000000000003 4.5000000000000009 -0.75862080580648772 0.98899263613956456 0.70136740876875558 -0.71504373327588355 0.9953013416090124 -0.95629206636249531 -0.9575230291762723 -0.97876680704815899 -0.98803388382128643
decision_type=9 2 2 2 2 2 2 2 2 2 2 2 2 2 2 2 2 2 2 2 2
left_child=1 2 -1 -3 5 -2 7 -7 -8 -4 -11 16 15 14 -14 -13 18 -17 19 -10 -20
right_child=4 3 9 -5 -6 6 8 -9 11 10 -12 12 13 -15 -16 17 -18 -19 20 -21 -22
leaf_value=0.00047857283643970127 -0.00028690112834449101 9.1579110071141142e-07 -0.0014755601177550487 0.00015075858242906052 3.9618852946341688e-05 0.00012986265172401426 9.209253442017219e-05 -0.00014103819667762857 5.073280127753014e-07 -0.0017835135130948119 0.00054218457999190219 -0.0031470375790730071 -7.4250911386813839e-06 -0.0002231253420096271 0.00075677591785606991 0.00023108674813561648 -0.00034174791121273379 -0.00052473822671039012 -0.00038940626426495949 -0.00075600794938766934 3.5667435921282201e-05
leaf_weight=34 20 27 36 35 23 20 20 20 45 21 33 20 198 19 44 24 19 27 34 22 720
leaf_count=34 20 27 36 35 23 20 20 20 45 21 33 20 198 19 44 24 19 27 34 22 720
internal_value=0.00132977 0.010573 0 0.0334243 -0.000100793 -0.000620699 0 -0.0194279 0.000651942 -0.014391 -0.00479701 0.000221022 -0.00468141 0.00148873 0.00535203 -0.0273632 0.00215865 -0.012698 0.0029974 -0.0135319 0.00446618
internal_weight=1461 186 124 62 1275 1252 1232 40 1192 90 54 1172 332 261 242 71 840 51 821 67 754
internal_count=1461 186 124 62 1275 1252 1232 40 1192 90 54 1172 332 261 242 71 840 51 821 67 754
cat_boundaries=0 1
cat_threshold=17
is_linear=0
shrinkage=0.129519


Tree=292
num_leaves=38
num_cat=1
split_feature=19 5 26 1 5 26 5 15 1 15 14 0 15 0 15 14 14 26 26 2 15 14 15 0 14 14 0 1 1 11 0 1 15 15 1 0 0
split_gain=1.25311 1.83071 3.4172 1.62937 1.22626 1.99707 1.28341 0.704784 2.35012 1.19041 1.19429 3.61106 4.46187 1.64334 2.16773 1.13282 0.842962 0.759903 3.00142 0.744817 1.98694 1.75291 1.07175 1.54262 1.393 1.05409 0.639185 1.10259 0.874506 0.570188 0.818182 0.546559 0.371682 0.691464 0.409411 1.14088 0.540544
threshold=0 46.500000000000007 1.0000000180025095e-35 29.500000000000004 227.50000000000003 -10.499999999999998 237.50000000000003 -0.97410815583833232 10.500000000000002 -0.28106805777503757 -0.22700609751797862 2.5000000000000004 -0.72694302724356785 3.5000000000000004 -0.59869031648930193 -0.79120487837355613 -0.97008449772828931 16.500000000000004 21.500000000000004 20.500000000000004 -0.022576249993022598 0.48501892766189986 0.12545535980491204 5.5000000000000009 0.97740615865730918 -0.10623912647794688 1.0000000180025095e-35 14.500000000000002 28.500000000000004 -0.19337636264337832 1.5000000000000002 24.500000000000004 -0.99323793665845683 -0.96795400926015729 21.500000000000004 1.5000000000000002 3.5000000000000004
decision_type=9 2 2 2 2 2 2 2 2 2 2 2 2 2 2 2 2 2 2 2 2 2 2 2 2 2 2 2 2 2 2 2 2 2 2 2 2
left_child=1 2 -1 4 5 -3 -6 8 -2 10 13 31 -13 16 15 -15 -9 19 -19 20 -11 25 -22 24 -24 26 27 -21 -28 -18 -31 -12 -8 -34 35 -35 -36
right_child=7 3 -4 -5 6 -7 32 9 -10 17 11 12 -14 14 -16 -17 29 18 -20 21 22 -23 23 -25 -26 -27 28 -29 -30 30 -32 -33 33 34 36 -37 -38
leaf_value=0.00022785661265416614 -0.00028926034462177486 0.00020013631074531477 -7.7011130153424234e-06 0.00072611050351613316 0.00024974293403045574 -0.00074717488308944984 -0.00036888889976839791 0.00057416382160234425 0.0004359711742363151 0.00028147882226828514 -0.00083780964270735458 0.00097701901701327488 -9.0894422729266753e-05 -0.00034667753066898146 0.00022585123629678005 -3.2508197978537299e-05 9.044300796504254e-05 -0.00012213799279986215 0.00019077712117590348 -0.00012529561999456511 -0.00013221037175406309 -0.00069315403617859026 -8.9811051647122852e-06 0.00010596621196098164 0.00025710320149001186 0.0013846603305710024 3.3232126448289912e-05 4.2793106608946892e-05 -0.00014869171955939775 4.5931335233290654e-06 -0.00043210889028419235 -0.0005569219574908153 9.4144840404500153e-05 0.00027037303393662171 4.7413278382329199e-06 -0.00024239275423351784 8.6527393336666183e-05
leaf_weight=19 30 21 22 23 20 37 28 19 22 29 19 24 27 26 21 24 30 20 27 22 24 29 188 37 33 32 238 21 24 22 22 20 32 33 61 92 43
leaf_count=19 30 21 22 23 20 37 28 19 22 29 19 24 27 26 21 24 30 20 27 22 24 29 188 37 33 32 238 21 24 22 22 20 32 33 61 92 43
internal_value=0.00274818 0.00851713 0.034749 0.00597781 0.00388205 -0.0133985 0.00712565 0.000249075 0.0149445 -0.000529731 -0.00815869 -0.0201474 0.00253959 -0.0015795 -0.0164179 -0.0310846 0.00974875 0.00214673 -0.0137786 0.00325233 0.00791275 -0.000707755 0.00459288 0.00702817 0.0029303 0.00192165 -0.000424653 -0.0150604 0.00197739 0.00350052 -0.00588723 -0.0498151 0.00492979 0.00645115 0.0039591 -0.00103615 0.00996301
internal_weight=1461 431 41 390 367 58 309 1030 52 978 254 90 51 164 71 50 93 724 47 677 311 366 282 258 221 337 305 43 262 74 44 39 289 261 229 125 104
internal_count=1461 431 41 390 367 58 309 1030 52 978 254 90 51 164 71 50 93 724 47 677 311 366 282 258 221 337 305 43 262 74 44 39 289 261 229 125 104
cat_boundaries=0 1
cat_threshold=209
is_linear=0
shrinkage=0.129519


Tree=293
num_leaves=14
num_cat=0
split_feature=13 10 13 16 14 9 1 16 0 0 26 0 26
split_gain=2.10115 1.30233 0.999538 0.742546 1.89951 1.65817 1.62719 1.09695 2.10897 1.18931 1.0314 4.18736 3.3902
threshold=0.99768613338197654 0.99895983886342388 0.99037671279769313 0.99572603683968142 -0.99789924639000038 0.99700008544936913 26.500000000000004 -0.29342786347392769 3.5000000000000004 4.5000000000000009 -16.499999999999996 3.5000000000000004 -1.4999999999999998
decision_type=2 2 2 2 2 2 2 2 2 2 2 2 2
left_child=1 2 3 4 -1 6 10 9 -9 -8 11 -6 -12
right_child=-2 -3 -4 -5 5 -7 7 8 -10 -11 12 -13 -14
leaf_value=-0.00021766203809232186 -0.00042912448672409307 -3.0346252628403704e-05 0.00026692585448268231 0.00024460312638279326 -0.00022263536253537566 -4.0186419569100875e-05 6.6933557497028974e-05 5.2334405649160771e-05 0.00029740756247137765 -7.5267808920770248e-05 0.00012900116284749526 0.00014999410738519853 -6.8670360383571202e-06
leaf_weight=20 32 21 32 20 27 24 54 56 30 28 49 24 1044
leaf_count=20 32 21 32 20 27 24 54 56 30 28 49 24 1044
internal_value=0.000443255 0.00117827 0.00165578 0.00112953 0.000764125 0.00135724 0.00197438 0.0138771 0.0240966 0.003159 0.000226432 -0.0177771 0.00106649
internal_weight=1461 1429 1408 1376 1356 1336 1312 168 86 82 1144 51 1093
internal_count=1461 1429 1408 1376 1356 1336 1312 168 86 82 1144 51 1093
is_linear=0
shrinkage=0.129519


Tree=294
num_leaves=19
num_cat=0
split_feature=16 14 13 9 14 10 1 26 13 26 26 2 10 1 11 0 1 15
split_gain=1.56985 2.04922 1.01555 0.872084 0.898273 0.864865 1.19678 1.01445 1.72431 1.40409 1.56416 0.905784 1.11214 0.965708 0.763859 3.29752 0.698075 0.687742
threshold=0.99219613630290149 -0.06124400746908739 -0.9946729320988934 0.99700008544936913 -0.99789924639000038 -0.52034141052533245 5.5000000000000009 10.500000000000002 0.99037671279769313 19.500000000000004 25.500000000000004 19.500000000000004 -0.77243990499604276 16.500000000000004 0.75011860976965206 5.5000000000000009 14.500000000000002 -0.99885295938472651
decision_type=2 2 2 2 2 2 2 2 2 2 2 2 2 2 2 2 2 2
left_child=2 -2 -1 4 -4 6 -6 8 14 -9 -11 -8 16 -14 17 -16 -13 -7
right_child=1 -3 3 -5 5 7 11 9 -10 10 -12 12 13 -15 15 -17 -18 -19
leaf_value=0.0007184767434082435 0.0003500712935473631 -7.6612199523344791e-05 -0.00018947063680170546 -2.6748286940003789e-05 -0.00078125098669402134 0.00015337820793214049 0.00017889226339831658 -0.00010318460916769726 0.00063923648745143214 0.004569355675580665 -0.012246328302837246 -3.677012324957331e-05 -0.00063299234928138666 -1.2302428353874601e-05 8.2234207880350133e-06 0.0023236397559246538 3.8801774931776534e-05 9.0369858245686211e-06
leaf_weight=32 20 37 20 20 35 20 33 36 28 21 19 95 32 86 135 22 163 607
leaf_count=32 20 37 20 20 35 20 33 36 28 21 19 95 32 86 135 22 163 607
internal_value=0.000620557 -0.0204504 0.001476 0.000944017 0.00134117 0.00175026 -0.0029171 0.00408394 0.00542322 -0.0102252 0.00647596 -0.000950018 -0.00275573 -0.0131714 0.00429528 0.0123744 0.00200805 0.00227227
internal_weight=1461 57 1404 1372 1352 1332 444 888 812 76 40 409 376 118 784 157 258 627
internal_count=1461 57 1404 1372 1352 1332 444 888 812 76 40 409 376 118 784 157 258 627
is_linear=0
shrinkage=0.129519


Tree=295
num_leaves=18
num_cat=1
split_feature=12 10 26 26 5 16 1 16 10 10 0 1 13 13 20 16 2
split_gain=1.92348 1.18702 1.05676 2.23448 1.22611 0.812539 1.05964 1.92773 1.10592 1.03896 0.895367 4.5044 2.3341 1.97108 1.38282 1.12219 0.746544
threshold=-0.99763124042248752 0.99895983886342388 16.500000000000004 21.500000000000004 30.500000000000004 0.98899263613956478 3.5000000000000004 -0.49440184119708153 -0.4755978891912595 -0.50557503990954278 4.5000000000000009 11.500000000000002 0.71504042705586623 -0.98803388382128643 0 -0.75013812021657844 3.5000000000000004
decision_type=2 2 2 2 2 2 2 2 2 2 2 2 2 2 9 2 2
left_child=-1 2 4 -4 16 6 7 9 -9 -6 13 15 -13 -8 -15 -12 -2
right_child=1 -3 3 -5 5 -7 10 8 -10 -11 11 12 -14 14 -16 -17 -18
leaf_value=-0.00011596471041190948 2.2458118546338948e-05 -1.6493085248092215e-05 -0.00045875605877335874 0.0015634520855265612 0.0015847276301464224 0.00067207735071410715 -0.00020893899154532792 -0.00054791961272565527 -0.0003677246177971073 -3.1947694141342161e-05 -0.00016783652299642108 -4.3419516494048301e-05 -0.0010273489164373834 0.00034400620430331466 1.1150140464691941e-05 0.00083284300258232703 0.00018189530824053843
leaf_weight=32 31 21 20 29 20 20 22 20 21 35 25 194 49 36 781 73 32
leaf_count=32 31 21 20 29 20 20 22 20 21 35 25 194 49 36 781 73 32
internal_value=-0.000975161 -0.000271909 0.000183976 -0.0185027 0.000857743 0 -0.000406016 -0.0134916 -0.034749 0.00235489 0.000658572 -0.00493768 -0.014391 0.00293309 0.00396325 0.0185027 0.0185027
internal_weight=1461 1429 1408 49 1359 1296 1276 96 41 55 1180 341 243 839 817 98 63
internal_count=1461 1429 1408 49 1359 1296 1276 96 41 55 1180 341 243 839 817 98 63
cat_boundaries=0 1
cat_threshold=1
is_linear=0
shrinkage=0.129519


Tree=296
num_leaves=14
num_cat=0
split_feature=13 16 16 9 14 1 24 10 26 15 1 14 0
split_gain=1.15861 1.15903 3.67294 1.63459 0.923337 0.75062 1.19084 1.50453 1.14295 1.01747 1.01433 2.24743 0.816036
threshold=0.99768613338197654 0.99840062925627227 0.99083579680342215 0.9962888416657264 -0.99789924639000038 23.500000000000004 1.0000000180025095e-35 0.8852232634113919 22.500000000000004 -0.60895740420855382 20.500000000000004 -0.86330706126299084 4.5000000000000009
decision_type=2 2 2 2 2 2 2 2 2 2 2 2 2
left_child=1 2 3 4 -1 8 7 9 10 -7 12 -12 -6
right_child=-2 -3 -4 -5 5 6 -8 -9 -10 -11 11 -13 -14
leaf_value=-0.00013830504315256919 -0.00047689678524823789 4.4872836265258993e-05 -0.00015434625779377087 -1.2267620907041256e-05 9.1072773523541769e-08 -2.6245865993371329e-05 0.00046081635308330246 -0.000280608791088594 -0.0008519089946777222 7.5178894923867587e-05 -0.0030433833801280421 -1.328976639387658e-05 8.5458932432892583e-05
leaf_weight=20 32 21 28 24 601 67 27 27 23 206 22 122 241
leaf_count=20 32 21 28 24 601 67 27 27 23 206 22 122 241
internal_value=8.8651e-05 0.000634453 0.000183976 0.00112625 0.00171928 0.0021328 0.00752558 0.00518077 0.000385092 0.00806529 0.00105087 -0.00899439 0.00276882
internal_weight=1461 1429 1408 1380 1356 1336 327 300 1009 273 986 144 842
internal_count=1461 1429 1408 1380 1356 1336 327 300 1009 273 986 144 842
is_linear=0
shrinkage=0.129519


end of trees

feature_importances:
dom=1153
dow=1078
fourier_year_sin_4=714
fourier_year_sin_3=625
fourier_year_sin_2=608
fourier_year_cos_3=604
days_to_tet=513
fourier_year_sin_1=508
fourier_year_cos_4=456
doy=430
fourier_year_cos_1=407
fourier_year_cos_2=340
weekofyear=277
is_eom=62
promo_active=62
promo_season=55
discount_type=47
is_special_day=40
tet_after=26
promo_fixed_discount=25
tet_before=18
month=12
is_weekend=11
promo_discount_pct=9
promo_count_active=6

parameters:
[boosting: gbdt]
[objective: regression_l1]
[metric: l1]
[tree_learner: serial]
[device_type: cpu]
[data_sample_strategy: bagging]
[data: ]
[valid: ]
[num_iterations: 297]
[learning_rate: 0.129519]
[num_leaves: 76]
[num_threads: 0]
[seed: 42]
[deterministic: 0]
[force_col_wise: 0]
[force_row_wise: 0]
[histogram_pool_size: -1]
[max_depth: 9]
[min_data_in_leaf: 19]
[min_sum_hessian_in_leaf: 0.001]
[bagging_fraction: 1]
[pos_bagging_fraction: 1]
[neg_bagging_fraction: 1]
[bagging_freq: 0]
[bagging_seed: 400]
[bagging_by_query: 0]
[feature_fraction: 0.941525]
[feature_fraction_bynode: 1]
[feature_fraction_seed: 30056]
[extra_trees: 0]
[extra_seed: 12879]
[early_stopping_round: 0]
[early_stopping_min_delta: 0]
[first_metric_only: 0]
[max_delta_step: 0]
[lambda_l1: 0]
[lambda_l2: 0]
[linear_lambda: 0]
[min_gain_to_split: 0]
[drop_rate: 0.1]
[max_drop: 50]
[skip_drop: 0.5]
[xgboost_dart_mode: 0]
[uniform_drop: 0]
[drop_seed: 17869]
[top_rate: 0.2]
[other_rate: 0.1]
[min_data_per_group: 100]
[max_cat_threshold: 32]
[cat_l2: 10]
[cat_smooth: 10]
[max_cat_to_onehot: 4]
[top_k: 20]
[monotone_constraints: ]
[monotone_constraints_method: basic]
[monotone_penalty: 0]
[feature_contri: ]
[forcedsplits_filename: ]
[refit_decay_rate: 0.9]
[cegb_tradeoff: 1]
[cegb_penalty_split: 0]
[cegb_penalty_feature_lazy: ]
[cegb_penalty_feature_coupled: ]
[path_smooth: 0]
[interaction_constraints: ]
[verbosity: -1]
[saved_feature_importance_type: 0]
[use_quantized_grad: 0]
[num_grad_quant_bins: 4]
[quant_train_renew_leaf: 0]
[stochastic_rounding: 1]
[linear_tree: 0]
[max_bin: 255]
[max_bin_by_feature: ]
[min_data_in_bin: 3]
[bin_construct_sample_cnt: 200000]
[data_random_seed: 175]
[is_enable_sparse: 1]
[enable_bundle: 1]
[use_missing: 1]
[zero_as_missing: 0]
[feature_pre_filter: 0]
[pre_partition: 0]
[two_round: 0]
[header: 0]
[label_column: ]
[weight_column: ]
[group_column: ]
[ignore_column: ]
[categorical_feature: 19,20]
[forcedbins_filename: ]
[precise_float_parser: 0]
[parser_config_file: ]
[objective_seed: 16083]
[num_class: 1]
[is_unbalance: 0]
[scale_pos_weight: 1]
[sigmoid: 1]
[boost_from_average: 1]
[reg_sqrt: 0]
[alpha: 0.9]
[fair_c: 1]
[poisson_max_delta_step: 0.7]
[tweedie_variance_power: 1.5]
[lambdarank_truncation_level: 30]
[lambdarank_norm: 1]
[label_gain: ]
[lambdarank_position_bias_regularization: 0]
[eval_at: ]
[multi_error_top_k: 1]
[auc_mu_weights: ]
[num_machines: 1]
[local_listen_port: 12400]
[time_out: 120]
[machine_list_filename: ]
[machines: ]
[gpu_platform_id: -1]
[gpu_device_id: -1]
[gpu_device_id_list: ]
[gpu_use_dp: 0]
[num_gpu: 1]

end of parameters

pandas_categorical:[["Fall Launch", "Fall Launch|Urban Blowout", "Mid-Year Sale", "NO_PROMO", "Rural Special", "Spring Sale", "Urban Blowout", "Year-End Sale"], ["fixed", "fixed|percentage", "none", "percentage"]]
