tree
version=v4
num_class=1
num_tree_per_iteration=1
label_index=0
max_feature_idx=26
objective=regression_l1
feature_names=dow dom weekofyear month quarter doy is_weekend is_som is_eom fourier_year_sin_1 fourier_year_cos_1 fourier_year_sin_2 fourier_year_cos_2 fourier_year_sin_3 fourier_year_cos_3 fourier_year_sin_4 fourier_year_cos_4 promo_active promo_count_active promo_season discount_type promo_discount_pct promo_fixed_discount is_special_day tet_before tet_after days_to_tet
feature_infos=[0:6] [1:31] [1:53] [1:12] [1:4] [1:366] [0:1] [0:1] [0:1] [-0.99999942202469239:0.99998555065071859] [-0.99997919295908244:1] [-0.99999942202469239:0.99995318436087299] [-0.99999768809943823:1] [-0.99999479822624138:0.99999479822624138] [-0.99997919295908244:1] [-0.99997167934088305:0.99995318436087299] [-0.99999768809943823:1] [0:1] [0:2] -1:3:7:0:5:2:6:4 -1:2:3:0 [0:20] [0:50] [0:1] [0:1] [0:1] [-32:30]
tree_sizes=2476 2547 2751 2708 2491 2513 2762 2812 2512 2566 2614 2629 2672 2287 2923 2860 2674 2738 2590 2161 1982 2564 2819 2621 1856 2261 2395 2284 3020 2625 2386 2171 2105 2433 2087 2683 2485 2043 2456 2152 2168 2120 1994 2639 1544 1928 1506 1857 1731 2355 2009 2700 2825 2266 1621 1381 1379 1474 1300 1992 1596 2388 2003 2134 1513 719 1014 2471 2292 1653 1965 2102 1788 1288 1095 1244 929 2029 1910 2035 2784 2135 2520 1987 2117 1670 1492 1926 2362 831 825 1864 744 809 879 832 1450 1208 2149 1093 988 1578 1321 1621 1641 1267 1506 1417 2072 1797 1206 1956 1791 1421 2602 936 1319 1621 1633 1305 1110 1006 1154 2225 892 1332 2055 1564 1689 1907 1668 1484 1701 1385 1217 1388 1507 1323 2481 1464 1432 1136 1617 1969 1553 938 1685 1357 927 1500 1600 941 1386 1214 1446 1127 1251 1182 1007 1217 1264 1804 1652 1193 1280 1409 1489 1926 1899 1834 2868 1569 2451 1585 2609 1064 1740 2176 1276 1041 1405 1099 1115 859 2502 1037 1641 1570 1106 838 924 1114 948 1092 1313 968 2146 981 1320 1390 1000 820 1273 1319

Tree=0
num_leaves=28
num_cat=0
split_feature=10 5 1 1 9 1 1 10 1 1 5 1 15 13 1 17 0 13 3 0 16 0 26 5 5 0 1
split_gain=602.478 280.37 153.99 105.681 79.7495 36.6692 39.244 33.2595 28.4342 26.0696 16.1134 14.7223 10.3788 11.7295 10.0719 9.38436 7.16961 6.15385 5.0338 4.91924 3.46946 3.14558 2.67273 2.42857 2.09862 1.462 0.836807
threshold=0.24997576770840005 216.50000000000003 26.500000000000004 15.500000000000002 0.75014288946266361 10.500000000000002 3.5000000000000004 -0.99628250747696534 9.5000000000000018 26.500000000000004 245.50000000000003 1.5000000000000002 0.97362002771214617 -0.22072250280600578 4.5000000000000009 1.0000000180025095e-35 3.5000000000000004 0.99700008544936913 6.5000000000000009 3.5000000000000004 -0.48313741114591613 4.5000000000000009 -26.499999999999996 240.50000000000003 353.50000000000006 2.5000000000000004 13.500000000000002
decision_type=2 2 2 2 2 2 2 2 2 2 2 2 2 2 2 2 2 2 2 2 2 2 2 2 2 2 2
left_child=1 5 4 10 11 6 -1 -8 22 19 14 20 13 25 -3 -12 -10 -15 26 -5 -2 -20 -6 -11 -13 -4 -7
right_child=2 3 12 9 8 18 7 -9 16 23 15 24 -14 17 -16 -17 -18 -19 21 -21 -22 -23 -24 -25 -26 -27 -28
leaf_value=15.228403024466717 15.133255746784553 15.21024469731554 15.155665820375342 15.159198354009705 15.147858462091838 15.183592369831699 15.114858538392861 15.163827973472504 15.168484415910905 15.175757840222261 15.120887045703421 15.110357111852425 15.131602214843729 15.177244555897605 15.144557712059967 15.139534848615561 15.151315011809922 15.15360371703828 15.182209331924067 15.150581560184831 15.161529078996921 15.163973453280116 15.119859020328404 15.212313593484087 15.127292859967879 15.149052171593754 15.198348489916661
leaf_weight=93 15.000000000000002 13.999999999999998 12.999999999999998 91 9.9999999999999982 54 26 154 54 11.999999999999998 111 629 18 78 77 87 41 11.999999999999998 105 68 10.999999999999998 42 44 51 51 20 391
leaf_count=93 15 14 13 91 10 54 26 154 54 12 111 629 18 78 77 87 41 12 105 68 11 42 44 51 51 20 391
internal_value=15.1536 15.1928 15.0995 15.1392 15.085 15.2245 15.1968 15.1719 15.1457 15.1865 15.1028 15.0721 15.188 15.1974 15.1346 15.0881 15.1757 15.2145 15.2372 15.1668 15.1396 15.2226 15.0928 15.2363 15.0696 15.1509 15.2421
internal_weight=2372 1376 996 511 855 865 273 180 149 222 289 706 141 123 91 198 95 90 592 159 26 147 54 63 680 33 445
internal_count=2372 1376 996 511 855 865 273 180 149 222 289 706 141 123 91 198 95 90 592 159 26 147 54 63 680 33 445
is_linear=0
shrinkage=1


Tree=1
num_leaves=27
num_cat=0
split_feature=10 5 1 9 1 1 1 1 1 16 1 1 5 15 13 2 5 2 9 5 5 6 16 1 9 13
split_gain=558.663 228.512 125.447 96.5036 89.3868 32.718 42.5824 27.0754 26.9657 24.2412 19.9269 13.4596 12.3278 8.78464 11.5264 7.71654 7.16146 7.05244 5.53846 5.48723 4.28568 3.52653 3.46946 3.09714 1.75961 0.256684
threshold=0.19969739736768835 216.50000000000003 26.500000000000004 0.72695311118111527 12.500000000000002 10.500000000000002 3.5000000000000004 24.500000000000004 9.5000000000000018 0.95240699240681226 1.5000000000000002 1.5000000000000002 54.500000000000007 0.97362002771214617 -0.22072250280600578 27.500000000000004 275.50000000000006 34.500000000000007 0.46800856592688467 256.50000000000006 353.50000000000006 1.0000000180025095e-35 -0.48313741114591613 14.500000000000002 0.86113431103781346 -0.98132686700352856
decision_type=2 2 2 2 2 2 2 2 2 2 2 2 2 2 2 2 2 2 2 2 2 2 2 2 2 2
left_child=1 5 3 11 10 6 -1 19 24 -8 -3 22 -10 14 25 23 -12 -9 -16 -6 -13 -17 -2 -7 -5 -4
right_child=2 4 13 8 7 15 9 17 12 -11 16 20 -14 -15 18 21 -18 -19 -20 -21 -22 -23 -24 -25 -26 -27
leaf_value=0.067940339040191172 -0.018518284337392239 0.03256777607615001 -4.7505107313498223e-05 -0.0082708675531590857 0.0042499983084295272 0.028218375350178904 0.010577999133043621 -0.0002348935046454669 -0.0061723807328973364 -0.019845336147128696 -0.018410697685448622 -0.038921994212943699 0.013973438735367452 -0.020020819131840673 0.023002932115075696 0.025964959783349232 -0.03232135944426414 0.029020264119890369 0.013231182762777979 -0.006978245454009835 -0.023936652556483286 0.0093943441856717286 0.0071731851499853066 0.041892831652948999 -0.025010494431412105 -0.00043348104728446984
leaf_weight=93 15.000000000000002 13.999999999999998 15.999999999999998 10.999999999999998 89 72 137 11.999999999999998 36 43 140 638 89 18 65 105 72 79 25 84 51 42 10.999999999999998 355 43 17
leaf_count=93 15 14 16 11 89 72 137 12 36 43 140 638 89 18 65 105 72 79 25 84 51 42 11 355 43 17
internal_value=-0.000538976 0.0384533 -0.0509087 -0.0635344 -0.0111818 0.0671677 0.0411433 0.0249049 -0.00357109 0.0152197 -0.0533361 -0.0785462 0.0197247 0.029144 0.0378635 0.0795453 -0.0603043 0.0652271 0.0547908 0.00369495 -0.0809801 0.0614998 -0.0140489 0.0857576 -0.0574965 -0.00830163
internal_weight=2372 1337 1035 894 490 847 273 264 179 180 226 715 125 141 123 574 212 91 90 173 689 147 26 427 54 33
internal_count=2372 1337 1035 894 490 847 273 264 179 180 226 715 125 141 123 574 212 91 90 173 689 147 26 427 54 33
is_linear=0
shrinkage=0.0913179


Tree=2
num_leaves=29
num_cat=0
split_feature=10 5 1 9 1 1 1 1 10 9 1 1 1 5 16 2 0 9 0 0 5 16 0 1 10 17 5 5
split_gain=514.52 216.439 109.843 90.9247 80.8976 29.5589 38.972 26.2718 24.8753 21.4597 22.1768 14.5123 11.682 11.3332 9.7963 8.40007 7.48015 6.7525 5.6 3.84127 3.78236 3.46946 3.03101 1.37885 0.960474 0.904239 0.816327 0.0848485
threshold=0.19969739736768835 216.50000000000003 27.500000000000004 0.66527693225344786 12.500000000000002 11.500000000000002 3.5000000000000004 27.500000000000004 -0.99465740988130902 0.94978112945126536 23.500000000000004 1.5000000000000002 1.5000000000000002 353.50000000000006 -0.42179730054635628 27.500000000000004 3.5000000000000004 -0.98523971305672664 2.5000000000000004 3.5000000000000004 301.50000000000006 -0.48313741114591613 3.5000000000000004 14.500000000000002 0.8852232634113919 1.0000000180025095e-35 303.50000000000006 332.50000000000006
decision_type=2 2 2 2 2 2 2 2 2 2 2 2 2 2 2 2 2 2 2 2 2 2 2 2 2 2 2 2
left_child=1 5 3 12 11 6 -1 16 -8 10 -5 -3 21 -14 18 23 -6 -13 -4 -11 24 -2 -17 -7 -16 -9 -22 -20
right_child=2 4 14 9 7 15 8 25 -10 19 -12 17 13 -15 20 22 -18 -19 27 -21 26 -23 -24 -25 -26 -27 -28 -29
leaf_value=0.061736166586323533 -0.016827232582249007 0.029593753543000086 0.018531621815191246 -0.0097635197776464767 0.0056925362560186991 0.027469938752916305 -0.032541487444524078 0.05912507598472995 0.010086447550800773 0.021197352605958467 0.030496510357540148 -0.030638661715038838 -0.036108223227781219 -0.019114796015721316 0.013476405185935247 0.023603298354386546 -0.0046622473726079597 -0.014672775998350837 -0.0069466274640623826 0.0057289258226512147 0.025795236746946087 0.0065181445902420341 0.0090932006917563424 0.038067264164950591 0.0020114000761273449 0.046554592973494277 0.029037638098122251 -0.033888802028593394
leaf_weight=93 15.000000000000002 13.999999999999998 14.999999999999998 149 123 54 33 12.999999999999998 172 24 24 68 628 58 11.000000000000002 79 92 144 11.000000000000002 18 13.999999999999998 10.999999999999998 61 355 11.999999999999998 36 35 9.9999999999999982
leaf_count=93 15 14 15 149 123 54 33 13 172 24 24 68 628 58 11 79 92 144 11 18 14 11 61 355 12 36 35 10
internal_value=7.69966e-05 0.037497 -0.0482618 -0.0584159 -0.0108091 0.0654427 0.0422882 0.0235213 0.0200454 -0.00637102 -0.0205861 -0.0509118 -0.0741317 -0.0764089 0.0388947 0.0780111 0.0097689 -0.0568583 0 0.0521817 0.058342 -0.0140489 0.0587044 0.0846198 0.0277924 0.0838634 0.0726816 -0.0304393
internal_weight=2372 1337 1035 927 490 847 298 264 205 215 173 226 712 686 108 549 215 212 36 42 72 26 140 409 23 49 49 21
internal_count=2372 1337 1035 927 490 847 298 264 205 215 173 226 712 686 108 549 215 212 36 42 72 26 140 409 23 49 49 21
is_linear=0
shrinkage=0.0913179


Tree=3
num_leaves=29
num_cat=0
split_feature=10 5 1 9 1 1 1 10 9 1 1 1 1 2 2 9 13 0 13 0 0 2 2 8 2 0 0 0
split_gain=451.488 201.139 116.766 81.221 63.8468 29.7624 42.9666 22.6829 22.2871 20.5514 17.6585 12.9915 10.7298 9.83584 8.42256 8.2405 7.82592 7.68625 6.66626 6.2541 5.45889 5.04938 4.68408 3.27127 3.09593 2.67033 1.70667 1.32985
threshold=0.19969739736768835 216.50000000000003 26.500000000000004 0.66527693225344786 12.500000000000002 11.500000000000002 3.5000000000000004 -0.99628250747696534 0.93845596220871974 24.500000000000004 23.500000000000004 1.5000000000000002 1.5000000000000002 27.500000000000004 50.500000000000007 -0.98523971305672664 0.21127135955888851 3.5000000000000004 -0.17011679340681549 3.5000000000000004 1.5000000000000002 34.500000000000007 4.5000000000000009 1.0000000180025095e-35 30.500000000000004 3.5000000000000004 2.5000000000000004 3.5000000000000004
decision_type=2 2 2 2 2 2 2 2 2 2 2 2 2 2 2 2 2 2 2 2 2 2 2 2 2 2 2 2
left_child=1 5 3 12 11 6 -1 -8 10 19 -5 -3 25 27 -14 -13 18 -10 26 -6 -18 -11 -22 -20 -15 -2 -4 -7
right_child=2 4 16 8 9 13 7 -9 17 21 -12 15 14 24 -16 -17 20 -19 23 -21 22 -23 -24 -25 -26 -27 -28 -29
leaf_value=0.056098546439687744 0.0030848672885765882 0.026891312649535939 0.0040182694689710977 -0.012318600448418811 0.0039351177066210248 0.042258622368462437 -0.030451640066457113 0.0090595188847813618 0.018457715637033644 0.00021230335899377294 0.029915687660375136 -0.027840801949821043 -0.034246141233919856 0.011735380703499252 -0.016224498044460887 -0.013332888179762137 0.0070044703492129637 0.00082683478661834569 0.027912878782187681 -0.0056059106346066654 0.010032766877272503 0.026795939975070675 -0.013537421323249537 0.013079897400393744 0.050211267588324934 -0.0095445915157652255 0.00014479236928683533 0.021768699354239213
leaf_weight=93 14.000000000000002 13.999999999999998 14.999999999999998 137 98 232 26 179 31 11.999999999999998 18 68 584 123 75 144 12.999999999999998 23 39 75 11.000000000000002 79 18 20 17 11.999999999999998 25 177
leaf_count=93 14 14 15 137 98 232 26 179 31 12 18 68 584 123 75 144 13 23 39 75 11 79 18 20 17 12 25 177
internal_value=0.00107795 0.036131 -0.0442032 -0.0563842 -0.0104363 0.0630708 0.0398367 0.0164818 -0.00655392 0.0200623 -0.0241551 -0.046063 -0.0715879 0.0756825 -0.0738581 -0.0516894 0.0330299 0.0439679 0.0470426 0.00158355 0 0.0551922 -0.0220423 0.0665538 0.0547908 -0.0140489 0.0182636 0.0828336
internal_weight=2372 1337 1035 894 490 847 298 205 209 264 155 226 685 549 659 212 141 54 99 173 42 91 29 59 140 26 40 409
internal_count=2372 1337 1035 894 490 847 298 205 209 264 155 226 685 549 659 212 141 54 99 173 42 91 29 59 140 26 40 409
is_linear=0
shrinkage=0.0913179


Tree=4
num_leaves=27
num_cat=0
split_feature=10 5 1 1 1 1 0 11 5 10 1 0 11 11 15 5 10 14 0 10 5 0 1 1 2 0
split_gain=405.999 214.391 114.525 57.2857 27.2062 48.234 23.7108 22.6909 19.3479 15.2464 15.9165 14.0977 11.9207 9.51332 9.17073 9.06825 9.47625 8.2465 7.92726 5.68641 7.21042 4.48118 4.43223 3.13219 2.79607 0.17316
threshold=0.31595530242620651 216.50000000000003 26.500000000000004 22.500000000000004 11.500000000000002 3.5000000000000004 3.5000000000000004 0.61237135649459018 274.50000000000006 0.7487283477006671 23.500000000000004 2.5000000000000004 0.34235194516023087 0.98519415784776321 0.97362002771214617 351.50000000000006 0.51849435583340198 0.98253174896492901 4.5000000000000009 0.48877522411129343 362.50000000000006 3.5000000000000004 21.500000000000004 22.500000000000004 6.5000000000000009 2.5000000000000004
decision_type=2 2 2 2 2 2 2 2 2 2 2 2 2 2 2 2 2 2 2 2 2 2 2 2 2 2
left_child=1 4 7 8 5 -1 -7 15 13 10 -9 -10 23 -3 19 16 -2 18 -5 25 -21 -14 -17 -6 -11 -4
right_child=2 3 14 17 12 6 -8 9 11 24 -12 -13 21 -15 -16 22 -18 -19 -20 20 -22 -23 -24 -25 -26 -27
leaf_value=0.050975742205266177 -0.010860646229171324 -0.0082677188740728595 0.013800747444353325 0.012244629192805452 0.024132397685271836 0.014137500576618932 -0.0048087079391030598 -0.0077470258365653372 -0.0088983210660976836 -0.030378609379366119 0.027183848403417445 -0.024880938989503741 0.020334701865350989 0.0033271911177336255 -0.015811401772231854 -0.0080167262957253644 -0.036328694321321423 0.0663462383026861 -0.0009912136162069454 0.0023204489934676243 0.027953315374033127 0.0068511985040304556 -0.027151200250552426 0.042325080887991348 -0.014336554041956769 0.016417511598348349
leaf_weight=93 56 217 10.000000000000002 67 203 118 87 149 57 98 18 76 107 70 18 30 407 23 29 79 23 82 35 199 9.9999999999999982 10.999999999999998
leaf_count=93 56 217 10 67 203 118 87 149 57 98 18 76 107 70 18 30 407 23 29 79 23 82 35 199 10 11
internal_value=0.00100096 0.0317183 -0.0454655 -0.0137231 0.0592694 0.0367723 0.0120272 -0.0587937 -0.0295696 -0.0375234 -0.0202321 -0.0583611 0.070613 -0.0162272 0.0304393 -0.0698721 -0.0743561 0.0422058 0.0304393 0.0393484 0.0304393 0.0516985 -0.0379321 0.0795057 -0.0642608 0.082621
internal_weight=2372 1428 944 539 889 298 205 803 420 275 167 133 591 287 141 528 463 119 96 123 102 189 65 402 108 21
internal_count=2372 1428 944 539 889 298 205 803 420 275 167 133 591 287 141 528 463 119 96 123 102 189 65 402 108 21
is_linear=0
shrinkage=0.0913179


Tree=5
num_leaves=27
num_cat=0
split_feature=10 5 1 5 1 1 0 2 13 15 0 1 26 1 0 1 17 16 5 1 1 0 0 0 1 2
split_gain=365.69 187.967 104.137 52.2434 29.8667 27.7691 27.144 20.3113 17.7255 22.2407 14.3712 12.8262 19.4053 12.259 11.2348 10.7091 7.29145 6.68518 6.93212 6.21344 4.64485 3.86656 3.45714 1.98413 1.30909 1.04762
threshold=0.31595530242620651 245.50000000000003 24.500000000000004 184.50000000000003 22.500000000000004 27.500000000000004 2.5000000000000004 27.500000000000004 -0.8431462759492121 0.19336742136696441 3.5000000000000004 27.500000000000004 -9.4999999999999982 10.500000000000002 1.5000000000000002 22.500000000000004 1.0000000180025095e-35 -0.42179730054635628 301.50000000000006 1.5000000000000002 7.5000000000000009 3.5000000000000004 1.5000000000000002 2.5000000000000004 26.500000000000004 30.500000000000004
decision_type=2 2 2 2 2 2 2 2 2 2 2 2 2 2 2 2 2 2 2 2 2 2 2 2 2 2
left_child=1 3 8 10 6 7 13 -5 -2 14 20 12 -4 -3 -10 -12 -8 23 -19 -11 -1 -14 -6 -13 -24 -7
right_child=2 4 11 5 22 25 16 -9 9 19 15 17 21 -15 -16 -17 -18 18 -20 -21 -22 -23 24 -25 -26 -27
leaf_value=0.028285251834376409 -0.037671985719309374 -0.013304831804387648 0.029721178362927224 -0.026334430472913929 0.011353795876904868 0.032256878115300924 -0.022290078698227321 0.0059937017271415741 -0.0010721884146944751 -0.00085297695878014911 0.011370440685060424 0.015582360426220271 -0.0022985770298008597 0.0032263525183445349 -0.015585160469727239 0.02838524817748948 -0.01384940586509965 0.0010696356078883102 0.021284394226486945 -0.03043144498248029 0.031508118683618462 -0.015251475951385466 6.9972431371469307e-05 -0.010024534554112315 0.0071686117703277348 0.055118382806495558
leaf_weight=83 112 58 13.999999999999998 33 15.999999999999998 11.999999999999998 87 337 86 12.999999999999998 197 14.999999999999998 48 62 222 88 73 23 49 304 298 37 18 21 22 44
leaf_count=83 112 58 14 33 16 12 87 337 86 13 197 15 48 62 222 88 73 23 49 304 298 37 18 21 22 44
internal_value=0.0023099 0.0314625 -0.0417896 0.0498402 -0.0282651 0.0248659 -0.0404408 0.0157955 -0.0578636 -0.0518686 0.0658147 0.0154402 -0.00830163 -0.00760983 -0.0343925 0.050305 -0.065064 0.0372036 0.0532688 -0.0688485 0.0774165 -0.0247096 0.0326136 0.00507322 0.0182636 0.0847952
internal_weight=2372 1428 944 1092 336 426 280 370 737 625 666 207 99 120 308 285 160 108 72 317 381 85 56 36 40 56
internal_count=2372 1428 944 1092 336 426 280 370 737 625 666 207 99 120 308 285 160 108 72 317 381 85 56 36 40 56
is_linear=0
shrinkage=0.0913179


Tree=6
num_leaves=29
num_cat=0
split_feature=10 5 1 9 1 15 1 1 1 11 15 1 11 1 6 1 10 5 10 1 6 1 9 1 9 11 11 13
split_gain=314.043 110.198 98.3388 72.1798 40.5002 32.5929 27.451 15.1286 26.7209 15.1214 14.2628 13.4444 12.6194 12.262 10.3692 7.37575 6.82355 5.38237 5.33651 4.06404 4.67266 2.21093 1.76577 1.34161 1.30457 0.322399 0.276995 0.103896
threshold=0.08054732823231521 184.50000000000003 24.500000000000004 0.91248814248966259 27.500000000000004 0.75014982656592355 8.5000000000000018 11.500000000000002 3.5000000000000004 0.95752911693909504 0.97580649958185817 7.5000000000000009 -0.94139628442229051 1.5000000000000002 1.0000000180025095e-35 3.5000000000000004 0.81304046271159414 271.50000000000006 0.31595530242620651 26.500000000000004 1.0000000180025095e-35 18.500000000000004 0.40614137006726808 14.500000000000002 -0.46038400545438718 -0.92923668111203817 -0.86976336936302323 0.35946433354369983
decision_type=2 2 2 2 2 2 2 2 2 2 2 2 2 2 2 2 2 2 2 2 2 2 2 2 2 2 2 2
left_child=1 7 3 9 5 6 -3 8 26 13 12 -10 -4 -2 23 -7 -14 24 -16 20 -9 -11 27 -5 -6 -21 -1 -12
right_child=2 4 10 14 17 15 -8 19 11 21 22 -13 16 -15 18 -17 -18 -19 -20 25 -22 -23 -24 -25 -26 -27 -28 -29
leaf_value=0.03977221410766258 -0.0013840013178595375 -0.019610399303049721 -0.017724855036566088 0.0058114386499572819 0.052596937288962538 0.037595536991613034 0.0010216355077832865 0.024142717362818398 -0.00087995960426401744 -0.010651865393773156 -0.017620311442958739 0.013305547532756642 0.014710051711944651 -0.024610976586613237 0.0021607987938917967 0.012146466404657202 0.0055498019358460804 0.0055937436214074055 -0.0096496389070322014 0.017192847914823874 0.014352272011266713 -8.7664956831999137e-05 -0.014396902364141977 0.012276144984422191 0.032533478936301208 0.067810058819581354 0.049316621324208436 -0.01372253915061325
leaf_weight=11.999999999999998 32 162 11.999999999999998 27 42 21 306 193 72 66 14.000000000000002 72 78 665 18.000000000000004 98 103 15.999999999999998 9.9999999999999982 10.999999999999998 77 36 11.999999999999998 42 19 86 59 10.999999999999998
leaf_count=12 32 162 12 27 42 21 306 193 72 66 14 72 78 665 18 98 103 16 10 11 77 36 12 42 19 86 59 11
internal_value=0.00153993 0.0331266 -0.033413 -0.0470858 0.00770151 -0.000466702 -0.0113172 0.0621339 0.0428982 -0.0561165 0.0198517 0.0202929 0.0298084 -0.0609223 0.0273012 0.0422058 0.0358209 0.0699709 -0.0195681 0.0734027 0.0676429 -0.0232771 -0.0320847 0.0463207 0.0823359 0.0894351 0.0887456 -0.0182636
internal_weight=2372 1246 1126 896 664 587 468 582 215 799 230 144 193 697 97 119 181 77 28 367 270 102 37 69 61 97 71 25
internal_count=2372 1246 1126 896 664 587 468 582 215 799 230 144 193 697 97 119 181 77 28 367 270 102 37 69 61 97 71 25
is_linear=0
shrinkage=0.0913179


Tree=7
num_leaves=30
num_cat=0
split_feature=10 5 1 9 15 1 0 1 1 15 0 11 1 1 1 9 13 0 0 0 10 11 17 1 1 9 15 10 1
split_gain=280.041 102.253 83.0051 59.5456 35.7091 34.7422 21.3016 16.9909 15.526 14.1915 14.0383 12.573 11.8227 15.6075 11.3515 9.91837 9.61502 9.22856 9.04095 8.43383 7.13895 7.11507 6.89796 5.23089 12.6759 3.34405 1.85442 0.718475 0.55102
threshold=0.08054732823231521 184.50000000000003 24.500000000000004 0.91248814248966259 0.75014982656592355 8.5000000000000018 1.5000000000000002 27.500000000000004 10.500000000000002 0.95846562273089031 3.5000000000000004 -0.94139628442229051 22.500000000000004 3.5000000000000004 1.5000000000000002 -0.42957681104363482 -0.68745360333025063 3.5000000000000004 2.5000000000000004 1.0000000180025095e-35 0.81304046271159414 -0.90163369914317004 1.0000000180025095e-35 7.5000000000000009 3.5000000000000004 0.93845596220871974 -0.99323793665845683 0.90070004940655357 3.5000000000000004
decision_type=2 2 2 2 2 2 2 2 2 2 2 2 2 2 2 2 2 2 2 2 2 2 2 2 2 2 2 2 2
left_child=1 10 3 6 5 14 8 -7 -2 11 23 -4 13 -12 -3 28 -8 19 -11 -5 -13 -14 -17 24 -1 -19 -25 -20 -6
right_child=2 4 9 17 15 7 16 -9 -10 18 12 20 21 -15 -16 22 -18 25 27 -21 -22 -23 -24 26 -26 -27 -28 -29 -30
leaf_value=0.039443177578474688 -0.026160054175745129 0.027315244410760789 -0.016106257618298835 -0.00053873811975766578 0.034162389640762368 0.00092834184801024997 -0.02789915478426255 0.034654270415649981 -0.0028251353157416254 0.0055484643712208548 0.04831461244971233 0.014109720418799069 0.0064443736724220059 0.006417982897706764 -0.021982461839221385 0.005026200456373405 -0.020476955609150856 -0.015531239935696458 -0.017282608813572634 0.013117496341365002 0.0050430054025755013 0.030164226475139822 0.015724184838446998 0.023403508064905688 0.0035088725004294801 0.00063869992494710605 0.030101799082033025 -0.02279886680426664 0.040036584126004929
leaf_weight=42 95 13.999999999999998 11.999999999999998 13.999999999999998 21 306 125 49 132 19 29 71 20 147 148 49 447 9.9999999999999982 20.000000000000004 41 97 53 49 10.999999999999998 41 32 239 10.999999999999998 28
leaf_count=42 95 14 12 14 21 306 125 49 132 19 29 71 20 147 148 49 447 10 20 41 97 53 49 11 41 32 239 11 28
internal_value=0.00153993 0.0313676 -0.0314666 -0.0440283 0.00687635 -0.00441576 -0.0522307 0.0115755 -0.028562 0.0174695 0.0593096 0.0294247 0.0429084 0.0300934 -0.0394584 0.0465908 -0.0616237 0.0235356 -0.025569 0.0481495 0.0358749 0.0738049 0.0298181 0.0715735 0.0517102 -0.00869695 0.0781682 -0.0559691 0.0801362
internal_weight=2372 1246 1126 896 664 517 799 355 227 230 582 180 249 176 162 147 572 97 50 55 168 73 98 333 83 42 250 31 49
internal_count=2372 1246 1126 896 664 517 799 355 227 230 582 180 249 176 162 147 572 97 50 55 168 73 98 333 83 42 250 31 49
is_linear=0
shrinkage=0.0913179


Tree=8
num_leaves=27
num_cat=0
split_feature=5 5 1 11 15 1 1 1 5 13 1 14 26 5 5 5 5 1 14 17 5 1 17 26 1 1
split_gain=160.21 213.26 69.1959 34.5538 30.582 21.8057 20.9901 21.6448 14.8688 13.9176 13.6596 8.67195 7.02649 6.78282 6.29908 5.97967 5.34601 4.53434 4.50494 4.28878 2.98786 2.68889 1.82857 1.79171 0.35 0.26419
threshold=245.50000000000003 72.500000000000014 26.500000000000004 0.9252105435402006 0.12545535980491204 10.500000000000002 28.500000000000004 3.5000000000000004 22.500000000000004 -0.68745360333025063 23.500000000000004 -0.99698452691574591 -4.4999999999999991 225.50000000000003 274.50000000000006 362.50000000000006 356.50000000000006 10.500000000000002 -0.97602293887790914 1.0000000180025095e-35 329.50000000000006 14.500000000000002 1.0000000180025095e-35 -12.499999999999998 7.5000000000000009 29.500000000000004
decision_type=2 2 2 2 2 2 2 2 2 2 2 2 2 2 2 2 2 2 2 2 2 2 2 2 2 2
left_child=1 4 5 6 10 11 7 -3 21 20 12 -2 -1 24 -13 18 -11 -10 -4 -20 -7 -6 -15 -12 -5 -8
right_child=2 3 15 13 8 9 25 -9 17 16 23 14 -14 22 -16 -17 -18 -19 19 -21 -22 -23 -24 -25 -26 -27
leaf_value=-0.011779628774049481 0.011073257014154462 0.038289046795755101 0.0096271238597129792 -0.0072388425858007227 -0.03868352485364375 -0.021032066395840703 0.038508252749892363 0.011195438399985521 -0.0225065456605122 -0.0030371278470867585 0.011527648724826901 -0.014621748142590141 0.0027783400377676386 0.0013073994453434697 -0.02915161495209101 0.022489715245784581 -0.022197847405009703 -0.0076890997290607254 -0.014158454516071312 0.0063682496241137835 -0.0080321980559995756 -0.026492668596849678 0.004871411499569777 0.011200769333645215 -0.0044141546865605107 0.06061127070683027
leaf_weight=97 11.999999999999998 105 23 15.999999999999998 72 63 38 730 60 299 21.000000000000004 63 52 60 193 23 30 72 21 59 56 48 45 9.9999999999999982 40 64
leaf_count=97 12 105 23 16 72 63 38 730 60 299 21 63 52 60 193 23 30 72 21 59 56 48 45 10 40 64
internal_value=0.00292587 0.0205316 -0.0290656 0.0419164 -0.0338215 -0.0400473 0.0486314 0.0438545 -0.0543559 -0.0277215 -0.00507322 -0.0606515 -0.0165475 0.00283596 -0.0642079 0.0333383 -0.0180415 -0.0332065 0.0239377 0.0136977 -0.0544838 -0.0776203 0.0165242 0.0500776 -0.0228295 0.0877369
internal_weight=2372 1530 842 1098 432 716 937 835 252 448 180 268 149 161 256 126 329 132 103 80 119 120 105 31 56 102
internal_count=2372 1530 842 1098 432 716 937 835 252 448 180 268 149 161 256 126 329 132 103 80 119 120 105 31 56 102
is_linear=0
shrinkage=0.0913179


Tree=9
num_leaves=27
num_cat=0
split_feature=10 5 5 5 9 0 9 9 0 11 17 5 0 14 0 5 5 15 5 5 5 9 0 5 6 5
split_gain=224.827 105.135 33.0682 29.9477 33.2508 23.554 22.3865 21.5756 16.4796 16.4156 14.1845 13.0667 13.0611 9.17084 10.6887 9.04413 6.81669 4.41102 3.112 8.00476 7.57375 2.68889 1.47059 1.42275 0.0666667 0.2
threshold=0.19969739736768835 245.50000000000003 184.50000000000003 361.50000000000006 0.63920241694561786 1.5000000000000002 -0.85227431625818906 -0.099819732675876779 3.5000000000000004 0.9252105435402006 1.0000000180025095e-35 300.50000000000006 1.5000000000000002 -0.98992565105027064 3.5000000000000004 253.50000000000003 174.50000000000003 0.85223490906209554 274.50000000000006 281.50000000000006 261.50000000000006 0.86113431103781346 3.5000000000000004 282.50000000000006 1.0000000180025095e-35 363.50000000000006
decision_type=2 2 2 2 2 2 2 2 2 2 2 2 2 2 2 2 2 2 2 2 2 2 2 2 2 2
left_child=1 2 8 4 6 18 11 9 17 -4 23 -2 -8 21 -15 -12 -10 -1 20 -20 -3 -6 -9 -7 25 -5
right_child=3 5 7 24 13 10 12 22 16 -11 15 -13 -14 14 -16 -17 -18 -19 19 -21 -22 -23 -24 -25 -26 -27
leaf_value=0.020244003216639717 -0.0064210173042339325 0.00034305680809269237 0.015686887764599273 0.033704269730058162 -0.018550035563515109 -0.018532660697042729 -0.010357920320660789 -0.016383705671419002 0.0087131346040600719 0.00055092493580688408 -0.021871831746733392 0.0083605759697828429 -0.022668238533984419 0.0045506638335631984 -0.0031245072219055307 -0.00086993797308671027 0.024077313356628823 0.035630191031849306 -0.01882746753618985 0.0082185832761922668 0.010446596524060263 -0.049115304439116478 -0.024544235782613794 -0.012106707293430682 0.010216904429104449 0.020062873813344224
leaf_weight=303 98 33 231 10.000000000000002 12.000000000000002 58 180 18 243 161 34 42 451 118 86 92 24 54 14.000000000000002 9.9999999999999982 25 18 15.999999999999998 21 10.000000000000002 9.9999999999999982
leaf_count=303 98 33 231 10 12 58 180 18 243 161 34 42 451 118 86 92 24 54 14 10 25 18 16 21 10 10
internal_value=0.00292587 0.0276618 0.0410496 -0.0290276 -0.0317114 -0.0213181 -0.0408621 0.0214361 0.0544395 0.0274886 -0.0378635 -0.00782725 -0.0481916 -0.00156099 0.00537164 -0.0188434 0.0372796 0.0672734 0.0200454 -0.00760983 0.0314889 -0.0487029 -0.0483448 -0.0681995 0.0608786 0.0639226
internal_weight=2372 1337 1050 1035 1005 287 771 426 624 392 205 140 631 234 204 126 267 357 82 24 58 30 34 79 30 20
internal_count=2372 1337 1050 1035 1005 287 771 426 624 392 205 140 631 234 204 126 267 357 82 24 58 30 34 79 30 20
is_linear=0
shrinkage=0.0913179


Tree=10
num_leaves=28
num_cat=0
split_feature=10 5 1 9 1 13 1 0 1 1 1 14 9 5 9 1 5 0 11 9 13 0 13 14 1 5 0
split_gain=191.197 71.2546 67.301 42.9852 29.5106 23.0206 25.0155 20.1742 16.4507 18.9092 28.5934 11.2368 8.4488 7.18804 6.99233 6.06326 5.83143 4.86535 4.31863 4.15237 4.12354 4.03723 7.39231 1.42882 1.05818 0.581889 0.246154
threshold=0.063390085881955258 184.50000000000003 25.500000000000004 0.63920241694561786 27.500000000000004 -0.98994109942595798 8.5000000000000018 1.5000000000000002 21.500000000000004 3.5000000000000004 8.5000000000000018 -0.95627437956561623 -0.69057362043749781 28.500000000000004 -0.056952163117076689 11.500000000000002 271.50000000000006 3.5000000000000004 -0.7614135502316719 0.86113431103781346 0.99700008544936913 4.5000000000000009 0.46801289393398077 0.98253174896492901 2.5000000000000004 146.50000000000003 2.5000000000000004
decision_type=2 2 2 2 2 2 2 2 2 2 2 2 2 2 2 2 2 2 2 2 2 2 2 2 2 2 2
left_child=1 8 3 7 5 26 -7 12 9 24 -11 19 -2 -4 18 -9 23 -13 -15 -5 -16 25 -23 -6 -1 -10 -3
right_child=2 4 13 11 16 6 -8 15 21 10 -12 17 -14 14 20 -17 -18 -19 -20 -21 -22 22 -24 -25 -26 -27 -28
leaf_value=0.038975524290181751 0.00040477113772174824 0.029306645471148925 -0.0066034058912955683 0.001397492986722767 0.024371151447722741 -0.014570808046829297 0.0011621686171406191 -0.025823034402213826 0.028871664662615364 -0.0031291869757837003 0.012414077285120072 0.0039654286868334842 -0.014624540644211753 0.0045908522323895992 0.014365964948287636 -0.01257146609341102 0.0014162829594615062 -0.0020684576779873443 -0.0029144663832174227 -0.017560221939234157 -0.00062929289829649301 0.024938478008659545 0.0055178197655497531 0.040319345386595207 0.021711795490210656 0.037879290677232724 0.025982102170977253
leaf_weight=48 73 10.000000000000002 18 10.999999999999998 38 155 399 232 68 90 234 110 127 65 71 270 15.999999999999998 83 31 36 11.999999999999998 32 20 23 23 61 15.999999999999998
leaf_count=48 73 10 18 11 38 155 399 232 68 90 234 110 127 65 71 270 16 83 31 36 12 32 20 23 23 61 16
internal_value=0.00300287 0.0279212 -0.023972 -0.0341231 0.00736659 0.000314889 -0.00362634 -0.0455289 0.0513663 0.0409197 0.0315667 -0.000760983 -0.0210031 0.0245678 0.0300992 -0.0553001 0.0604833 0.00898985 0.0133172 -0.0408016 0.0495097 0.0741643 0.0526834 0.0733538 0.0836009 0.0828233 0.0842935
internal_weight=2372 1233 1139 942 657 580 554 702 576 395 324 240 200 197 179 502 77 193 96 47 83 181 52 61 71 129 26
internal_count=2372 1233 1139 942 657 580 554 702 576 395 324 240 200 197 179 502 77 193 96 47 83 181 52 61 71 129 26
is_linear=0
shrinkage=0.0913179


Tree=11
num_leaves=27
num_cat=0
split_feature=10 9 9 13 15 14 15 2 10 15 23 9 9 6 10 2 15 9 9 9 6 26 26 10 2 13
split_gain=164.809 62.1933 36.2408 25.498 15.2446 20.8387 14.1556 13.7239 16.4454 21.834 10.8452 10.1407 8.61401 7.49318 7.05739 12.2665 6.60399 5.2531 5.24263 4.08163 3.38755 3.28858 7.28812 3.61739 2.39556 0.979592
threshold=0.063390085881955258 -0.013976118469459398 0.73865729060996177 -0.97009963647103548 -0.88619840451485199 0.98253174896492901 -0.86976336936302323 50.500000000000007 0.89691351184655443 0.83964085476224259 1.0000000180025095e-35 0.91248814248966259 -0.056952163117076689 1.0000000180025095e-35 -0.013976481981245098 14.500000000000002 0.84487857356050267 -0.15951315977791497 -0.53493989022977317 -0.92923668111203817 1.0000000180025095e-35 -24.499999999999996 -19.499999999999996 0.51849435583340198 9.5000000000000018 -0.99591939645432925
decision_type=2 2 2 2 2 2 2 2 2 2 2 2 2 2 2 2 2 2 2 2 2 2 2 2 2 2
left_child=1 3 7 18 19 -6 11 8 9 -2 -10 24 17 -13 15 20 -17 -9 -1 -5 -3 23 -23 -8 -4 -20
right_child=2 14 6 4 5 -7 21 12 10 -11 -12 13 -14 -15 -16 16 -18 -19 25 -21 -22 22 -24 -25 -26 -27
leaf_value=0.0064040273057779434 -0.013159263031167391 -0.01268868588952092 -0.049843738360320751 -0.0024266102209454417 0.00036156215584531848 0.037970427985443124 0.0052691389976985336 0.0008759931465650865 -0.024072022342400291 0.00087882418048851709 0.0066537295839111544 0.0050708150103683253 0.018442325943377694 -0.0054869121020434683 0.054048089367398244 0.013516795998752719 0.023018751018914516 -0.015381729677262333 0.024842194614504504 -0.015144892690846682 0.001197637734989207 -0.0097879026867111144 0.007420975155889368 0.008747539726944243 -0.0082506833582225887 0.026630422698109727
leaf_weight=13.999999999999998 410 15 10.999999999999998 49 461 35 10.000000000000002 43 229 149 11.999999999999998 38 20 15.999999999999998 30 416 102 42 20.999999999999996 49 13 11.999999999999998 109 12.999999999999998 25 28.000000000000004
leaf_count=14 410 15 11 49 461 35 10 43 229 149 12 38 20 16 30 416 102 42 21 49 13 12 109 13 25 28
internal_value=0.00315686 0.0262919 -0.0218874 0.00708861 0.00122987 0.00773257 0.0101464 -0.0301702 -0.0342442 -0.0256474 -0.0541845 -0.0182636 0.000869695 0.00676429 0.0481956 0.0458262 0.0490085 -0.0118176 0.0623281 -0.0316817 -0.0130454 0.0279027 0.0218861 0.0595552 -0.0558054 0.0764089
internal_weight=2372 1233 1139 657 594 496 234 905 800 559 241 90 105 54 576 546 518 85 63 98 28 144 121 23 36 49
internal_count=2372 1233 1139 657 594 496 234 905 800 559 241 90 105 54 576 546 518 85 63 98 28 144 121 23 36 49
is_linear=0
shrinkage=0.0913179


Tree=12
num_leaves=28
num_cat=0
split_feature=10 1 5 9 1 1 13 1 0 0 1 0 1 26 0 0 16 15 0 0 0 5 16 1 15 0 0
split_gain=146.284 53.9372 53.0781 26.6561 27.9863 24.4749 22.6766 20.6516 18.0087 17.7279 14.9239 18.0586 17.8665 10.0354 7.75047 7.46667 5.6012 4.97835 4.90023 4.39209 8.8916 2.83137 2.82423 1.8 0.304813 0.258235 0.246154
threshold=0.063390085881955258 11.500000000000002 184.50000000000003 0.79383249484937135 27.500000000000004 27.500000000000004 -0.98994109942595798 1.5000000000000002 3.5000000000000004 2.5000000000000004 26.500000000000004 2.5000000000000004 3.5000000000000004 -27.499999999999996 1.5000000000000002 1.5000000000000002 -0.3584608628474476 -0.67801140019997397 3.5000000000000004 1.0000000180025095e-35 3.5000000000000004 60.500000000000007 -0.63421397883112196 23.500000000000004 0.97872324816535827 2.5000000000000004 2.5000000000000004
decision_type=2 2 2 2 2 2 2 2 2 2 2 2 2 2 2 2 2 2 2 2 2 2 2 2 2 2 2
left_child=2 7 10 4 9 6 26 21 -8 -3 11 15 -13 -9 -15 -1 -6 -7 -19 23 -21 -2 25 -5 -24 -12 -4
right_child=1 3 5 19 16 17 8 13 -10 -11 22 12 -14 14 -16 -17 -18 18 -20 20 -22 -23 24 -25 -26 -27 -28
leaf_value=0.011774854704326118 0.0073157782764941177 -0.0008337790910303047 0.02419858710128223 -0.0035855176349995172 0.0022151593034761621 0.033170083810390827 0.0026743183665378827 0.0092050047749538608 -0.0055320258402390644 -0.0092085124562418779 0.025629115028176226 0.033748183708865287 0.0029128268885868559 -0.017661472169612891 -0.022101443227483336 0.024443829014407323 0.013173362418008356 0.019592989447105108 0.0023764741952533681 0.013447930926207762 0.0010297558894053263 -0.0062713630087022866 0.052517851193574869 0.0030800723411015299 0.034423463541434128 0.028658717289757253 0.021340931600469303
leaf_weight=140 17 215 10.000000000000002 10.000000000000002 42 23 319 9.9999999999999982 235 289 11.000000000000002 38 237 100 254 70 59 29 25 61 57 14.999999999999998 57 9.9999999999999982 10.999999999999998 11.999999999999998 15.999999999999998
leaf_count=140 17 215 10 10 42 23 319 10 235 289 11 38 237 100 254 70 59 29 25 61 57 15 57 10 11 12 16
internal_value=0.00331085 -0.020284 0.0251069 -0.00577651 -0.0140373 0.00736659 0.000944668 -0.0475038 -0.00296701 -0.0228295 0.0453419 0.0389749 0.0235766 -0.0536869 -0.0562353 0.0591392 0.0298366 0.0557395 0.0405858 0.0304393 0.0371463 0.0228295 0.079276 -0.00913179 0.0886321 0.0516145 0.0842935
internal_weight=2372 1139 1233 743 605 657 580 396 554 504 576 485 275 364 354 210 101 77 54 138 118 32 91 20 68 23 26
internal_count=2372 1139 1233 743 605 657 580 396 554 504 576 485 275 364 354 210 101 77 54 138 118 32 91 20 68 23 26
is_linear=0
shrinkage=0.0913179


Tree=13
num_leaves=24
num_cat=0
split_feature=5 5 1 1 0 1 1 0 0 0 1 14 9 1 0 0 0 11 16 1 26 26 0
split_gain=75.6116 119.282 40.949 33.5994 36.0529 26.2109 21.9768 21.6301 18.5604 14.7749 12.4219 8.55561 7.2067 6.46315 5.1526 4.52617 4.5123 5 4.13825 3.36566 3.11722 1.91004 1.05865
threshold=40.500000000000007 245.50000000000003 9.5000000000000018 27.500000000000004 3.5000000000000004 2.5000000000000004 25.500000000000004 1.0000000180025095e-35 2.5000000000000004 1.5000000000000002 1.5000000000000002 -0.99698452691574591 0.21022171450811272 4.5000000000000009 1.5000000000000002 1.5000000000000002 1.0000000180025095e-35 0.14250626876356548 -0.64251154504523245 7.5000000000000009 10.500000000000002 26.500000000000004 1.5000000000000002
decision_type=2 2 2 2 2 2 2 2 2 2 2 2 2 2 2 2 2 2 2 2 2 2 2
left_child=10 3 9 4 7 -6 8 -2 -4 13 -1 -11 21 -3 -8 19 17 -5 -18 -14 -17 22 -12
right_child=1 2 6 16 5 -7 14 -9 -10 11 12 -13 15 -15 -16 20 18 -19 -20 -21 -22 -23 -24
leaf_value=0.0094857701075357122 0.0018096337837935814 -0.022152180022190767 0.0014711476659356973 0.040938653206399681 0.028601825146564813 -0.0008716480016338745 0.01415511286464107 0.012296706541583876 -0.0068914320076646184 0.012149141375765456 -0.026833428044014038 -0.02117949366432384 -0.01386236530785981 0.00065849645098033658 0.0029732614390773023 -0.020574201982788826 0.029154851324990343 -0.0019263262077808354 0.035089582301497682 -1.6750691910156635e-05 -0.014302631466531653 -0.013773445925054003 -0.030025860158281608
leaf_weight=11.999999999999998 164 31 195 10.000000000000002 37 453 42 489 253 9.9999999999999982 18 162 10.999999999999998 37 112 54 32 9.9999999999999982 95 34 57 9.9999999999999982 44
leaf_count=12 164 31 195 10 37 453 42 489 253 10 18 162 11 37 112 54 32 10 95 34 57 10 44
internal_value=0.00369584 0.00916606 -0.0175695 0.0266167 0.0213315 0.00260908 -0.00485411 0.0353805 -0.0150838 -0.0494639 -0.044898 -0.0637102 -0.0496641 -0.0134291 0.0249049 -0.0386345 0.0677119 0.0273954 0.074061 -0.014205 -0.0485384 -0.0735617 -0.079535
internal_weight=2372 2132 842 1290 1143 490 602 653 448 240 240 172 228 68 154 156 147 20 127 45 111 72 62
internal_count=2372 2132 842 1290 1143 490 602 653 448 240 240 172 228 68 154 156 147 20 127 45 111 72 62
is_linear=0
shrinkage=0.0913179


Tree=14
num_leaves=31
num_cat=0
split_feature=10 5 1 1 1 1 0 1 1 5 1 13 10 13 0 1 0 26 13 13 8 2 0 0 0 1 1 3 8 13
split_gain=115.153 64.7067 37.0866 29.0314 32.5837 40.0311 23.5278 18.4964 18.4184 10.3723 8.48197 8.14669 8.07136 7.51292 6.45592 6.31313 5.82751 4.43916 4.35374 4.02381 3.83675 3.78788 3.32814 3.12695 2.6467 2.63973 2.0979 1.875 1.4902 3.58519
threshold=0.31595530242620651 245.50000000000003 25.500000000000004 28.500000000000004 3.5000000000000004 7.5000000000000009 2.5000000000000004 9.5000000000000018 1.5000000000000002 20.500000000000004 8.5000000000000018 0.26140895925106966 0.83258597624099873 -0.68745360333025063 5.5000000000000009 17.500000000000004 3.5000000000000004 3.5000000000000004 -0.022576145604932995 -0.17011679340681549 1.0000000180025095e-35 4.5000000000000009 1.0000000180025095e-35 4.5000000000000009 4.5000000000000009 18.500000000000004 4.5000000000000009 2.5000000000000004 1.0000000180025095e-35 -0.98596220543603519
decision_type=2 2 2 2 2 2 2 2 2 2 2 2 2 2 2 2 2 2 2 2 2 2 2 2 2 2 2 2 2 2
left_child=1 3 7 4 18 -6 15 8 27 25 24 19 -10 -11 -12 26 17 -13 -1 23 -21 -18 -17 -4 -8 -9 -3 -2 29 -5
right_child=2 6 11 28 5 -7 10 9 12 13 14 16 -14 -15 -16 22 21 -19 -20 20 -22 -23 -24 -25 -26 -27 -28 -29 -30 -31
leaf_value=0.025606772887298328 0.008619549031275188 -0.0059225449222856611 -0.00038246284306789829 0.019935954949354445 -0.0065120318661149685 0.0062096133525455987 -0.019937615938662865 -0.020785459795289417 -0.016373804891495293 -0.0097343272575268203 -0.0071491888865137234 0.015022032959856206 -0.027675000968775714 -0.001366840432034943 0.0042748050161955792 0.010328187433552086 -0.00067766466043767451 -0.00094089559301834675 0.019694991994930269 0.01416895161362876 0.0029549777862099766 -0.016505546261690349 0.0049926547544970985 0.012560237227127893 -0.012611590727099626 -0.020768775075920426 0.0015229530901354818 -0.00012611270375629936 0.042862324275309262 0.03537020921847174
leaf_weight=56 11.999999999999998 22 41 9.9999999999999982 128 757 29 54 134 119 101 11.000000000000002 122 297 34 13.999999999999998 12.000000000000002 14.999999999999998 49 52 20 9.9999999999999982 30 12.999999999999998 28 11.999999999999998 78 20 38 54
leaf_count=56 12 22 41 10 128 757 29 54 134 119 101 11 122 297 34 14 12 15 49 52 20 10 30 13 28 12 78 20 38 54
internal_value=0.00346485 0.0198239 -0.0212817 0.0306066 0.0258273 0.0201209 -0.0152197 -0.0298859 -0.0481956 -0.0189456 -0.0361467 0.0167941 -0.0563603 -0.0136099 -0.023675 0.012683 -0.0152197 0.0140489 0.0739241 0.0289898 0.0431224 -0.0498098 0.0415082 0.0101464 -0.0656848 -0.052577 0 0.0171221 0.0769936 0.0684885
internal_weight=2372 1428 944 1092 990 885 336 770 288 482 192 174 256 416 135 144 48 26 105 126 72 22 44 54 57 66 100 32 102 64
internal_count=2372 1428 944 1092 990 885 336 770 288 482 192 174 256 416 135 144 48 26 105 126 72 22 44 54 57 66 100 32 102 64
is_linear=0
shrinkage=0.0913179


Tree=15
num_leaves=30
num_cat=0
split_feature=10 1 5 5 13 1 1 0 1 14 1 14 1 1 1 1 0 1 26 5 11 0 0 0 3 26 0 11 1
split_gain=102.988 43.4001 40.0218 22.1837 18.6418 22.8597 17.3406 16.6435 16.5524 12.3796 11.7454 10.4542 9.89045 19.0913 7.3894 10.5981 7.28829 6.60569 4.47747 3.94003 3.62814 2.39247 2.24174 1.93143 1.875 0.954037 0.8 0.2 0.125714
threshold=0.046214085385334856 9.5000000000000018 184.50000000000003 28.500000000000004 -0.98994109942595798 15.500000000000002 25.500000000000004 3.5000000000000004 1.5000000000000002 0.98253174896492901 1.5000000000000002 -0.18915133295862507 2.5000000000000004 9.5000000000000018 12.500000000000002 3.5000000000000004 2.5000000000000004 5.5000000000000009 9.5000000000000018 362.50000000000006 -0.91597725483594616 1.0000000180025095e-35 1.5000000000000002 1.5000000000000002 2.5000000000000004 3.5000000000000004 3.5000000000000004 -0.056952163117076689 2.5000000000000004
decision_type=2 2 2 2 2 2 2 2 2 2 2 2 2 2 2 2 2 2 2 2 2 2 2 2 2 2 2 2 2
left_child=2 8 7 18 23 10 16 14 24 -7 -6 17 27 -14 15 -1 -5 -10 25 -8 -16 -20 -13 -4 -2 -3 -26 -9 -25
right_child=1 3 4 6 5 9 19 12 11 -11 -12 22 13 -15 20 -17 -18 -19 21 -21 -22 -23 -24 28 26 -27 -28 -29 -30
leaf_value=0.018456193830100682 0.0078324294875684302 -0.01360330253981923 0.019174146686989201 0.0016825886296659765 0.022352924138722717 0.0026054878365804317 0.0037094180453964088 0.027762509745209656 -0.020473780600655876 0.023706816081596919 -0.0049135081688004142 -0.018345590859501774 -0.0059814584225187928 0.0068807663937185248 0.016630407098471595 0.003311266992084198 -0.0037335047769501595 -0.0062263183857863731 0.0064898260075296468 0.015140150702901539 0.020737549504679979 -0.016685371604580137 -0.026592460822909784 0.018670353974825644 0.010116137339740946 -0.01691190608025829 -0.0093681344343289445 0.02789988803267824 0.020248047333201818
leaf_weight=42 11.999999999999998 23 9.9999999999999982 228 13.999999999999998 297 162 10.000000000000002 60 23 281 38 55 168 59 93 300 104 10.999999999999998 23 133 68 91 11.000000000000002 10.000000000000002 11.999999999999998 9.9999999999999982 9.9999999999999982 13.999999999999998
leaf_count=42 12 23 10 228 14 297 162 10 60 23 281 38 55 168 59 93 300 104 11 23 133 68 91 11 10 12 10 10 14
internal_value=0.00261788 -0.0169636 0.0211079 -0.0058523 0.00561957 0.0019303 0.000128076 0.0387701 -0.0452375 0.0188343 -0.0164063 -0.0520481 0.0206687 0.0151514 0.0522216 0.0358508 -0.00830163 -0.0367499 -0.0432559 0.0241869 0.0637323 -0.0312099 -0.071497 0.0704453 0.0171221 -0.0704453 0 0.0821862 0.0840125
internal_weight=2372 1152 1220 827 650 615 713 570 325 320 295 293 243 223 327 135 528 164 114 185 192 79 129 35 32 35 20 20 25
internal_count=2372 1152 1220 827 650 615 713 570 325 320 295 293 243 223 327 135 528 164 114 185 192 79 129 35 32 35 20 20 25
is_linear=0
shrinkage=0.0913179


Tree=16
num_leaves=28
num_cat=0
split_feature=10 5 1 1 1 0 1 1 1 0 5 1 16 0 5 11 1 0 14 26 0 5 23 0 0 10 0
split_gain=86.9285 43.4391 33.8648 24.682 30.0488 22.3214 17.4593 15.6597 14.6451 13.7582 10.6047 8.83051 7.88833 6.59214 6.5314 7.15133 5.25091 5.02314 4.0554 3.80278 3.32814 2.45961 1.89821 1.86751 1.82035 0.840336 0.0481605
threshold=0.31595530242620651 245.50000000000003 24.500000000000004 2.5000000000000004 13.500000000000002 2.5000000000000004 28.500000000000004 8.5000000000000018 1.5000000000000002 3.5000000000000004 20.500000000000004 8.5000000000000018 -0.70289845916694615 1.5000000000000002 362.50000000000006 0.93544191479114935 17.500000000000004 5.5000000000000009 -0.97602293887790914 14.500000000000002 1.0000000180025095e-35 286.50000000000006 1.0000000180025095e-35 4.5000000000000009 2.5000000000000004 -0.87810534180523914 2.5000000000000004
decision_type=2 2 2 2 2 2 2 2 2 2 2 2 2 2 2 2 2 2 2 2 2 2 2 2 2 2 2
left_child=1 3 7 22 9 16 -6 8 24 -5 19 23 -10 -12 15 18 21 -13 -4 -9 -18 -3 25 -7 -2 -1 -16
right_child=2 5 14 4 6 11 -8 10 12 -11 13 17 -14 -15 26 -17 20 -19 -20 -21 -22 -23 -24 -25 -26 -27 -28
leaf_value=0.014061048136931259 0.0099552417893747549 0.00099587744266154679 0.0033706815954132456 0.0030779772802105062 0.006828255505545236 -0.017668262240796373 0.03442334185640792 -0.019566180500833905 -0.012829696106349955 -0.0035085136282151804 0.0017876218993581993 -0.0060597829871210191 -0.021574670957477522 -0.0057704838522851494 0.014005510098025408 0.01941983291342211 0.0091892493591654092 0.0042253745882489362 -0.00092651154417079543 -0.014630765878963435 0.0042988079525810895 -0.010177516058013526 0.023382039746610777 -0.011386532147097736 -0.00054296800379149046 0.027331059602321479 0.011456990501160887
leaf_weight=11.999999999999998 10.999999999999998 85 36 199 565 29 102 32 47 152 119 101 177 290 10.000000000000002 11.999999999999998 13.999999999999998 34 136 40 30 14.999999999999998 10.999999999999998 28 21 51 12.999999999999998
leaf_count=12 11 85 36 199 565 29 102 32 47 152 119 101 177 290 10 12 14 34 136 40 30 15 11 28 21 51 13
internal_value=0.00254089 0.0167544 -0.0189601 0.0255891 0.0218876 -0.0119583 0.0332688 -0.0281264 -0.0463724 0.000260165 -0.0184155 -0.0323418 -0.0546277 -0.0127265 0.0136756 0.00794069 0.0152197 -0.0196164 0.00318551 -0.0507322 0.0415082 0.00365272 0.0765096 -0.0624807 0.0114147 0.082621 0.0595552
internal_weight=2372 1428 944 1092 1018 336 667 737 256 351 481 192 224 409 207 184 144 135 172 72 44 100 74 57 32 63 23
internal_count=2372 1428 944 1092 1018 336 667 737 256 351 481 192 224 409 207 184 144 135 172 72 44 100 74 57 32 63 23
is_linear=0
shrinkage=0.0913179


Tree=17
num_leaves=29
num_cat=0
split_feature=10 0 1 5 0 1 5 11 1 1 11 0 11 9 26 1 26 1 1 1 0 1 15 26 11 15 0 9
split_gain=79.8256 41.8292 31.3707 20.7084 29.6355 20.1785 15.8097 15.462 16.5204 15.089 12.8663 12.7168 9.60746 9.03653 8.01619 7.55717 6.41713 6.23377 5.72305 5.5479 4.89278 11.0047 3.75233 3.41643 2.90116 2.77126 1.54286 1.36364
threshold=0.47369649395226454 3.5000000000000004 9.5000000000000018 244.50000000000003 1.5000000000000002 27.500000000000004 26.500000000000004 -0.98803388382128643 1.5000000000000002 1.5000000000000002 0.27694220057652758 2.5000000000000004 -0.95244167294248061 -0.89406062840022227 13.500000000000002 23.500000000000004 -24.499999999999996 20.500000000000004 22.500000000000004 17.500000000000004 1.5000000000000002 6.5000000000000009 0.48314495079116865 25.500000000000004 0.14250626876356548 -1.0000000180025095e-35 1.5000000000000002 0.71503381463111937
decision_type=2 2 2 2 2 2 2 2 2 2 2 2 2 2 2 2 2 2 2 2 2 2 2 2 2 2 2 2
left_child=1 3 9 4 10 7 14 27 -9 25 -1 19 17 -7 26 -13 -14 -8 -6 -5 21 -11 -22 -16 -15 -2 -4 -3
right_child=2 5 6 11 18 13 12 8 -10 20 -12 15 16 24 23 -17 -18 -19 -20 -21 22 -23 -24 -25 -26 -27 -28 -29
leaf_value=0.0094131010619228263 -0.011034613992428801 0.014077390407657767 -0.0060607317807759549 0.00023171219320689546 0.013014459270012527 -0.0078167216408015563 -0.0026697521543122427 0.021246839820314476 -0.0026789330632114887 -0.019895854618727338 -0.0017995994915468961 -0.009782483918831136 0.010990340185045822 0.030377879866048233 -0.0082275952730343788 0.0068360346081113013 0.00088919500587958411 -0.017146488282027597 0.025565792810302818 0.0042282579586628705 -0.024465739425264064 0.0092062104087402147 -0.015742451583084231 -0.018271286488861224 0.0088981225969297847 0.0090461495217502401 -0.018759064713975739 0.003141542464932394
leaf_weight=185 12.999999999999998 12.000000000000002 11.999999999999998 103 233 13.999999999999998 77 19 547 45 141 45 10.999999999999998 37 43 13.999999999999998 334 33 95 75 88 19 73 19 28 19 28 9.9999999999999982
leaf_count=185 13 12 12 103 233 14 77 19 547 45 141 45 11 37 43 14 334 33 95 75 88 19 73 19 28 19 28 10
internal_value=0.0023099 0.0144186 -0.0208663 0.0273646 0.0357453 -0.00287508 -0.00868914 -0.00869695 -0.0116164 -0.0472579 0.0162468 0.00423839 -0.00140489 0.0404573 -0.0411826 -0.032503 0.00608786 -0.0249049 0.0551249 0.0164167 -0.0556025 -0.0342442 -0.0640927 -0.0206202 0.0547908 0.0114147 -0.0730544 0.0664131
internal_weight=2372 1558 814 891 654 667 557 588 566 257 326 237 455 79 102 59 345 110 328 178 225 64 161 62 65 32 40 22
internal_count=2372 1558 814 891 654 667 557 588 566 257 326 237 455 79 102 59 345 110 328 178 225 64 161 62 65 32 40 22
is_linear=0
shrinkage=0.0913179


Tree=18
num_leaves=27
num_cat=0
split_feature=10 5 1 0 1 1 0 5 1 16 13 1 17 0 1 1 0 13 24 1 26 0 1 0 3 0
split_gain=67.258 37.4182 28.3807 20.0692 15.3336 14.5474 13.916 13.8236 10.837 10.4137 10.3411 10.2343 9.69036 9.18367 8.74542 8.69245 7.21364 6.58503 5.47371 3.44781 2.9037 2.5763 2.39611 2.07269 1.26234 0.252525
threshold=0.45847758937963173 184.50000000000003 9.5000000000000018 3.5000000000000004 29.500000000000004 24.500000000000004 3.5000000000000004 20.500000000000004 1.5000000000000002 -0.70289845916694615 -0.9946729320988934 2.5000000000000004 1.0000000180025095e-35 1.5000000000000002 25.500000000000004 1.5000000000000002 1.5000000000000002 -0.8431462759492121 1.0000000180025095e-35 18.500000000000004 14.500000000000002 2.5000000000000004 2.5000000000000004 1.0000000180025095e-35 10.500000000000002 4.5000000000000009
decision_type=2 2 2 2 2 2 2 2 2 2 2 2 2 2 2 2 2 2 2 2 2 2 2 2 2 2
left_child=1 4 8 5 6 15 13 19 21 16 -5 -8 -12 -1 17 -3 -10 -9 -16 20 -4 -2 -11 -7 -23 -6
right_child=2 3 7 10 25 23 11 14 9 22 12 -13 -14 -15 18 -17 -18 -19 -20 -21 -22 24 -24 -25 -26 -27
leaf_value=0.0050387464354136888 0.0082200736959699948 0.020971636148693455 -0.017124617841185623 0.012984239809445051 0.041816382781019602 0.0067655908215594127 0.021995173176626522 -0.012842979994419055 0.0042682694515271931 -0.020031103320357759 -0.0087274359981348044 0.00047092847494221394 -0.00058314125932715894 0.014413270299896558 0.0032608634207178105 0.0002105527108341426 -0.013587026342529568 -0.0010430176919324057 -0.0011715318481485715 -0.015275475435058241 -0.0095295825857767778 0.0029919133210116748 -0.019691338110048379 0.013620394657840526 -0.011400805836017287 0.032632667048046626
leaf_weight=196 10.999999999999998 12.999999999999998 24 12.999999999999998 25 23 20 56 15.999999999999998 32 172 272 170 196 114 361 44 294 34 11.999999999999998 30 11.000000000000002 139 73 9.9999999999999982 10.999999999999998
leaf_count=196 11 13 24 13 25 23 20 56 16 32 172 272 170 196 114 361 44 294 34 12 30 11 139 73 10 11
internal_value=0.00169392 0.0129441 -0.0193236 -0.000332065 0.0281564 0.0120462 0.0250991 -0.00777174 -0.0440965 -0.0509957 -0.0167202 0.0100074 -0.0197589 0.0363408 -0.00256717 0.00390665 -0.0182636 -0.0104363 0.0160423 -0.0470426 -0.0372036 0.00570737 -0.0624807 0.0437565 -0.0130454 0.0862447
internal_weight=2372 1545 827 825 720 470 684 564 263 231 355 292 342 392 498 374 60 350 148 66 54 32 171 96 21 36
internal_count=2372 1545 827 825 720 470 684 564 263 231 355 292 342 392 498 374 60 350 148 66 54 32 171 96 21 36
is_linear=0
shrinkage=0.0913179


Tree=19
num_leaves=22
num_cat=0
split_feature=10 5 13 5 16 5 26 7 15 9 15 17 5 5 9 5 13 2 17 3 13
split_gain=59.6144 34.8752 16.6653 14.4223 12.7352 11.8714 11.0653 9.51474 8.36067 12.4664 8.15821 7.37806 6.22593 5.12169 3.84127 3.6 2.48889 1.39918 0.964286 0.685714 0.19697
threshold=0.47369649395226454 184.50000000000003 -0.97009963647103548 20.500000000000004 0.98520383827091973 362.50000000000006 -25.499999999999996 1.0000000180025095e-35 0.94135275643221283 0.80417553764032002 -0.86976336936302323 1.0000000180025095e-35 2.5000000000000004 6.5000000000000009 0.29342972903661901 114.50000000000001 -0.9946729320988934 39.500000000000007 1.0000000180025095e-35 7.5000000000000009 0.074117039608866217
decision_type=2 2 2 2 2 2 2 2 2 2 2 2 2 2 2 2 2 2 2 2 2
left_child=1 7 16 12 11 6 -5 8 9 -1 -8 -4 -2 -14 -15 -10 18 -6 -3 -18 -9
right_child=3 2 4 5 17 -7 10 20 15 -11 -12 -13 13 14 -16 -17 19 -19 -20 -21 -22
leaf_value=0.0088895411488080864 0.0046313797180653074 0.010268134248280649 -0.0018919239655867909 0.0069133642089744219 -0.014351766563035218 0.012099653893768676 -0.01658033317511505 0.028048478379585094 0.0091886296353683138 0.001476367295052673 -0.0028931440742223638 0.001782803541920346 -0.018576160844981506 -0.013263693972927744 -0.013880550339705816 0.026621652471038978 0.013017116774218879 -0.011210066205820336 0.018803568036605912 0.0046830974387509824 0.027287194420490504
leaf_weight=318 11.999999999999998 15.999999999999998 364 13.999999999999998 22 23 115 13.000000000000002 24 324 542 357 24 72 11.999999999999998 36 21 26 12.000000000000002 13.999999999999998 10.999999999999998
leaf_count=318 12 16 364 14 22 23 115 13 24 324 542 357 24 72 12 36 21 26 12 14 11
internal_value=0.00207891 0.012543 -0.000219514 -0.0179495 -0.00391872 -0.012895 -0.0151062 0.027169 0.025236 0.0221894 -0.0168181 -0.000886582 -0.0471809 -0.0541143 -0.0434847 0.0578347 0.0449342 -0.0494639 0.0652271 0.0286999 0.0837081
internal_weight=2372 1558 832 814 769 694 671 726 702 642 657 721 120 108 84 60 63 48 28 35 24
internal_count=2372 1558 832 814 769 694 671 726 702 642 657 721 120 108 84 60 63 48 28 35 24
is_linear=0
shrinkage=0.0913179


Tree=20
num_leaves=20
num_cat=0
split_feature=5 5 7 8 14 23 5 26 13 14 5 13 14 9 13 26 14 26 5
split_gain=37.8862 46.7154 18.0188 16.7443 14.272 13.5772 8.29474 7.88228 7.34156 7.86687 4.82593 4.48797 3.87879 3.75 3.27614 5.09697 3.18561 1.83715 0.997403
threshold=42.500000000000007 245.50000000000003 1.0000000180025095e-35 1.0000000180025095e-35 -0.98371105771731127 1.0000000180025095e-35 362.50000000000006 8.5000000000000018 -0.99591939645432925 0.90802297599532811 20.500000000000004 0.95998215779580554 -0.074115882986646578 0.29342972903661901 0.97086220929134248 2.5000000000000004 -0.12545862287572043 2.5000000000000004 30.500000000000004
decision_type=2 2 2 2 2 2 2 2 2 2 2 2 2 2 2 2 2 2 2
left_child=5 2 3 4 -2 7 8 14 -3 -10 13 -12 -4 -9 17 -16 -5 -1 -7
right_child=1 6 12 16 -6 18 -8 10 9 -11 11 -13 -14 -15 15 -17 -18 -19 -20
leaf_value=-0.013394815870631844 -0.012933143732885757 -0.016772179534929241 0.0081175029624016865 0.0057098349505883168 0.0034434655744215083 0.011410308090840642 0.010994738309749542 -0.014385905456520633 -0.0020515546861348622 -0.0091481525965517087 0.0034436710525028065 -0.0016251394914522648 0.026549364020512081 -0.015190691776270911 -0.01055827152160404 0.0035651876735684428 0.029553494739260836 -0.017562794359232234 0.0042922890266104529
leaf_weight=65 62 21 11.999999999999998 11.999999999999998 1128 11.000000000000002 23 54 714 84 29 34 32 9.9999999999999982 10.000000000000002 11.999999999999998 32 17 9.9999999999999982
leaf_count=65 62 21 12 12 1128 11 23 54 714 84 29 34 32 10 10 12 32 17 10
internal_value=0.0023099 0.00628888 0.0172918 0.0152443 0.0131989 -0.0311641 -0.0104115 -0.037555 -0.0119304 -0.0105279 -0.0222902 -0.00434847 0.0747147 -0.0399516 -0.0561957 -0.0249049 0.0705639 -0.0645907 0.0391363
internal_weight=2372 2120 1278 1234 1190 252 842 231 819 798 127 63 44 64 104 22 44 82 21
internal_count=2372 2120 1278 1234 1190 252 842 231 819 798 127 63 44 64 104 22 44 82 21
is_linear=0
shrinkage=0.0913179


Tree=21
num_leaves=27
num_cat=0
split_feature=1 10 1 0 0 1 11 10 3 1 0 15 10 1 11 15 0 13 0 5 15 15 9 15 0 4
split_gain=42.7431 32.4143 24.1945 23.2239 14.3914 10.9437 10.6365 9.24517 10.6371 8.72547 7.61902 7.42563 8.87956 7.29704 6.00646 5.18617 4.86278 3.72721 3.34773 2.78907 2.77126 2.21685 1.91571 0.936525 0.275 0.225705
threshold=24.500000000000004 0.41202506375868281 1.5000000000000002 3.5000000000000004 1.0000000180025095e-35 9.5000000000000018 -0.98803388382128643 0.063390085881955258 4.5000000000000009 1.5000000000000002 3.5000000000000004 -0.59610264902196819 0.94636490295939868 4.5000000000000009 0.93544191479114935 -0.69365844210389216 1.0000000180025095e-35 0.21127135955888851 2.5000000000000004 350.50000000000006 -1.0000000180025095e-35 -0.29034830883029883 -0.49064630004295678 0.99049901459377832 1.5000000000000002 2.5000000000000004
decision_type=2 2 2 2 2 2 2 2 2 2 2 2 2 2 2 2 2 2 2 2 2 2 2 2 2 2
left_child=1 2 22 4 -4 9 -5 8 23 20 16 19 -13 -11 17 -12 -10 21 -19 -7 -3 -9 -1 24 -2 -24
right_child=7 5 3 6 -6 11 -8 14 10 13 15 12 -14 -15 -16 -17 -18 18 -20 -21 -22 -23 25 -25 -26 -27
leaf_value=0.016453725236248346 0.028546104598287048 -0.0071900604265660957 -0.0010786221081204327 0.0071813460184379551 0.0046876472673149467 -0.00030684836979029341 -0.0027748659324576693 0.00068783556376627154 0.0047056964833045879 -0.018877622645742109 0.02165205480845421 -0.002103685167550059 -0.012233590455512276 -0.0090300797732543528 0.016470342706610425 -0.00013101857012809878 0.018487675304125147 0.0073775428882667119 -0.008869058391590183 0.0030343195657442984 0.0060045393825216495 0.0064350663318023587 0.024842187464798021 0.013773636301977761 0.030950882982415658 0.016129754354304006
leaf_weight=15.999999999999998 9.9999999999999982 12.999999999999998 165 22 496 47 470 103 30 96 15.999999999999998 219 82 153 11.999999999999998 78 94 27 41 42 19 53 18 17 22 11.000000000000002
leaf_count=16 10 13 165 22 496 47 470 103 30 96 16 219 82 153 12 78 94 27 41 42 19 53 18 17 22 11
internal_value=0.00269488 -0.00366444 0.00533577 0.00277201 0.0139533 -0.0197334 -0.01225 0.0263243 0.0379636 -0.0334724 0.0293223 -0.00983424 -0.016686 -0.039241 0.013156 0.00971468 0.0441861 0.00978407 -0.00805747 0.0133386 0.0114147 0.0175611 0.0710251 0.0764089 0.0856106 0.0850202
internal_weight=2372 1869 1198 1153 661 671 492 503 267 281 218 390 301 249 236 94 124 224 68 89 32 156 45 49 32 29
internal_count=2372 1869 1198 1153 661 671 492 503 267 281 218 390 301 249 236 94 124 224 68 89 32 156 45 49 32 29
is_linear=0
shrinkage=0.0913179


Tree=22
num_leaves=29
num_cat=1
split_feature=1 10 5 1 16 1 9 0 5 17 14 5 0 0 22 9 9 10 1 5 15 2 0 20 1 10 15 0
split_gain=35.66 29.7296 22.436 21.0484 18.7018 10.987 10.5211 9.33922 7.50317 7.50176 7.19144 6.90615 7.8276 6.85374 6.66777 6.35139 5.1382 4.58777 5.20955 4.95853 3.9636 5.53662 4.58619 3.24991 3.12713 2.01143 0.936525 0.275
threshold=24.500000000000004 0.45847758937963173 218.50000000000003 3.5000000000000004 0.97110348624087073 8.5000000000000018 0.80417553764032002 2.5000000000000004 88.500000000000014 1.0000000180025095e-35 0.99746264089885661 356.50000000000006 5.5000000000000009 2.5000000000000004 1.0000000180025095e-35 -0.85227431625818906 -0.83377653105606597 -0.056951011027366542 28.500000000000004 329.50000000000006 -0.69365844210389216 34.500000000000007 1.0000000180025095e-35 0 27.500000000000004 0.53312596302726967 0.99049901459377832 1.5000000000000002
decision_type=2 2 2 2 2 2 2 2 2 2 2 2 2 2 2 2 2 2 2 2 2 2 2 9 2 2 2 2
left_child=1 2 3 10 -5 15 9 23 13 20 -1 12 -7 25 -9 -3 -17 18 -11 -19 21 -2 -22 -4 -15 -8 27 -10
right_child=6 5 7 4 -6 11 8 14 26 17 -12 -13 -14 24 -16 16 -18 19 -20 -21 22 -23 -24 -25 -26 -27 -28 -29
leaf_value=0.013174575880028815 0.04022355079357353 0.012769761829470355 -0.0062932810282471333 0.0020869059783824276 -0.021366410509262992 -0.0037347064564507938 0.0055629304980133716 -0.0054234804835563803 0.025939332858317499 0.0084281561087438967 -2.4694252321115602e-05 -0.015384905396651672 0.0054793565650025789 0.007085999621531597 0.0037788977420984598 -0.029274220555244413 -0.010752152323069326 -0.0018372876176380138 0.023199660938122636 0.0039926850038953764 -0.0062277910080886009 -0.0020771465592778634 0.00089527610950487953 0.0016776447879637672 -0.0029309472130862155 0.016215459554875945 0.012515856076833988 0.028124511811250565
leaf_weight=80 14.000000000000002 11.999999999999998 23 629 30 343 14.000000000000002 228 9.9999999999999982 59 12.999999999999998 15.999999999999998 57 18.000000000000004 34 13.999999999999998 211 23 33 73 28 10.999999999999998 159 179 10.999999999999998 10.999999999999998 17 22
leaf_count=80 14 12 23 629 30 343 14 228 10 59 13 16 57 18 34 14 211 23 33 73 28 11 159 179 11 11 17 22
internal_value=0.00292587 -0.0028827 0.00555718 0.0153006 0.00956136 -0.0185992 0.0245088 -0.0102339 0.0505352 0.017807 0.0559691 -0.00965863 -0.00730544 0.0270572 -0.0216096 -0.0342924 -0.0377448 0.031087 0.045659 0.0171221 0.00603043 0.0401799 0.00146499 0.00452069 -0.00314889 0.0620962 0.0764089 0.0856106
internal_weight=2372 1869 1216 752 659 653 503 464 103 400 93 416 400 54 262 237 225 188 92 96 212 25 187 202 29 25 49 32
internal_count=2372 1869 1216 752 659 653 503 464 103 400 93 416 400 54 262 237 225 188 92 96 212 25 187 202 29 25 49 32
cat_boundaries=0 1
cat_threshold=1
is_linear=0
shrinkage=0.0913179


Tree=23
num_leaves=27
num_cat=1
split_feature=1 10 5 1 1 10 5 10 16 2 0 14 1 1 11 19 13 15 18 0 0 11 16 13 0 10
split_gain=31.0222 24.097 19.0565 22.3241 15.4902 10.2097 11.2563 9.16988 10.1544 8.29672 7.32078 7.19144 6.94391 6.47828 6.31481 6.35245 5.63186 5.60303 4.68811 4.67071 6.9887 4.57619 3.87831 2.50043 2.21645 1.00116
threshold=24.500000000000004 0.45847758937963173 218.50000000000003 3.5000000000000004 8.5000000000000018 0.98486764554468398 345.50000000000006 -0.056951011027366542 -0.69367648380978564 25.500000000000004 2.5000000000000004 0.99746264089885661 14.500000000000002 2.5000000000000004 0.93544191479114935 0 -0.96688789938088693 -0.22701068973476937 1.0000000180025095e-35 1.0000000180025095e-35 4.5000000000000009 0.19336742136696441 0.99083579680342215 0.99398759792145908 5.5000000000000009 -0.41399101439218416
decision_type=2 2 2 2 2 2 2 2 2 2 2 2 2 2 2 9 2 2 2 2 2 2 2 2 2 2
left_child=1 2 3 11 -5 6 16 8 19 25 23 -1 -12 -7 15 17 -3 -9 -11 -2 -21 -15 -17 -4 -8 -10
right_child=7 5 10 4 -6 13 24 14 9 18 12 -13 -14 21 -16 22 -18 -19 -20 20 -22 -23 -24 -25 -26 -27
leaf_value=0.011971500624282551 -0.0062908199443150008 -0.013993699615965803 0.0015244457058292888 -0.0045726304089749427 0.0035107110811032536 0.0036000279588588313 0.0022280372903976373 0.0016661131416326187 0.023586435756830521 0.0037700203000811503 -0.0066056205190823643 -2.2439223833114054e-05 -0.00084306007184770484 -0.013129825636135238 0.013902384045092763 -0.0002432776764339374 -0.0047694350656807072 0.017354965990603741 0.015065492757450127 0.019791800126044232 -0.0051224784715001052 -0.010024595599799398 -0.0016695102796350342 -0.010069742710137396 0.0118047351966513 0.011372933762852973
leaf_weight=80 9.9999999999999982 40 189 163 496 11.999999999999998 66 88 35 54 144 12.999999999999998 118 40 11.999999999999998 122 454 32 77 29 15.999999999999998 30 10.999999999999998 12.999999999999998 10.999999999999998 17
leaf_count=80 10 40 189 163 496 12 66 88 35 54 144 13 118 40 12 122 454 32 77 29 16 30 11 13 11 17
internal_value=0.00292587 -0.00249182 0.0051066 0.0140863 0.00817566 -0.0166414 -0.0123143 0.0230564 0.0360668 0.0464075 -0.00944668 0.0559691 -0.0195183 -0.0467726 0.0113717 0.00830163 -0.0173763 0.0224783 0.0341571 0.00166033 0.014205 -0.0573999 -0.00574728 0.00361655 0.0201611 0.077269
internal_weight=2372 1869 1216 752 659 653 571 503 238 183 464 93 262 82 265 253 494 120 131 55 45 70 133 202 77 52
internal_count=2372 1869 1216 752 659 653 571 503 238 183 464 93 262 82 265 253 494 120 131 55 45 70 133 202 77 52
cat_boundaries=0 1
cat_threshold=160
is_linear=0
shrinkage=0.0913179


Tree=24
num_leaves=19
num_cat=0
split_feature=10 1 1 5 9 1 9 15 6 14 13 9 1 22 1 1 1 14
split_gain=26.7712 18.0301 22.0184 13.8233 12.3157 18.3712 9.80724 9.17364 8.72608 10.2523 6.78557 5.62227 5.49233 5.24167 4.28148 4.2328 3.1746 0.730769
threshold=-0.048362832084465547 1.5000000000000002 15.500000000000002 20.500000000000004 0.99966190462023474 4.5000000000000009 -0.23537230790205757 0.80609824070534708 1.0000000180025095e-35 0.92842125052999713 -0.97603817029354423 -0.34235669412071196 28.500000000000004 1.0000000180025095e-35 2.5000000000000004 6.5000000000000009 18.500000000000004 1.0000000180025095e-35
decision_type=2 2 2 2 2 2 2 2 2 2 2 2 2 2 2 2 2 2
left_child=1 17 8 14 5 7 13 -5 10 -10 -3 -7 -8 -4 -2 -16 -17 -1
right_child=3 2 6 4 -6 11 12 -9 9 -11 -12 -13 -14 -15 15 16 -18 -19
leaf_value=0.011895642289343086 0.0032712807872809497 0.0062278185511187622 0.0013142140899787408 -0.012324256455373226 0.023619040318855478 -0.0015882896111801565 0.0072587783799529931 0.0012165902362313086 -0.0017346161799891033 -0.0094755830015211817 8.8691326407058834e-05 0.00083856159580164113 0.022501204403756254 0.0051710972996803529 -0.011751917754296209 -0.0088903142183429911 -0.0094140948082524368 0.021088796358386959
leaf_weight=12.999999999999998 11.999999999999998 26 261 115 18 427 239 24 122 28 345 519 42 54 24 72 11.999999999999998 19
leaf_count=13 12 26 261 115 18 427 239 24 122 28 345 519 42 54 24 72 12 19
internal_value=0.0023099 0.0123188 0.0103826 -0.00709338 -0.00389115 -0.005134 0.0223698 -0.036133 -0.00333021 -0.0219163 0.00418438 -0.000579184 0.0347723 0.011306 -0.0365272 -0.0422768 -0.0326136 0.0799032
internal_weight=2372 1149 1117 1223 1103 1085 596 139 521 150 371 946 281 315 120 108 84 32
internal_count=2372 1149 1117 1223 1103 1085 596 139 521 150 371 946 281 315 120 108 84 32
is_linear=0
shrinkage=0.0913179


Tree=25
num_leaves=23
num_cat=0
split_feature=10 0 5 7 5 13 16 0 13 13 0 16 0 13 9 0 5 0 0 14 0 2
split_gain=24.6087 21.1611 15.0947 13.2318 11.8212 8.81237 8.21927 7.41762 6.94549 5.82401 5.66495 7.5608 7.27084 5.6155 5.3804 4.05364 4.03333 4.55054 3.12111 3.00073 0.625108 0.265974
threshold=0.14888728888808322 3.5000000000000004 184.50000000000003 1.0000000180025095e-35 20.500000000000004 -0.98994109942595798 0.98520383827091973 1.0000000180025095e-35 -0.99591939645432925 0.7036627660344027 2.5000000000000004 -0.17223584483461449 5.5000000000000009 0.37447172655954958 -0.99630266176052629 2.5000000000000004 2.5000000000000004 1.0000000180025095e-35 5.5000000000000009 -0.0032254488771075993 3.5000000000000004 30.500000000000004
decision_type=2 2 2 2 2 2 2 2 2 2 2 2 2 2 2 2 2 2 2 2 2 2
left_child=1 2 7 5 16 21 14 9 20 -1 11 -10 -12 -7 -4 -9 -2 -18 -19 -8 -6 -3
right_child=4 3 6 -5 8 13 19 15 10 -11 12 -13 -14 -15 -16 -17 17 18 -20 -21 -22 -23
leaf_value=0.0039264702098913322 0.002972554133336666 0.013165278447789041 0.018813439725900567 0.0081222857079537147 -0.0088819317597538527 -0.0022674432101678476 -0.019996785763783748 0.012368869096883494 -0.0012569011874824464 -0.0014993865712431196 -0.0043362474889796854 0.0038214298267221481 0.0012498004140848948 0.00068694615539334101 0.0016331196141074146 0.0074421823898372097 0.0011707289470611723 -0.011163164204781745 -0.00024385697795513905 -0.00018897774995438796 -0.030904191775923323 0.0095149115035652945
leaf_weight=60 11.999999999999998 14 18 19 11.000000000000002 303 15.000000000000002 174 216 27 401 183 133 208 349 87 14.999999999999998 77 15.999999999999998 12.999999999999998 9.9999999999999982 11
leaf_count=60 12 14 18 19 11 303 15 174 216 27 401 183 133 208 349 87 15 77 16 13 10 11
internal_value=0.0022329 0.0106936 0.0207708 -0.00279713 -0.00799245 -0.00545182 0.00855383 0.0346378 -0.00459461 0.0115459 -0.00342565 0.00480621 -0.00957641 -0.0080417 0.0121923 0.0423351 -0.0350052 -0.0405858 -0.0481138 -0.0391363 -0.0565302 0.0474853
internal_weight=2372 1298 743 555 1074 536 395 348 954 87 933 399 534 511 367 261 120 108 93 28 21 25
internal_count=2372 1298 743 555 1074 536 395 348 954 87 933 399 534 511 367 261 120 108 93 28 21 25
is_linear=0
shrinkage=0.0913179


Tree=26
num_leaves=25
num_cat=0
split_feature=10 0 0 2 7 0 10 5 0 13 5 0 0 5 15 14 13 11 5 11 5 0 5 9
split_gain=20.7294 24.9237 13.9542 25.6385 10.6137 10.4489 9.50591 8.57348 7.45573 7.10203 6.64966 6.35264 8.53022 9.01547 6.23561 6.14714 5.75696 4.78895 3.68279 2.13333 1.76577 1.67921 3.96133 3.39842
threshold=0.47369649395226454 3.5000000000000004 1.0000000180025095e-35 35.500000000000007 1.0000000180025095e-35 1.5000000000000002 -0.6391983530350368 20.500000000000004 2.5000000000000004 -0.98132686700352856 184.50000000000003 1.5000000000000002 5.5000000000000009 362.50000000000006 -0.86976336936302323 -0.20812201737948546 -0.91072037282037865 0.92273069556937581 360.50000000000006 0.95566275305367776 94.500000000000014 1.0000000180025095e-35 2.5000000000000004 0.10837544681456417
decision_type=2 2 2 2 2 2 2 2 2 2 2 2 2 2 2 2 2 2 2 2 2 2 2 2
left_child=1 2 6 5 9 -4 10 21 -5 20 -1 17 13 -13 -14 -8 -11 18 -9 -19 -3 -2 -23 -24
right_child=7 4 3 8 -6 -7 15 11 -10 16 -12 12 14 -15 -16 -17 -18 19 -20 -21 -22 22 23 -25
leaf_value=0.00026557061075806003 -0.00013694711780869062 0.024101901690315029 0.0042519827930585343 0.0015317647874711377 0.0073805752313263126 0.011245563478379432 -0.0032519751071845623 -0.00066324471400796984 -0.0060662823699098511 -0.0055969014693717832 -0.0091720069339848442 -0.0064618927068078192 -0.021324041171090706 0.011439855210740327 0.00452712746725141 0.0037346543976982728 -0.00092239961260036428 0.010122181191072988 0.013769699600846135 0.0055502801492243112 0.0045242454685881055 0.0094477321739655021 -0.013382830775504629 -0.0092741845505912857
leaf_weight=45 17 11.999999999999998 162 119 19 329 46 148 58 49 49 384 17 11.999999999999998 83 83 562 9.9999999999999982 9.9999999999999982 30 25 9.9999999999999982 26 67
leaf_count=45 17 12 162 119 19 329 46 148 58 49 49 384 17 12 83 83 562 10 10 30 25 10 26 67
internal_value=0.00238689 0.00855739 0.0185506 0.0251534 -0.0047918 0.0358948 -0.00122849 -0.00942347 -0.00464329 -0.00676429 -0.0233152 -0.00552645 -0.0110465 -0.0170645 0.0127845 0.0148657 -0.00911685 0.00830163 0.00115592 0.0365272 0.0320847 -0.0319613 -0.0363499 -0.0422223
internal_weight=2372 1558 891 668 667 491 223 814 177 648 94 694 496 396 100 129 611 198 158 40 37 120 103 93
internal_count=2372 1558 891 668 667 491 223 814 177 648 94 694 496 396 100 129 611 198 158 40 37 120 103 93
is_linear=0
shrinkage=0.0913179


Tree=27
num_leaves=23
num_cat=0
split_feature=1 1 1 10 1 5 9 9 0 15 10 9 15 10 0 14 15 15 2 11 10 15
split_gain=26.4553 17.1621 16.8325 13.7888 10.6247 9.54547 9.14126 6.85841 6.41081 10.6075 6.26107 6.28495 6.125 5.65714 4.79447 4.34483 4.04897 5.51219 3.44312 2.78853 2.04848 1.36842
threshold=24.500000000000004 1.5000000000000002 9.5000000000000018 -0.82413948779581736 2.5000000000000004 356.50000000000006 0.9998375947443896 -0.35041564478062465 3.5000000000000004 0.98699576267654165 -0.99465740988130902 0.88621069759564464 0.99657283682005815 -0.022575793296316444 4.5000000000000009 0.97604324744969628 0.89690677264064533 -0.1563279112617614 12.500000000000002 -0.78326178756187226 0.046214085385334856 -0.11478702842286999
decision_type=2 2 2 2 2 2 2 2 2 2 2 2 2 2 2 2 2 2 2 2 2 2
left_child=1 13 3 4 -3 7 -5 -4 10 16 -2 15 -11 21 18 -12 17 -10 -15 -18 -13 -1
right_child=8 2 5 6 -6 -7 -8 -9 9 12 11 20 -14 14 -16 -17 19 -19 -20 -21 -22 -23
leaf_value=0.024169461259589031 0.021512133080746593 0.0060371393570310744 -0.001310689182228297 -0.0060343036265560878 -6.6077985043443282e-05 -0.01314597334070452 0.018575470949853144 0.0014324127449319992 0.0025983650337550492 -0.013710152183574929 0.0031384549825588287 0.022175649676058513 0.0005201871083297567 0.00084589980197070252 -0.0026531067004064443 0.0088449764160148988 0.016346481355932641 -0.004330514548208186 0.013756831408016123 0.0024634987755142099 0.0056213810433840333 0.010218641679836347
leaf_weight=12.999999999999998 12.999999999999998 19 441 476 116 15.999999999999998 10.999999999999998 713 126 15.999999999999998 203 24 15.999999999999998 12.000000000000002 13.999999999999998 29 12.999999999999998 14.999999999999998 19 28 20 19
leaf_count=13 13 19 441 476 116 16 11 713 126 16 203 24 16 12 14 29 13 15 19 28 20 19
internal_value=0.00192491 -0.00307813 -0.00489203 -0.0170304 0.00879358 0.00156099 -0.0241889 0.00253221 0.0205148 0.00853439 0.0293861 0.026469 -0.0399516 0.0391363 0.0182636 0.0204678 0.0170594 0.00971468 0.0382946 0.0423181 0.0581114 0.0684885
internal_weight=2372 1869 1792 622 135 1170 487 1154 503 214 289 276 32 77 45 232 182 141 31 41 44 32
internal_count=2372 1869 1792 622 135 1170 487 1154 503 214 289 276 32 77 45 232 182 141 31 41 44 32
is_linear=0
shrinkage=0.0913179


Tree=28
num_leaves=31
num_cat=0
split_feature=1 10 1 1 10 9 10 0 11 0 9 5 23 10 16 11 13 16 21 10 0 12 13 1 9 13 0 17 1 14
split_gain=23.2104 13.1596 13.3279 14.2555 7.81239 7.24444 7.7254 6.84163 7.90526 6.6275 6.5572 5.767 5.50898 5.1552 6.46438 5.6859 5.02159 4.61359 4.4342 4.39674 3.93939 3.80803 3.11003 2.99043 2.77306 2.18859 1.50346 4.21234 1.77165 1.4359
threshold=25.500000000000004 0.70138038092733435 1.5000000000000002 8.5000000000000018 -0.82413948779581736 -0.42180583328916638 0.98486764554468398 3.5000000000000004 -0.78326178756187226 1.5000000000000002 -0.13398594226331254 271.50000000000006 1.0000000180025095e-35 0.42763731121559989 -0.69367648380978564 0.056949529780582459 -0.11905811071747219 0.96294028059917813 19.000000000000004 -0.4755978891912595 1.5000000000000002 -0.54220090575550783 0.10944349140632857 28.500000000000004 -0.52766804058324157 1.0000000180025095e-35 3.5000000000000004 1.0000000180025095e-35 20.500000000000004 1.0000000180025095e-35
decision_type=2 2 2 2 2 2 2 2 2 2 2 2 2 2 2 2 2 2 2 2 2 2 2 2 2 2 2 2 2 2
left_child=1 2 19 4 -4 26 9 13 21 -7 -5 17 -8 14 20 -16 -13 -10 22 29 -2 -9 -15 -20 -23 -21 28 -28 -3 -1
right_child=7 5 3 10 -6 6 12 8 11 -11 -12 16 -14 18 15 -17 -18 -19 23 25 -22 24 -24 -25 -26 -27 27 -29 -30 -31
leaf_value=0.0092854962742992871 -0.0064128020689693836 -0.010601173906252866 0.00059040388242639213 -0.00017765911968209446 -0.0045348362269364388 0.0036021073465032794 -0.0094417475266199997 0.017377575365392441 0.00011229968939022969 -0.0043689261293637918 0.0028415116518832597 0.0074400690901149135 0.0045991669220162663 -0.0058357823299366746 0.021345657402007018 0.0079545767237137605 -0.0072879331310046775 0.017900103333003237 0.0020697857434811904 0.016275540360482545 0.022938409389055964 0.0022745972175749998 0.0013903745793443813 0.0093615282090777057 0.00012015055418595621 0.00034041055892277609 -0.014507885808581136 -0.0020454499475474845 -0.017130828152344405 0.020114417755678574
leaf_weight=13.000000000000002 15.000000000000002 40 122 518 289 83 76 9.9999999999999982 88 209 474 11.999999999999998 12.999999999999998 13.999999999999998 46 74 26 14.999999999999998 22 13.000000000000002 10.999999999999998 12.000000000000002 45 15.999999999999998 19 18 10.999999999999998 36 18 13.999999999999998
leaf_count=13 15 40 122 518 289 83 76 10 88 209 474 12 13 14 46 74 26 15 22 13 11 12 45 16 19 18 11 36 18 14
internal_value=0.00107795 -0.00314243 0.00118757 -0.000585789 -0.0148864 -0.0161591 -0.0103062 0.0204122 0.00702446 -0.00312733 0.00533915 -0.00323823 -0.0338595 0.0304393 0.0412807 0.0502249 -0.0336435 0.00797924 0.0141213 0.0440845 0 0.0423181 -0.00154776 0.0384497 0.0265117 0.0206202 -0.0373969 -0.0252582 -0.0472334 0.0710251
internal_weight=2372 1947 1461 1403 411 486 381 425 182 292 992 141 89 243 146 120 38 103 97 58 26 41 59 38 31 31 105 47 58 27
internal_count=2372 1947 1461 1403 411 486 381 425 182 292 992 141 89 243 146 120 38 103 97 58 26 41 59 38 31 31 105 47 58 27
is_linear=0
shrinkage=0.0913179


Tree=29
num_leaves=27
num_cat=0
split_feature=1 10 1 1 16 0 0 15 10 10 5 0 9 12 15 15 15 10 9 0 14 0 5 10 1 0
split_gain=18.8345 11.3335 9.73318 11.5748 7.8641 7.2314 5.72125 6.77925 5.45455 4.70717 7.74947 4.67406 4.50318 4.34068 4.23386 3.92076 3.62741 3.38567 3.24304 5.18012 2.44819 2.26573 1.5603 1.38506 0.823452 0.249351
threshold=25.500000000000004 0.689015599449598 1.5000000000000002 6.5000000000000009 0.99840062925627227 3.5000000000000004 3.5000000000000004 0.98699576267654165 0.39629089145655316 0.98486764554468398 345.50000000000006 1.0000000180025095e-35 0.88621069759564464 0.9890109280777819 0.89690677264064533 -0.13611963055546153 -0.80160084855791214 0.81304046271159414 -0.10837695015263894 5.5000000000000009 0.22071905835446473 3.5000000000000004 352.50000000000006 0.046214085385334856 29.500000000000004 2.5000000000000004
decision_type=2 2 2 2 2 2 2 2 2 2 2 2 2 2 2 2 2 2 2 2 2 2 2 2 2 2
left_child=1 2 16 4 -4 -5 12 14 -9 10 11 -3 13 17 15 -8 -1 -2 25 -20 -16 -18 -12 -14 -15 -11
right_child=6 9 3 5 -6 -7 7 8 -10 18 22 -13 23 24 20 -17 21 -19 19 -21 -22 -23 -24 -25 -26 -27
leaf_value=0.018277610369546129 0.0073108756696949398 0.0010624423531286711 -0.0055403122445712751 0.0021531540220083834 0.0043026136892593669 -0.0004655200025522211 0.0017204905716494074 -0.001711391737834496 -0.017912396367714991 -0.0092545708596997872 0.0012063521204631294 -0.0070235900641563535 0.021730854820952539 0.025539016702259519 0.0044073155036452602 -0.0037698967568067787 0.011766504174921182 -0.00058489030538772804 -0.0071639074910839519 0.0059433077221717028 0.011557630502060474 0.00050442736792967696 0.005820041214715254 0.0058242809737071802 0.004320874917783938 -0.014862929669659504
leaf_weight=13.999999999999998 137 49 266 629 27 468 107 12.000000000000002 9.9999999999999982 10.000000000000002 49 284 20 12.000000000000002 30 11.999999999999998 26 46 58 9.9999999999999982 10.999999999999998 18 28 17 10.999999999999998 10.999999999999998
leaf_count=14 137 49 266 629 27 468 107 12 10 10 49 284 20 12 30 12 26 46 58 10 11 18 28 17 11 11
internal_value=0.000846962 -0.00295482 0.00113517 -0.000394178 -0.0165183 0.00391244 0.0182636 0.00602096 -0.0415082 -0.0148232 -0.0106909 -0.0167279 0.027433 0.0221646 0.0125562 0.00383689 0.0377867 0.0174652 -0.0338595 -0.0241724 0.0378635 0.0249049 0.0154173 0.0567652 0.0595552 -0.0652271
internal_weight=2372 1947 1448 1390 293 1097 425 182 22 499 410 333 243 206 160 119 58 183 89 68 41 44 77 37 23 21
internal_count=2372 1947 1448 1390 293 1097 425 182 22 499 410 333 243 206 160 119 58 183 89 68 41 44 77 37 23 21
is_linear=0
shrinkage=0.0913179


Tree=30
num_leaves=24
num_cat=1
split_feature=1 0 15 19 16 16 12 5 9 15 13 0 13 16 10 12 5 15 9 0 17 0 15
split_gain=17.794 12.7405 9.15215 8.20602 8.88106 7.78588 6.66564 6.15784 8.05731 5.66667 5.56381 7.46876 5.55591 4.9713 4.79282 4.40627 4.33076 3.92365 3.06837 3.08794 0.978315 2.10804 0.8
threshold=27.500000000000004 2.5000000000000004 0.86438369386841762 0 -0.94139465211055529 -0.99592227455007054 0.7912140244565844 88.500000000000014 -0.056952163117076689 0.97580649958185817 0.21127135955888851 1.5000000000000002 -0.99866344543967311 -0.67802903493420741 0.97832380634958016 0.99803555425430601 231.50000000000003 -0.59610264902196819 -0.99866806308218525 5.5000000000000009 1.0000000180025095e-35 2.5000000000000004 0.9292323845064282
decision_type=2 2 2 9 2 2 2 2 2 2 2 2 2 2 2 2 2 2 2 2 2 2 2
left_child=1 2 10 4 5 -3 9 20 18 -4 11 -1 -5 -10 -12 -15 -14 -6 -9 -20 21 -2 -8
right_child=7 3 6 12 17 -7 22 8 13 -11 14 -13 16 15 -16 -17 -18 -19 19 -21 -22 -23 -24
leaf_value=-0.003275087539546871 -0.00056276819484899062 -0.0043207016360001013 0.010828840847967851 0.017232285597438481 -0.0011919888295206244 0.0042302256457020177 0.0016048991939095257 -0.0020081975000599854 -0.006129724464112269 0.0051341584381059445 0.0020684087660146409 0.0031826189027734163 0.00027196583475606005 0.01613562978697846 -0.0075420451579485829 0.0020627302424794406 0.0049003307953923428 -0.0040504914200720421 0.0015786036221938778 0.011564209836439217 -0.0020759583498380588 0.0061751087721115747 -0.0041754719832712084
leaf_weight=297 11.000000000000002 31 34 9.9999999999999982 322 80 10.000000000000002 15.999999999999998 10.999999999999998 68 319 143 252 75 21 9.9999999999999982 17 489 99 15.999999999999998 19 11.999999999999998 9.9999999999999982
leaf_count=297 11 31 34 10 322 80 10 16 11 68 319 143 252 75 21 10 17 489 99 16 19 12 10
internal_value=0.00130894 -0.00151979 0.0066818 -0.00767953 -0.0117577 0.0123403 0.0299403 0.0234236 0.0293666 0.0393921 0.00304393 -0.00373573 0.0060036 0.0494639 0.0118176 0.0569394 0.00373419 -0.0152009 0.0146388 0.0198517 -0.00869695 0.00397035 -0.0182636
internal_weight=2372 2103 902 1201 922 111 122 269 227 102 780 440 279 96 340 85 269 811 131 115 42 23 20
internal_count=2372 2103 902 1201 922 111 122 269 227 102 780 440 279 96 340 85 269 811 131 115 42 23 20
cat_boundaries=0 1
cat_threshold=137
is_linear=0
shrinkage=0.0913179


Tree=31
num_leaves=22
num_cat=0
split_feature=1 1 1 10 1 9 0 14 10 9 9 14 8 11 0 11 11 11 16 14 0
split_gain=12.1288 10.1769 14.0294 9.58066 18.905 9.61576 9.4068 7.64237 5.11934 5.09163 4.89279 4.38961 3.19376 3.18131 3.07302 4.29206 2.59174 4.19587 2.92208 0.685714 0.336597
threshold=27.500000000000004 1.5000000000000002 6.5000000000000009 -0.82413948779581736 3.5000000000000004 0.9998375947443896 2.5000000000000004 -0.9399179710378005 -0.056951011027366542 0.99818282439137029 -0.98803845231459231 0.99895983886342388 1.0000000180025095e-35 -0.049435780479547491 4.5000000000000009 0.86440767487108461 -0.91597725483594616 -0.78326178756187226 0.96294028059917813 0.093399895515124162 2.5000000000000004
decision_type=2 2 2 2 2 2 2 2 2 2 2 2 2 2 2 2 2 2 2 2 2
left_child=1 11 3 4 -3 -5 7 -4 16 12 -8 14 13 -10 15 -1 -2 20 -19 -14 -18
right_child=8 2 6 5 -6 -7 10 -9 9 -11 -12 -13 19 -15 -16 -17 17 18 -20 -21 -22
leaf_value=0.013169611126697563 -0.0055699705946542256 0.0060267389563152876 0.011308964461695645 -0.0080666367479625394 -0.0090538453065520837 0.015326786129432774 0.0033849944067598195 0.001252632480527384 0.0032226559768180211 0.021460649820480369 -0.00096345285793106837 0.01394492434984888 -0.0036432713250139749 -0.00048505911807715844 -0.00054333219421875641 -0.0039296103644805699 0.023839324595651759 0.0063889833448804514 0.014602295310379232 -0.0008859406431180318 0.015850966130229675
leaf_weight=35 10.999999999999998 38 39 281 58 10.999999999999998 33 663 54 12.999999999999998 903 13.999999999999998 28 41 18 9.9999999999999982 11.000000000000002 66 18 11.999999999999998 14.999999999999998
leaf_count=35 11 38 39 281 58 11 33 663 54 13 903 14 28 41 18 10 11 66 18 12 15
internal_value=0.00177092 -0.000564495 -0.00180292 -0.0174163 0.00760983 -0.0256441 0.00189549 0.00988627 0.0200288 0.00863818 -0.0040976 0.0320206 0.00338215 0.0124961 0.0217424 0.0344979 0.0339612 0.0381875 0.0282651 -0.0182636 0.0702446
internal_weight=2372 2103 2026 388 96 292 1638 702 269 148 936 77 135 95 63 45 121 110 84 40 26
internal_count=2372 2103 2026 388 96 292 1638 702 269 148 936 77 135 95 63 45 121 110 84 40 26
is_linear=0
shrinkage=0.0913179


Tree=32
num_leaves=21
num_cat=1
split_feature=9 10 15 1 11 14 1 14 10 6 1 19 13 1 10 1 2 1 1 13
split_gain=12.6329 14.0734 8.78525 8.34069 12.5335 9.72819 7.40444 6.58181 6.18319 3.7037 3.49587 4.33501 2.57979 2.46755 2.44499 1.91005 1.77778 1.27785 0.8 0.0745921
threshold=0.48314048284850658 -0.83375966452616657 0.85223490906209554 6.5000000000000009 0.84660111278280559 -0.99789924639000038 29.500000000000004 0.98484943023723592 -0.99761278905001471 1.0000000180025095e-35 27.500000000000004 0 0.98372640911059162 1.5000000000000002 -0.36648370705903521 2.5000000000000004 31.500000000000004 23.500000000000004 29.500000000000004 1.0000000180025095e-35
decision_type=2 2 2 2 2 2 2 2 2 2 2 9 2 2 2 2 2 2 2 2
left_child=3 18 6 4 5 19 7 -3 -5 16 11 -10 -12 -7 15 -4 -6 -16 -2 -1
right_child=1 2 14 8 9 13 -8 -9 10 -11 12 -13 -14 -15 17 -17 -18 -19 -20 -21
leaf_value=0.0057045913227549349 0.02112160289163004 0.0005393872765361256 0.0058586731947278996 0.013208981794179637 0.0069524763412649208 -0.00057088139985279928 0.022306448689033198 -0.014545126716943812 0.003115240079589787 -0.00031809442899022393 0.0036981967647928132 -0.00094397267859049549 -0.00054496268919602422 -0.0092749994496135069 0.004981795661225084 0.0096506150534252429 0.0059045271494755774 -0.004912171155460698 0.026102530108999652 0.0030510598187465307
leaf_weight=13.000000000000002 18.000000000000004 582 11.999999999999998 12.999999999999998 18 25 11.999999999999998 18 126 18 143 1008 34 201 37 42 18 10.999999999999998 11.999999999999998 10.999999999999998
leaf_count=13 18 582 12 13 18 25 12 18 126 18 143 1008 34 201 37 42 18 11 12 11
internal_value=0.00192491 0.011783 0.00920853 -0.00258024 -0.016221 -0.0248385 0.00507322 0.00365272 0.00055177 0.023675 -6.96552e-05 -0.00193266 0.0118662 -0.0307087 0.0340204 0.04735 0.0405858 0.0190246 0.0730544 0.0304393
internal_weight=2372 744 714 1628 304 250 612 600 1324 54 1311 1134 177 226 102 54 36 48 30 24
internal_count=2372 744 714 1628 304 250 612 600 1324 54 1311 1134 177 226 102 54 36 48 30 24
cat_boundaries=0 1
cat_threshold=4
is_linear=0
shrinkage=0.0913179


Tree=33
num_leaves=25
num_cat=2
split_feature=1 9 25 19 5 0 0 1 18 13 11 0 9 9 1 14 10 19 5 16 14 21 15 12
split_gain=11.4194 8.80161 8.57655 6.54703 9.65387 9.82123 7.44406 5.99003 5.75857 5.6679 5.57439 5.31205 4.92987 4.07749 9.10228 6.47777 4.68022 3.44646 3.21111 2.84529 2.18427 1.96923 1.56923 1.02424
threshold=25.500000000000004 0.35846314187849704 1.0000000180025095e-35 0 234.50000000000003 1.0000000180025095e-35 2.5000000000000004 17.500000000000004 1.0000000180025095e-35 0.99768613338197654 -0.77245553105869302 5.5000000000000009 0.99966190462023474 0.51297097409535064 29.500000000000004 0.95436825032516992 -0.99761278905001471 1 58.500000000000007 0.93469109537144635 -0.099820482704478186 13.500000000000002 -0.15951315977791497 0.48877522411129343
decision_type=2 2 2 9 2 2 2 2 2 2 2 2 2 2 2 2 2 9 2 2 2 2 2 2
left_child=1 3 9 6 5 -5 10 8 -4 12 -1 -8 -3 16 15 18 -2 19 -15 -18 -19 -9 -16 -11
right_child=13 2 7 4 -6 -7 11 21 -10 23 -12 -13 -14 14 22 -17 17 20 -20 -21 -22 -23 -24 -25
leaf_value=-0.0065168869229145065 0.012002764660900328 0.0016048982172009139 -0.00093637597057320051 -0.0084922766531265736 0.0085723521795410765 0.0028119469948834773 -0.0038546714827741337 -0.00030409961188630866 -0.0095757571016965599 0.0088738184975890901 0.0010173240556477611 -0.00051232201542523016 0.013877919706564747 0.0087335940424180421 0.023075010939165735 0.011046053129890224 7.3383464328920418e-05 0.0076544740358423331 -0.0013578899611872252 -0.0036485485852190891 0.0035546924569132133 0.0082271844198029114 0.0089933577525400515 0.022671639414548153
leaf_weight=90 12.999999999999998 484 83 31 14.999999999999998 185 442 32 25 10.000000000000002 354 147 17 11.999999999999998 17.000000000000004 19 143 29 60 17 102 20 12.999999999999998 11.999999999999998
leaf_count=90 13 484 83 31 15 185 442 32 25 10 354 147 17 12 17 19 143 29 60 17 102 20 13 12
internal_value=0.00169392 -0.00126635 0.00708617 -0.00577962 0.00795717 0.00338215 -0.00884287 -0.0114147 -0.023675 0.0127461 0 -0.0156589 0.010754 0.0152555 0.0294331 0.0150524 0.00961242 0.00721757 0.00253661 -0.00214866 0.0174864 0.0140489 0.0730544 0.0581114
internal_weight=2372 1947 683 1264 231 216 1033 160 108 523 444 589 501 425 121 91 304 291 72 160 131 52 30 22
internal_count=2372 1947 683 1264 231 216 1033 160 108 523 444 589 501 425 121 91 304 291 72 160 131 52 30 22
cat_boundaries=0 1 2
cat_threshold=137 12
is_linear=0
shrinkage=0.0913179


Tree=34
num_leaves=21
num_cat=0
split_feature=1 0 15 2 14 14 10 9 1 10 26 0 15 26 2 11 9 11 11 16
split_gain=9.9406 7.56706 8.77473 6.192 5.63189 10.0999 5.51429 5.5625 5.25128 7.83683 5.10664 4.4944 4.32175 3.79608 2.77063 3.27276 2.4641 2.40992 3.35238 2.46154
threshold=27.500000000000004 2.5000000000000004 0.86438369386841762 15.500000000000002 0.99945907105059761 0.94843163125622032 -0.056951011027366542 0.99818282439137029 5.5000000000000009 0.87291090774974645 -28.499999999999996 1.0000000180025095e-35 -0.59610264902196819 11.500000000000002 4.5000000000000009 -0.015051239303264049 0.82414472752956958 -0.91597725483594616 -0.82415234898030387 0.96294028059917813
decision_type=2 2 2 2 2 2 2 2 2 2 2 2 2 2 2 2 2 2 2 2
left_child=1 2 8 13 5 10 17 14 9 -1 -3 -5 -10 -4 -8 -16 -7 -2 -19 -20
right_child=6 4 3 11 -6 16 7 -9 12 -11 -12 -13 -14 -15 15 -17 -18 18 19 -21
leaf_value=-0.00064370823511065035 -0.0049865883139403044 0.01104346244614013 -0.0058400840140905835 0.004908648266272163 0.0083339200275764878 -0.0065116002362386053 0.0073822466794431444 0.016642673136541889 0.0021886652204054875 -0.012820756994219225 -0.00068906890917695403 0.008176875063468203 6.347369822299607e-05 0.0023841926763845155 0.00085668952843222603 -0.0018187685056723776 -0.00038155926631122612 0.017384580554296918 0.0068565464257110808 0.010966558652481972
leaf_weight=132 10.999999999999998 10.999999999999998 10.000000000000002 29 13.999999999999998 58 13.999999999999998 12.999999999999998 210 24 1095 66 414 17 69 52 23 13.999999999999998 78 18
leaf_count=132 11 11 10 29 14 58 14 13 210 24 1095 66 414 17 69 52 23 14 78 18
internal_value=0.00146294 -0.000651341 0.00566941 0.0284433 -0.00539848 -0.00607761 0.017992 0.00617013 0.00210734 -0.0128782 -0.00379803 0.0394109 0.00585371 -0.0101464 0.000676429 -0.00377347 -0.0372036 0.0324518 0.0365272 0.0304393
internal_weight=2372 2103 902 122 1201 1187 269 148 780 156 1106 95 624 27 135 121 81 121 110 96
internal_count=2372 2103 902 122 1201 1187 269 148 780 156 1106 95 624 27 135 121 81 121 110 96
is_linear=0
shrinkage=0.0913179


Tree=35
num_leaves=28
num_cat=0
split_feature=10 5 1 16 1 1 1 1 0 17 0 0 9 0 9 16 10 26 0 11 9 2 16 2 17 16 9
split_gain=8.76496 11.8403 10.5672 10.3353 7.94845 7.50715 6.20259 7.225 5.68097 6.91278 4.41771 4.29224 6.8579 5.41442 9.8968 8.73886 2.62966 4.68167 2.92557 2.61292 1.6019 3.35404 1.29924 1.05236 0.896296 0.339394 0.201026
threshold=0.14888728888808322 184.50000000000003 28.500000000000004 0.99464131285206159 3.5000000000000004 4.5000000000000009 5.5000000000000009 1.5000000000000002 3.5000000000000004 1.0000000180025095e-35 1.5000000000000002 1.5000000000000002 0.94978112945126536 5.5000000000000009 0.78325454425165997 -0.15950993297387622 0.87291090774974645 2.5000000000000004 2.5000000000000004 0.92273069556937581 0.55656748448714433 17.500000000000004 -0.5421908776504708 26.500000000000004 1.0000000180025095e-35 -0.48313741114591613 0.51297097409535064
decision_type=2 2 2 2 2 2 2 2 2 2 2 2 2 2 2 2 2 2 2 2 2 2 2 2 2 2 2
left_child=1 2 4 8 23 -6 7 22 10 -10 -3 12 19 14 -13 -15 17 -9 -18 -8 26 -22 -2 -1 -5 -24 -4
right_child=6 3 20 24 5 -7 11 16 9 -11 -12 13 -14 15 -16 -17 18 -19 -20 -21 21 -23 25 -25 -26 -27 -28
leaf_value=0.0094908503340200012 -0.00058320773842595978 -0.00055988000984025872 0.0099651150025583998 -0.018436136524677911 -0.017474784832198449 0.0022850660581953826 0.00081477959073212648 -0.0092592526167825685 -0.0048521375330808688 0.00027999802756359252 0.0025255055257758928 -0.0038091874226726967 -0.0046936590053757929 0.006186274404519054 0.0036549146503220432 -0.0010292259592825071 -0.013588978172874914 0.0017985306507556265 -0.0058033668903327571 0.004423089194906772 0.01156629283234635 0.0018313708736313163 0.0019583756363342874 0.0024641919353108762 -0.0089743569148728313 0.0049890231648954137 0.017629462700174774
leaf_weight=59 10.999999999999998 189 12.000000000000002 12 18 457 205 65 116 170 190 440 17 55 85 74 21 15.999999999999998 26 38 23 11.999999999999998 9.9999999999999982 11.999999999999998 15 11.000000000000002 12.999999999999998
leaf_count=59 11 189 12 12 18 457 205 65 116 170 190 440 17 55 85 74 21 16 26 38 23 12 10 12 15 11 13
internal_value=0.00100096 0.00605034 0.0153703 -0.0021114 0.0113729 0.00711319 -0.00510156 -0.021688 0.00013732 -0.00957881 0.00746928 -0.00219803 0.0077269 -0.00614372 -0.0102624 0.0106184 -0.0313905 -0.0214203 -0.0485734 0.0116496 0.0517468 0.0391363 0.0171221 0.0398712 -0.0574965 0.0304393 0.0694016
internal_weight=2372 1298 606 692 546 475 1074 160 665 286 379 914 260 654 525 129 128 81 47 243 60 35 32 71 27 21 25
internal_count=2372 1298 606 692 546 475 1074 160 665 286 379 914 260 654 525 129 128 81 47 243 60 35 32 71 27 21 25
is_linear=0
shrinkage=0.0913179


Tree=36
num_leaves=25
num_cat=1
split_feature=9 26 19 9 0 14 9 26 26 13 16 0 13 2 2 0 21 0 2 15 0 15 16 0
split_gain=6.52564 7.42976 5.98787 7.91195 6.06442 4.82143 6.00889 6.10159 5.08189 4.19491 3.69605 3.375 3.36096 4.31344 5.54531 3.76988 9.44341 6.24704 2.91818 3.12516 7.08569 5.93939 0.820455 0.734148
threshold=0.35846314187849704 -4.4999999999999991 0 -0.99940763397299126 2.5000000000000004 -0.75860677497576967 0.82414472752956958 -9.4999999999999982 -14.499999999999998 0.58568355321212728 -0.90713695618521706 4.5000000000000009 0.9916835347852474 5.5000000000000009 22.500000000000004 3.5000000000000004 13.500000000000002 1.5000000000000002 25.500000000000004 0.75014982656592355 4.5000000000000009 0.091260247011684809 -0.9852197825664103 2.5000000000000004
decision_type=2 2 9 2 2 2 2 2 2 2 2 2 2 2 2 2 2 2 2 2 2 2 2 2
left_child=2 5 3 -1 9 6 7 -2 -8 -5 -6 22 15 23 -15 17 -17 -3 -4 21 -21 -20 -7 -14
right_child=1 12 18 4 10 11 8 -9 -10 -11 -12 -13 13 14 -16 16 -18 -19 19 20 -22 -23 -24 -25
leaf_value=-0.013795363608407317 0.0036116072838561272 0.00036952266964930053 0.010499081168905782 -0.00026741834613359965 0.00098888731839723927 -0.012673154519260887 -0.0023012232879522001 -0.0088232767513102724 0.0066724071278212345 0.0024929561901028611 -0.0026363473816694129 0.00065811540084639939 0.0048641243439513249 0.022205011378252665 8.8679831486323068e-05 -0.00037194368716072558 0.013095858622014584 0.0064126208776067615 0.0013279513851725381 0.0086557214104033657 -0.00060692901346583205 -0.0034601565495752072 -0.0059190058026428781 -0.0040960618054195546
leaf_weight=12.999999999999998 35 175 9.9999999999999982 345 76 9.9999999999999947 64 9.9999999999999982 10.999999999999998 103 522 15.999999999999998 11.000000000000002 21 10.000000000000002 249 12.999999999999998 176 297 48 19 99 22.000000000000004 17
leaf_count=13 35 175 10 345 76 10 64 10 11 103 522 16 11 21 10 249 13 176 297 48 19 99 22 17
internal_value=0.000923959 0.00739241 -0.00262271 -0.00640678 -0.00558733 -0.00978407 0 0.0263807 -0.0158284 0.00244602 -0.0116056 -0.0342442 0.0116865 0.032503 0.0559691 0.00968298 0.00139417 0.0158701 0.00586099 0.00493077 0.0231702 0.00184481 -0.0513663 0.00652271
internal_weight=2372 840 1532 1059 1046 168 120 45 75 448 598 48 672 59 31 613 262 351 473 463 67 396 32 28
internal_count=2372 840 1532 1059 1046 168 120 45 75 448 598 48 672 59 31 613 262 351 473 463 67 396 32 28
cat_boundaries=0 1
cat_threshold=136
is_linear=0
shrinkage=0.0913179


Tree=37
num_leaves=20
num_cat=1
split_feature=10 1 0 0 5 10 9 12 1 1 16 11 0 11 1 15 18 0 20
split_gain=7.15946 8.18095 7.79686 13.583 17.2054 10.3679 6.14807 5.53799 5.12822 7.52083 3.42459 4.25399 3.22623 3.11972 3.10488 1.89633 1.96238 1.77289 1.22549
threshold=0.14888728888808322 30.500000000000004 1.0000000180025095e-35 3.5000000000000004 238.50000000000003 -0.6391983530350368 0.99818282439137029 -0.99467580659249177 3.5000000000000004 1.5000000000000002 -0.99938741687870725 -0.99054481509840819 4.5000000000000009 0.92023804793023134 5.5000000000000009 0.80609824070534708 1.0000000180025095e-35 3.5000000000000004 0
decision_type=2 2 2 2 2 2 2 2 2 2 2 2 2 2 2 2 2 2 9
left_child=1 2 5 4 -4 14 -5 -7 9 18 -10 12 -12 -13 -1 16 -11 -3 -2
right_child=8 17 3 6 -6 7 -8 -9 10 15 11 13 -14 -15 -16 -17 -18 -19 -20
leaf_value=0.0018826251127632197 -0.00024299825108873416 0.01822310667686744 0.005745034438481276 -0.00047230677225082392 -0.001906647464230801 -0.0008080670864457363 0.010544047821698845 0.0022519201226433709 -0.0086504786321802869 -0.020605066480554539 0.0015333280051802922 -0.00091336656415157158 0.0091508607513778682 0.0014402412422500474 -0.0061019337508804823 -0.00081581570255310045 -0.0098030142568122629 0.003975018841236579 0.0045578558941921634
leaf_weight=12.999999999999998 17 14.000000000000002 413 528 134 9.9999999999999982 14.999999999999998 79 12.999999999999998 33 36 778 12.999999999999998 138 80 10.999999999999998 20 11.999999999999998 14.999999999999998
leaf_count=13 17 14 413 528 134 10 15 79 13 33 36 778 13 138 80 11 20 12 15
internal_value=0.000923959 0.00548752 0.00445103 0.00737246 0.017529 -0.0130454 -0.00285894 0.0092344 -0.00459141 -0.0247319 -0.00261442 -0.00198723 0.0242272 -0.00338953 -0.034367 -0.0428053 -0.0499664 0.0561957 0.0114147
internal_weight=2372 1298 1272 1090 547 182 543 89 1074 96 978 965 49 916 93 64 53 26 32
internal_count=2372 1298 1272 1090 547 182 543 89 1074 96 978 965 49 916 93 64 53 26 32
cat_boundaries=0 1
cat_threshold=8
is_linear=0
shrinkage=0.0913179


Tree=38
num_leaves=25
num_cat=0
split_feature=1 10 0 15 12 15 14 1 10 11 0 0 0 13 15 0 15 26 13 13 0 21 10 0
split_gain=8.1366 5.86626 5.37033 7.73844 8.47117 5.18237 7.43108 5.09964 3.77783 3.73576 4.58705 3.62239 3.47874 2.81801 4.38742 5.12671 3.22302 2.81612 2.75391 2.56135 1.56806 1.50713 1.50026 0.00692641
threshold=27.500000000000004 0.98486764554468398 2.5000000000000004 0.86438369386841762 0.7912140244565844 0.8697593477501786 0.94210034831732103 6.5000000000000009 -0.056951011027366542 -0.21967031843447341 5.5000000000000009 3.5000000000000004 1.5000000000000002 -0.016126489383873798 -0.22701068973476937 4.5000000000000009 0.8749942490873206 11.500000000000002 0.97876397852965835 0.22700964008248717 2.5000000000000004 19.000000000000004 -0.022575793296316444 2.5000000000000004
decision_type=2 2 2 2 2 2 2 2 2 2 2 2 2 2 2 2 2 2 2 2 2 2 2 2
left_child=1 2 3 7 -5 6 -4 -1 18 23 12 -7 -11 14 21 -16 22 -18 19 20 -2 -10 -15 -3
right_child=8 9 5 4 -6 11 -8 -9 13 10 -12 -13 -14 16 15 -17 17 -19 -20 -21 -22 -23 -24 -25
leaf_value=-0.001014861768189806 0.004221759101116775 -0.0082038477056286131 0.00010733874114880564 0.0056562653000753983 -0.0033610837064625603 0.00072293893277880961 -0.0040762856193185615 0.000861164064437828 -0.0024478662157654671 0.0024949221427837411 0.0089156226712576309 -0.0024165558093497122 -0.0076424050454875717 -0.0010656245917489004 0.011817004078623777 -0.00010539001179176902 0.0029145009392119352 -0.0022711421727477699 0.014269511931645275 -0.0035589049169344037 0.0079225738042965586 0.00068200375176630419 -0.006050018633724002 -0.011874687807588243
leaf_weight=174 38 10.000000000000002 906 102 20 44 64 561 13.999999999999998 22 10.999999999999998 129 49 14.000000000000002 23 10.999999999999998 42 9.9999999999999982 18 15.999999999999998 49 23 10.999999999999998 10.999999999999998
leaf_count=174 38 10 906 102 20 44 64 561 14 22 11 129 49 14 23 11 42 10 18 16 49 23 11 11
internal_value=0.00100096 -0.000911877 0.000182636 0.00564743 0.0269463 -0.00391477 -0.00131799 0.00211212 0.0159552 -0.0221646 -0.0133636 -0.0184747 -0.0218649 0.00617013 0.0192925 0.0429732 -0.00592974 0.00702446 0.0279237 0.0221646 0.0283401 -0.00246805 -0.0328745 -0.0565302
internal_weight=2372 2103 2000 857 122 1143 970 735 269 103 82 173 71 148 71 34 77 52 121 103 87 37 25 21
internal_count=2372 2103 2000 857 122 1143 970 735 269 103 82 173 71 148 71 34 77 52 121 103 87 37 25 21
is_linear=0
shrinkage=0.0913179


Tree=39
num_leaves=21
num_cat=0
split_feature=1 1 1 5 13 9 10 1 10 10 13 10 11 21 9 14 13 0 5 0
split_gain=7.68419 5.66218 5.84116 5.31369 5.86495 4.24904 4.17175 9.05293 3.96502 3.42868 5.42539 3.35595 2.8876 3.42869 2.74136 2.64469 1.23128 3.01538 0.61655 0.0118577
threshold=25.500000000000004 1.5000000000000002 6.5000000000000009 356.50000000000006 -0.8431462759492121 0.99818282439137029 -0.82413948779581736 3.5000000000000004 -0.4755978891912595 -0.056951011027366542 0.97876397852965835 -0.44505783185115427 0.92273069556937581 19.000000000000004 -0.99940763397299126 1.0000000180025095e-35 1.0000000180025095e-35 3.5000000000000004 60.500000000000007 2.5000000000000004
decision_type=2 2 2 2 2 2 2 2 2 2 2 2 2 2 2 2 2 2 2 2
left_child=1 8 6 4 -4 9 7 -3 15 10 11 -2 13 -11 -8 -1 17 -10 -18 -5
right_child=5 2 3 19 -6 -7 14 -9 16 12 -12 -13 -14 -15 -16 -17 18 -19 -20 -21
leaf_value=0.0026710052785950062 0.0034998410995027069 0.0037706214955038394 -0.0029301733471283863 -0.0066359057300645176 0.00039499575334780106 0.010737899496168567 -0.01736776378490797 -0.0079596211647250514 0.012234709775701494 -0.00047442931335808596 0.014583126510270876 0.0078266531930253919 0.0066091317815909802 0.0010913704350536937 -0.0036331162042456885 0.014202817220699706 0.0025242719499954476 -0.0014298312332280813 -0.00024823513310216657 -0.010323496707940027
leaf_weight=13.000000000000002 144 38 207 11.000000000000002 1252 12.999999999999998 11.999999999999998 58 16.000000000000004 135 20 35 11.999999999999998 66 280 13.999999999999998 11.000000000000002 9.9999999999999982 12.999999999999998 11.999999999999998
leaf_count=13 144 38 207 11 1252 13 12 58 16 135 20 35 12 66 280 14 11 10 13 12
internal_value=0.000692969 -0.00173537 -0.00273466 -0.000123236 0.000563305 0.0118176 -0.0127092 0.00380491 0.022533 0.0101957 0.0188143 0.0137742 0.00214361 -0.000454318 -0.0181385 0.0507322 0.00730544 0.0210734 -0.00760983 -0.0436738
internal_weight=2372 1947 1870 1482 1459 425 388 96 77 412 199 179 213 201 292 27 50 26 24 23
internal_count=2372 1947 1870 1482 1459 425 388 96 77 412 199 179 213 201 292 27 50 26 24 23
is_linear=0
shrinkage=0.0913179


Tree=40
num_leaves=22
num_cat=2
split_feature=9 5 26 26 2 14 19 9 11 14 13 15 0 14 11 0 0 20 15 0 11
split_gain=5.23985 8.59516 6.69423 7.04167 5.89825 5.79902 4.70689 5.28832 3.96032 5.63908 4.84923 3.48791 4.5873 3.94091 3.46345 4.87455 9.70669 3.60716 2.43944 1.21905 0.976801
threshold=0.48314048284850658 150.50000000000003 -16.499999999999996 -24.499999999999996 11.500000000000002 -0.98131155305593898 0 -0.99940763397299126 0.022575206119361854 -0.62922373989232649 -0.98994109942595798 0.88618201382888007 2.5000000000000004 0.99746264089885661 0.92919371535393525 1.5000000000000002 4.5000000000000009 1 -0.85225067186764825 2.5000000000000004 0.88119114410046628
decision_type=2 2 2 2 2 2 9 2 2 2 2 2 2 2 2 2 2 9 2 2 2
left_child=6 2 3 4 -2 -5 7 -1 10 -10 -9 13 -13 -4 17 -16 -17 18 -8 -3 -19
right_child=1 19 11 5 -6 -7 14 8 9 -11 -12 12 -14 -15 15 16 -18 20 -20 -21 -22
leaf_value=-0.010682824480093759 0.003759563103863865 0.0066340198300803444 0.001045947570467541 -0.029053763054004575 -0.003463600824588132 -0.0014490105515526175 -0.0012186543915952337 -0.0076371559738411159 -0.02412804519623744 -0.0013546296001831525 0.00020031251947473763 0.0084518270331546026 0.00079333402470560088 -0.0031045230485358772 -0.0069821902244362379 0.0079557994079755869 -0.0058120799426665372 0.015361913053689632 0.001669637696130669 0.029385653288134653 0.0039519947480981879
leaf_weight=12.999999999999998 38 10.000000000000002 528 13.999999999999998 9.9999999999999982 34 93 35 14.999999999999998 379 711 36 48 11.999999999999998 19 29 18 18 277 13.999999999999998 21
leaf_count=13 38 10 528 14 10 34 93 35 15 379 711 36 48 12 19 29 18 18 277 14 21
internal_value=0.000769966 0.00711887 0.00532688 -0.0171221 0.00760983 -0.0418541 -0.0021315 -0.00526079 -0.004646 -0.0120521 -0.000734461 0.00878057 0.0260908 0.00608786 0.00546025 -0.0138361 0.00194294 0.00870758 0.00592333 0.0608786 0.0351223
internal_weight=2372 744 720 96 48 48 1628 1153 1140 394 746 624 84 540 475 66 47 409 370 24 39
internal_count=2372 744 720 96 48 48 1628 1153 1140 394 746 624 84 540 475 66 47 409 370 24 39
cat_boundaries=0 1 2
cat_threshold=136 8
is_linear=0
shrinkage=0.0913179


Tree=41
num_leaves=21
num_cat=0
split_feature=1 1 10 14 13 11 11 0 15 15 15 14 11 5 1 1 0 10 10 0
split_gain=5.79163 6.67239 5.49213 4.46136 5.26373 4.00549 3.81335 3.69495 7.9094 6.125 3.65606 3.33622 3.25714 2.5876 4.48295 2.92042 2.1164 2.09237 1.82857 1.14286
threshold=24.500000000000004 1.5000000000000002 0.98899263613956456 -0.99166805921824908 -0.035472371232914947 -0.098750666093870329 -0.95244167294248061 3.5000000000000004 0.98699576267654165 0.99657283682005815 -0.77243410105675281 0.99895983886342388 0.056949529780582459 212.50000000000003 30.500000000000004 25.500000000000004 3.5000000000000004 1.0000000180025095e-35 -0.022575793296316444 3.5000000000000004
decision_type=2 2 2 2 2 2 2 2 2 2 2 2 2 2 2 2 2 2 2 2
left_child=1 11 3 4 -3 -5 -2 13 10 -10 -9 16 -4 14 -8 -15 18 -18 -1 -14
right_child=6 2 12 5 -6 -7 7 8 9 -11 -12 -13 19 15 -16 -17 17 -19 -20 -21
leaf_value=0.0066340476772940365 -0.0094865231226445926 -0.017124638614592985 -0.0098658872421262239 0.00072556200378130428 0.0010747637161862848 -0.00074652733174681728 0.0050420566424493165 -0.0056134661669648631 -0.010960113718587548 -0.00029328790596358712 0.0021853075699877255 0.011397451405089654 -0.0052061480265377692 -0.0039798057775584745 0.015272629662412232 0.0022240276622741435 -0.0011382260861696493 0.00049795801417874179 0.0099239772023616141 0.00049716972472972295
leaf_weight=14.999999999999998 15.999999999999998 32 14.999999999999998 834 27 842 138 10.999999999999998 15.999999999999998 15.999999999999998 163 13.999999999999998 24 17 12.999999999999998 113 10.000000000000002 17 21 18
leaf_count=15 16 32 15 834 27 842 138 11 16 16 163 14 24 17 13 113 10 17 21 18
internal_value=0.000923959 -0.00141692 -0.00254793 -0.00163162 -0.026312 -0.000762799 0.00962197 0.0110632 0.00177316 -0.0399516 0.00944668 0.0249049 -0.0304393 0.0178736 0.0260044 0.00842935 0.0159444 -0.00338215 0.0304393 -0.0173939
internal_weight=2372 1869 1792 1735 59 1676 503 487 206 32 174 77 57 281 151 130 63 27 36 42
internal_count=2372 1869 1792 1735 59 1676 503 487 206 32 174 77 57 281 151 130 63 27 36 42
is_linear=0
shrinkage=0.0913179


Tree=42
num_leaves=20
num_cat=0
split_feature=10 0 0 5 5 13 9 1 13 0 9 16 5 16 5 2 26 5 17
split_gain=5.52935 6.50295 11.5252 16.1034 15.6108 7.08333 5.48571 5.02484 6.99171 4.31567 4.27966 3.35602 3.08157 2.91128 2.85897 3.76065 2.07791 2.01436 1.68791
threshold=-0.065537083312030939 3.5000000000000004 1.0000000180025095e-35 233.50000000000003 234.50000000000003 0.99531687387553236 0.89404822654372251 28.500000000000004 0.37447172655954958 1.5000000000000002 -0.99940763397299126 -0.99938741687870725 268.50000000000006 -0.44311584263479492 26.500000000000004 4.5000000000000009 27.500000000000004 260.50000000000006 1.0000000180025095e-35
decision_type=2 2 2 2 2 2 2 2 2 2 2 2 2 2 2 2 2 2 2
left_child=1 2 4 9 6 7 -1 8 -3 -4 18 -12 -5 -9 16 -16 -13 -6 -2
right_child=10 5 3 12 17 -7 -8 13 -10 -11 11 14 -14 -15 15 -17 -18 -19 -20
leaf_value=-0.004766969289806227 -0.009639119507785017 -0.0018304891473381771 0.0029395118054106636 -0.001867909371699786 0.0049053960844641364 0.033764165517832602 0.0041909253123649038 0.0022788243253156672 0.0016930393896889351 0.0064272092029992525 -0.0079909557797887519 -0.0036958626838717043 0.0032491607335728254 0.00741902212709304 0.0021275564409982306 -0.00014416361723840432 0.0029312048102291422 0.0046609070479462656 -0.0012842719503083128
leaf_weight=105 13 281 124 105 26 9.9999999999999982 20 15.999999999999998 160 249 12.999999999999998 141 9.9999999999999982 19 18 1021 14.999999999999998 10.999999999999998 15
leaf_count=105 13 281 124 105 26 10 20 16 160 249 13 141 10 19 18 1021 15 11 15
internal_value=0.000384983 0.0049839 0.0109582 0.0179642 -0.0101464 -0.00300635 -0.025569 -0.00460427 -0.00724746 0.027175 -0.00384186 -0.00302377 -0.011911 0.0286999 -0.00252175 -0.000791012 -0.0140489 0.0419569 -0.0391363
internal_weight=2372 1136 650 488 162 486 125 476 441 373 1236 1208 115 35 1195 1039 156 37 28
internal_count=2372 1136 650 488 162 486 125 476 441 373 1236 1208 115 35 1195 1039 156 37 28
is_linear=0
shrinkage=0.0913179


Tree=43
num_leaves=27
num_cat=0
split_feature=10 0 0 5 10 0 12 13 13 10 10 5 14 13 16 16 5 21 5 5 5 5 13 17 0 14
split_gain=5.0241 5.95897 11.9052 11.4871 7.01359 6.41232 6.23586 5.39246 5.08374 3.96947 3.76888 3.35949 3.03546 2.95271 3.28022 3.715 2.5008 1.97673 2.93492 2.07569 1.7363 5.32064 1.71753 1.34127 1.29367 1.18788
threshold=0.14888728888808322 3.5000000000000004 1.0000000180025095e-35 238.50000000000003 -0.61915584096709908 1.5000000000000002 -0.98212955754013376 -0.9946729320988934 -0.66848768697056715 -0.75013812021657655 -0.84313311835787952 345.50000000000006 0.94210034831732103 -0.82170904822926072 -0.99938741687870725 -0.66206809087625074 271.50000000000006 19.000000000000004 329.50000000000006 328.50000000000006 357.50000000000006 359.50000000000006 -0.11905811071747219 1.0000000180025095e-35 5.5000000000000009 0.016126237724388103
decision_type=2 2 2 2 2 2 2 2 2 2 2 2 2 2 2 2 2 2 2 2 2 2 2 2 2 2
left_child=1 2 4 5 10 -4 -5 25 9 -9 -1 13 -10 17 -15 -16 -6 19 -19 -2 23 -22 -23 -13 -25 -3
right_child=11 7 3 6 16 -7 -8 8 12 -11 -12 20 -14 14 15 -17 -18 18 -20 -21 21 22 -24 24 -26 -27
leaf_value=-0.0010859687399187151 -0.0019531880458692713 0.0049334601752263141 0.0017728809986473878 0.0021472857710205951 0.00270883439129281 0.0059902563051112767 -0.0039683157931467991 -0.0059223240169417124 0.00055900933352376531 -0.00056007887878201763 -0.0065108030711198599 0.0047927226294051219 -0.0018967637726991055 -0.0072612380829177817 0.0010176576344329434 -0.00075466895198934348 -0.0016494152849284816 -0.011639648687153 -0.00024464459379038153 -0.013970350829499338 -0.010057663884612772 0.0094300277722259625 -0.00069721606280534053 0.0023488911299693717 0.011271143833508286 0.0085906024658173458
leaf_weight=61 22 10.000000000000002 140 32 76 282 104 71 318 69 36 11.999999999999998 75 12.999999999999998 243 511 11.999999999999998 30 96 17 13.999999999999998 27.999999999999996 16.000000000000004 61 10.999999999999998 11.999999999999998
leaf_count=61 22 10 140 32 76 282 104 71 318 69 36 12 75 13 243 511 12 30 96 17 14 28 16 61 11 12
internal_value=0.000538976 0.00436187 0.00970945 0.0163652 -0.0103658 0.0238033 -0.00671456 -0.00279713 -0.00462586 -0.0195681 -0.0273012 -0.00408125 0.000697084 -0.0060748 -0.00369082 -0.00290667 0.00830163 -0.0171567 -0.0115959 -0.0351223 0.00900318 -0.00314889 0.0124524 0.0173939 0.012683 0.0415082
internal_weight=2372 1298 743 558 185 422 136 555 533 140 97 1074 393 932 767 754 88 165 126 39 142 58 44 84 72 22
internal_count=2372 1298 743 558 185 422 136 555 533 140 97 1074 393 932 767 754 88 165 126 39 142 58 44 84 72 22
is_linear=0
shrinkage=0.0913179


Tree=44
num_leaves=15
num_cat=0
split_feature=1 14 14 0 9 10 9 11 9 0 2 10 0 7
split_gain=6.08426 4.51826 4.46961 6.16 4.09212 4.43393 3.84405 8.60358 3.16189 2.88188 3.28966 2.50785 2.98667 2.15501
threshold=27.500000000000004 0.99945907105059761 0.99646492433694434 3.5000000000000004 0.99818282439137029 -0.056951011027366542 -0.35041564478062465 -0.28622501271271084 -0.63255557784149707 1.0000000180025095e-35 4.5000000000000009 -0.44505783185115427 1.5000000000000002 1.0000000180025095e-35
decision_type=2 2 2 2 2 2 2 2 2 2 2 2 2 2
left_child=1 2 6 -4 5 11 8 -8 -1 -7 -11 12 -2 -3
right_child=4 13 3 -5 -6 9 7 -9 -10 10 -12 -13 -14 -15
leaf_value=-0.000396656601957953 -0.0017858644442174064 0.00055426636152020872 0.0012406223997167844 -0.026428211832521881 0.0077333043216117137 -0.0010736364753689623 0.0019619507942324325 -0.00042449154205324879 -0.0017153164705812857 0.011467237541578036 1.7690677266589885e-05 0.0076990428834070148 0.0052932717140107182 0.011334705274992021
leaf_weight=625 30 11 14.000000000000002 10.999999999999998 12.999999999999998 19 474 738 217 9.9999999999999982 106 15.999999999999998 75 13
leaf_count=625 30 11 14 11 13 19 474 738 217 10 106 16 75 13
internal_value=0.000307986 -0.0013461 -0.00180088 -0.0401799 0.0132394 0.0107013 -0.00133376 0.00195897 -0.0060734 -0.000676429 0.00472334 0.0233955 0.0182636 0.0380491
internal_weight=2372 2103 2079 25 269 256 2054 1212 842 135 116 121 105 24
internal_count=2372 2103 2079 25 269 256 2054 1212 842 135 116 121 105 24
is_linear=0
shrinkage=0.0913179


Tree=45
num_leaves=19
num_cat=1
split_feature=1 1 15 15 15 12 0 0 10 10 19 0 15 14 0 2 12 15
split_gain=5.45317 7.33741 6.08576 6.70191 4.29339 3.84615 3.48383 6.26281 8.46206 6.81699 5.98169 6.23793 4.70599 3.33622 2.05714 1.44613 1.44048 0.561039
threshold=1.5000000000000002 8.5000000000000018 0.83964085476224259 0.80031351894935743 0.7172936132855442 0.44313120970497338 2.5000000000000004 1.0000000180025095e-35 -0.6391983530350368 0.44312301391210612 0 4.5000000000000009 -0.067682409684136677 0.99895983886342388 4.5000000000000009 21.500000000000004 0.48877522411129343 0.86438369386841762
decision_type=2 2 2 2 2 2 2 2 2 2 9 2 2 2 2 2 2 2
left_child=13 2 3 4 -2 -5 7 8 -3 -9 11 -8 -12 14 15 -1 -17 -4
right_child=1 6 17 5 -6 -7 10 9 -10 -11 12 -13 -14 -15 -16 16 -18 -19
leaf_value=0.0010006777789751174 -0.0024193279104218557 -0.0037051920402922135 0.001073556517913502 -0.02453554503023845 0.00028757528932572628 -0.00052211591420134415 0.010352943233415927 0.0032299334046883687 0.0006160294740052382 -0.00030852924299642315 0.00021564088441738778 -0.00010928042527946296 -0.0013576031099596705 0.0096949867266979232 -0.001678848599641129 0.010973140885138004 0.0045183637060243276 0.0033599929585203859
leaf_weight=17 452 72 11.000000000000002 13.000000000000002 45 12.999999999999998 58 329 179 172 476 57 408 13.999999999999998 18 16.000000000000004 11.999999999999998 9.9999999999999982
leaf_count=17 452 72 11 13 45 13 58 329 179 172 476 57 408 14 18 16 12 10
internal_value=0.00100096 0.00019895 -0.00906465 -0.0110001 -0.0086357 -0.0561957 0.00307696 0.00777174 -0.00400198 0.0136704 -0.000457047 0.0182636 -0.00306436 0.0249049 0.0159444 0.0263807 0.0391363 0.0391363
internal_weight=2372 2295 544 523 497 26 1751 752 251 501 999 115 884 77 63 45 28 21
internal_count=2372 2295 544 523 497 26 1751 752 251 501 999 115 884 77 63 45 28 21
cat_boundaries=0 1
cat_threshold=68
is_linear=0
shrinkage=0.0913179


Tree=46
num_leaves=15
num_cat=0
split_feature=9 10 11 13 17 15 15 15 6 16 11 11 17 17
split_gain=3.78675 4.25267 5.37309 3.6871 3.98767 3.63586 7.61516 4.67474 3.60933 3.35518 2.96076 3.27033 1.37143 0.797802
threshold=-0.99940763397299126 0.14888728888808322 0.22700019328474733 -0.97009963647103548 1.0000000180025095e-35 0.042992704658633807 0.24685605472551267 -0.28106805777503757 1.0000000180025095e-35 -0.99938741687870725 -0.98214488425316748 0.92023804793023134 1.0000000180025095e-35 1.0000000180025095e-35
decision_type=2 2 2 2 2 2 2 2 2 2 2 2 2 2
left_child=13 2 5 8 -5 7 -7 -2 -4 -3 12 -12 -11 -1
right_child=1 9 3 4 -6 6 -8 -9 -10 10 11 -13 -14 -15
leaf_value=-0.008697830680789588 0.0023083344274442783 -0.0064379613099901757 0.0035014491460547957 -0.0020064879751296111 0.00025189279866411123 -0.002900058487285802 0.00097154219846195113 0.0060393913535757059 -0.005327631850376607 0.0035769861012657192 -0.00092031885982026256 0.0013417510965499785 -7.9963450999965231e-05 -0.0019394267458630124
leaf_weight=13 254 12.999999999999998 44 174 321 70 290 98 19 42 853 138 28 15
leaf_count=13 254 13 44 174 321 70 290 98 19 42 853 138 28 15
internal_value=0.000769966 0.00116875 0.00474566 -0.00196383 -0.00461202 0.0100039 0.00355125 0.0166033 0.0188434 -0.00306094 -0.00249597 -0.00377804 0.0156545 -0.0326136
internal_weight=2372 2344 1270 558 495 712 360 352 63 1074 1061 991 70 28
internal_count=2372 2344 1270 558 495 712 360 352 63 1074 1061 991 70 28
is_linear=0
shrinkage=0.0913179


Tree=47
num_leaves=18
num_cat=0
split_feature=1 14 14 10 5 14 0 10 16 7 1 0 0 0 21 0 11
split_gain=5.08129 5.05847 6.12941 3.62624 3.53153 3.35878 3.18272 3.16817 2.8941 2.59286 2.53333 1.66631 2.19844 1.56863 1.24456 4.23443 1.62976
threshold=28.500000000000004 0.99895983886342388 0.99646492433694434 0.063390085881955258 212.50000000000003 -0.98131155305593898 5.5000000000000009 0.689015599449598 -0.2707318836520925 1.0000000180025095e-35 1.5000000000000002 4.5000000000000009 2.5000000000000004 1.0000000180025095e-35 19.000000000000004 3.5000000000000004 -0.82415234898030387
decision_type=2 2 2 2 2 2 2 2 2 2 2 2 2 2 2 2 2
left_child=1 2 5 4 6 10 8 -7 -2 -3 -1 12 -6 -5 16 -16 -15
right_child=3 9 -4 13 11 7 -8 -9 -10 -11 -12 -13 -14 14 15 -17 -18
leaf_value=0.0021352439381415885 0.0041304328813425474 0.00060184998445705429 -0.022464052531065141 -0.00098556675465842191 0.0039982009975103629 0.0002483916233823865 -0.001454012410866759 -0.00090528621827214227 0.0060133716217816357 0.0088401800664309176 -0.0041336824192226293 0.003170261671609016 -0.0057691200519746693 -0.0039874044508120951 0.0094115076540534758 -0.0025765767785007345 0.00088077575079626921
leaf_weight=19 34 15.999999999999998 19 11.999999999999998 14.000000000000002 1471 10.999999999999998 547 29 14.000000000000002 95 11.999999999999998 10.999999999999998 9.9999999999999982 12.000000000000002 13.999999999999998 32
leaf_count=19 34 16 19 12 14 1471 11 547 29 14 95 12 11 10 12 14 32
internal_value=0.000538976 -0.000711786 -0.00123116 0.0148212 0.0255032 -0.000770977 0.0370208 9.05034e-05 0.0449342 0.0365272 -0.0160207 0.00246805 -0.0109582 0 0.00537164 0.0210734 -0.00434847
internal_weight=2372 2181 2151 191 111 2132 74 2018 63 30 114 37 25 80 68 26 42
internal_count=2372 2181 2151 191 111 2132 74 2018 63 30 114 37 25 80 68 26 42
is_linear=0
shrinkage=0.0913179


Tree=48
num_leaves=17
num_cat=0
split_feature=13 10 2 9 16 15 2 18 2 9 17 9 9 5 16 14
split_gain=3.77034 3.27956 4.28207 5.00335 4.37478 4.37012 3.31357 3.18134 2.10572 9.42693 2.28456 1.9121 3.49601 2.06871 1.78985 0.615385
threshold=-0.99924583956102309 0.84199059757024453 26.500000000000004 0.074116354202380164 0.99464131285206159 0.84487857356050267 49.500000000000007 1.5000000000000002 4.5000000000000009 0.42179998225932674 1.0000000180025095e-35 -0.15951315977791497 -0.10837695015263894 352.50000000000006 0.99897831515029056 1.0000000180025095e-35
decision_type=2 2 2 2 2 2 2 2 2 2 2 2 2 2 2 2
left_child=15 2 3 -2 7 -5 8 -4 9 -3 -10 13 -13 -8 -6 -1
right_child=1 6 4 5 14 -7 11 -9 10 -11 -12 12 -14 -15 -16 -17
leaf_value=0.003261381074521892 0.006637501476402719 -0.002949151027031369 -0.00014948855481982683 0.00021595843034500297 -0.0079262452310968467 0.0021217042028615989 0.0020172779586089679 0.0049678801280738068 -0.005033237217351532 0.013237352063328931 -0.0023061694885875179 -0.0076395057755823826 0.002930240360718676 0.0060009050475427908 -0.0017488800015792805 8.7306087256422581e-05
leaf_weight=13.000000000000002 15.999999999999998 158 1002 756 19 102 64 11.999999999999998 34 10.999999999999998 66 21 41 28 15.999999999999998 12.999999999999998
leaf_count=13 16 158 1002 756 19 102 64 12 34 11 66 21 41 28 16 13
internal_value=0.000538976 0.0001557 0.00175703 0.00647793 -0.00217631 0.00553442 -0.0071241 -0.00108069 -0.0132394 -0.00702446 -0.0237427 0.00355784 -0.00883722 0.011911 -0.0339181 0.0351223
internal_weight=2372 2346 1923 874 1049 858 423 1014 269 169 100 154 62 92 35 26
internal_count=2372 2346 1923 874 1049 858 423 1014 269 169 100 154 62 92 35 26
is_linear=0
shrinkage=0.0913179


Tree=49
num_leaves=24
num_cat=0
split_feature=10 0 0 5 10 2 26 1 10 16 5 12 9 0 0 12 2 16 1 26 1 1 18
split_gain=3.71922 5.43546 9.4473 9.05211 6.20175 5.54358 5.33174 4.82989 4.82591 4.64903 4.52207 3.91304 3.91167 7.64082 4.14584 3.58781 3.33849 3.17364 2.22727 1.63027 1.06667 0.997403 0.387879
threshold=0.689015599449598 3.5000000000000004 1.0000000180025095e-35 233.50000000000003 0.53312596302726967 9.5000000000000018 -8.4999999999999982 28.500000000000004 0.6174544326165855 0.99840062925627227 269.50000000000006 -0.48314634702607495 0.54219432480460406 1.5000000000000002 3.5000000000000004 -0.99467580659249177 49.500000000000007 -0.44311584263479492 22.500000000000004 27.500000000000004 18.500000000000004 12.500000000000002 1.0000000180025095e-35
decision_type=2 2 2 2 2 2 2 2 2 2 2 2 2 2 2 2 2 2 2 2 2 2 2
left_child=1 2 4 5 11 -4 22 8 9 -3 -5 -1 16 -14 -15 -9 19 -17 -18 -8 -10 -6 -2
right_child=6 7 3 10 21 -7 12 15 20 -11 -12 -13 13 14 -16 17 18 -19 -20 -21 -22 -23 -24
leaf_value=-5.575873128284466e-05 -0.0075124810015199548 -0.0010954645769084186 -0.0013657020850981528 -0.0017151578551496327 0.0029411426696953017 0.003729410833760534 -0.0025069505783474294 -0.0018348476534007674 0.0021123253068733774 0.0071852049204080776 0.00087479109353994281 -0.0034888700846528869 0.0046764600790391193 -0.00744993059035849 0.0055904844785852059 0.001163900708925076 0.0033746746080135881 0.0049984317173778457 -0.00048525875226988649 0.0033312061852433131 0.0096031154674603263 0.0086887011427171732 -0.0092360389810722913
leaf_weight=115 10 655 36 109 10.000000000000002 461 359 10.999999999999998 20.000000000000004 9.9999999999999982 150 115 17 17 28 15.999999999999998 98 31 56 14.999999999999998 9.9999999999999982 10.999999999999998 12
leaf_count=115 10 655 36 109 10 461 359 11 20 10 150 115 17 17 28 16 98 31 56 15 10 11 12
internal_value=0.00046198 0.00259426 0.0069826 0.0120791 -0.00836778 0.0192925 -0.00567007 -0.00327435 -0.0053871 -0.00700333 -0.00176289 -0.0127051 -0.00402418 0.0176744 -0.00202929 0.0220423 -0.00657213 0.0330299 0.00474379 -0.0112316 0.0304393 0.0391363 -0.0498098
internal_weight=2372 1760 1007 756 251 497 612 753 695 665 259 230 590 62 45 58 528 47 154 374 30 21 22
internal_count=2372 1760 1007 756 251 497 612 753 695 665 259 230 590 62 45 58 528 47 154 374 30 21 22
is_linear=0
shrinkage=0.0913179


Tree=50
num_leaves=20
num_cat=2
split_feature=1 1 1 13 13 15 20 19 10 5 16 13 14 6 11 26 5 11 6
split_gain=4.36861 4.08268 6.35181 6.28812 4.7429 3.85571 3.49459 3.46732 3.18548 2.45795 3.20962 5.57943 4.02504 2.26473 3.30688 2.24195 2.20928 1.35758 1.05803
threshold=27.500000000000004 1.5000000000000002 6.5000000000000009 -0.8431462759492121 -0.99924583956102309 -0.84080672043737914 0 1 -0.87810534180523914 363.50000000000006 0.96294028059917813 0.98803388382128687 0.054804112848476409 1.0000000180025095e-35 0.022575206119361854 10.500000000000002 210.50000000000003 1.0000000180025095e-35 1.0000000180025095e-35
decision_type=2 2 2 2 2 2 9 9 2 2 2 2 2 2 2 2 2 2 2
left_child=1 5 4 6 17 -1 -4 -5 -6 10 12 18 16 14 -7 -14 -2 -3 -12
right_child=9 2 3 7 8 13 -8 -9 -10 -11 11 -13 15 -15 -16 -17 -18 -19 -20
leaf_value=0.008557150084220087 -0.0014401263939905183 0.00030826306085793509 -0.0066597622931234149 5.5761659102494103e-05 -0.0071478490953226295 0.0068794418669084175 -0.0014799283063389355 0.0015602746334472104 -0.0015523008527561343 -0.00042809422972459564 0.011241045238976094 -0.0015971993535693345 0.0044340921587643911 -0.0012263855342989447 -0.0010061487612045277 -0.0014635169165629898 0.00061460096889056281 0.0027805747879122919 0.0041053921553054684
leaf_weight=9.9999999999999982 41 11.000000000000002 21 1170 52 27 226 221 315 15.999999999999998 26 15.999999999999998 83 19 21 9.9999999999999982 65 9.9999999999999982 11.999999999999998
leaf_count=10 41 11 21 1170 52 27 226 221 315 16 26 16 83 19 21 10 65 10 12
internal_value=0.000923959 -0.00047765 -0.00126204 0.00122649 -0.0117678 0.0201611 -0.0122004 0.0036107 -0.0141829 0.0118815 0.0140767 0.0338215 0.0087188 0.0122666 0.0228295 0.022584 -0.00344596 0.0304393 0.0528683
internal_weight=2372 2103 2026 1638 388 77 247 1391 367 269 253 54 199 67 48 93 106 21 38
internal_count=2372 2103 2026 1638 388 77 247 1391 367 269 253 54 199 67 48 93 106 21 38
cat_boundaries=0 1 2
cat_threshold=1 153
is_linear=0
shrinkage=0.0913179


Tree=51
num_leaves=27
num_cat=2
split_feature=1 1 10 13 9 1 10 19 11 10 11 0 13 0 20 24 14 0 12 0 9 0 0 0 0 1
split_gain=3.04591 4.81374 4.39284 4.22706 4.1658 3.582 3.45663 3.41193 4.72646 7.82108 5.01727 3.66264 5.53645 3.43136 3.10319 2.992 2.80215 2.83379 2.47094 1.81379 1.44391 1.29498 1.86154 0.921278 1.13077 0.8
threshold=6.5000000000000009 2.5000000000000004 -0.4831374111459158 -0.8431462759492121 0.99966190462023474 25.500000000000004 -0.87810534180523914 0 -0.30983329214072974 -0.9575230291762723 -0.35846811432664222 1.0000000180025095e-35 -0.42764398474894522 4.5000000000000009 1 1.0000000180025095e-35 -0.99590385478523458 3.5000000000000004 0.76141046967515369 1.0000000180025095e-35 0.99818282439137029 2.5000000000000004 4.5000000000000009 4.5000000000000009 2.5000000000000004 4.5000000000000009
decision_type=2 2 2 2 2 2 2 9 2 2 2 2 2 2 9 2 2 2 2 2 2 2 2 2 2 2
left_child=1 2 23 5 15 14 21 8 10 -10 -5 12 -9 -13 -2 -4 -8 -18 -16 -7 -21 25 -23 24 -1 -3
right_child=3 6 4 7 -6 19 16 11 9 -11 -12 13 -14 -15 18 -17 17 -19 -20 20 -22 22 -24 -25 -26 -27
leaf_value=0.0016991835161958397 -0.0060516064559283473 -0.0016335829464488281 -0.0016236455233589783 0.00084821095694071066 0.010611450445353509 -0.001114241134868284 -0.01707007930492915 -0.0063009233474395502 -0.022314263946059582 -0.00023497401035483298 0.0067319507568838217 0.0039986303112080051 0.00070385634840051373 0.00010232935765658976 -0.0024580331566707533 0.0044687170686087008 -0.0022572484897482514 0.00078029947126115719 0.0081175714383967066 0.00060757448932742097 0.004519997109041933 -0.013701029861493717 -0.0042963986913876675 0.00035976098128530988 0.0089675714603460084 -0.0062132282508797019
leaf_weight=24 21 10.000000000000002 73 611 11.999999999999998 15.999999999999998 15.999999999999998 22 11.999999999999998 685 28 142 14.999999999999998 72 172 11.999999999999998 145 104 13.999999999999998 86 10.999999999999998 16.000000000000004 9.9999999999999982 18 14.999999999999998 9.9999999999999982
leaf_count=24 21 10 73 611 12 16 16 22 12 685 28 142 15 72 172 12 145 104 14 86 11 16 10 18 15 10
internal_value=0.000538976 -0.00608786 0.00711568 0.00215485 -0.00470711 -0.00741958 -0.012626 0.00408543 0.00217101 -0.00301336 0.00785992 0.0136452 -0.0123403 0.0187757 -0.0145579 -0.0118176 -0.0086149 -0.00623456 -0.010801 0.00565686 0.0103556 -0.0357331 -0.0491712 0.0272352 0.0351223 -0.0182636
internal_weight=2372 465 154 1907 97 320 311 1587 1336 697 639 251 37 214 207 85 265 249 186 113 97 46 26 57 39 20
internal_count=2372 465 154 1907 97 320 311 1587 1336 697 639 251 37 214 207 85 265 249 186 113 97 46 26 57 39 20
cat_boundaries=0 1 2
cat_threshold=153 1
is_linear=0
shrinkage=0.0913179


Tree=52
num_leaves=29
num_cat=0
split_feature=10 9 9 0 10 1 21 11 11 1 1 2 1 1 0 10 2 5 5 1 5 0 0 11 2 1 5 0
split_gain=2.87476 3.80001 5.01138 4.20923 7.23565 5.28054 5.23193 4.48601 2.99688 2.56367 4.34992 2.19928 2.50835 3.42857 2.04253 5.38306 3.42284 3.41323 3.14158 2.68889 1.92277 1.71429 1.33929 3.37716 2.05594 0.925065 0.525 0.255183
threshold=0.84199059757024453 -0.57078386445773377 -0.62588817255938378 1.0000000180025095e-35 0.5475998096715059 29.500000000000004 13.500000000000002 0.99971969515277614 0.039769539193789956 1.5000000000000002 3.5000000000000004 49.500000000000007 22.500000000000004 24.500000000000004 1.5000000000000002 0.99855310097228323 1.5000000000000002 10.500000000000002 336.50000000000006 5.5000000000000009 352.50000000000006 4.5000000000000009 3.5000000000000004 -0.95244167294248061 46.500000000000007 15.500000000000002 363.50000000000006 2.5000000000000004
decision_type=2 2 2 2 2 2 2 2 2 2 2 2 2 2 2 2 2 2 2 2 2 2 2 2 2 2 2 2
left_child=1 2 9 4 8 7 -6 -5 -3 -1 -11 14 20 -14 15 18 19 -18 -2 -16 25 -7 23 -4 -24 -13 -15 -22
right_child=11 3 22 5 6 21 -8 -9 -10 10 -12 12 13 26 16 -17 17 -19 -20 -21 27 -23 24 -25 -26 -27 -28 -29
leaf_value=0.0068162444929150577 0.0013522025760400235 -0.00036045968015714245 -0.01843290395898391 0.00066066646426542566 -0.00053764252550386423 0.005839206224047969 0.016806972877325924 -0.0067542783352598466 -0.0054524738790089596 -0.012403555398059315 -3.3635849534558179e-06 0.0029699102056781504 -0.0069852319224573411 0.0045779953035127233 -0.0031957730460954402 -0.0048438809053462989 -0.013681575823046402 -0.0039250334419518055 -0.0043984573927830679 0.0057378857956599692 0.010194386117519697 0.0023562418385735394 -0.01493610269580849 0.00018961414851597318 -0.011788762084016319 -0.0011175042730776391 -0.00036754419761933721 0.0035380676779537589
leaf_weight=21 58 80 10.999999999999998 941 11.000000000000002 28 12.999999999999998 9.9999999999999982 61 42 665 49 13.999999999999998 32 18.000000000000004 10.999999999999998 9.9999999999999982 157 9.9999999999999982 11.999999999999998 11.000000000000002 13.999999999999998 11 21 13 19 9.9999999999999982 19
leaf_count=21 58 80 11 941 11 28 13 10 61 42 665 49 14 32 18 11 10 157 10 12 11 14 11 21 13 19 10 19
internal_value=0.000384983 0.00188091 -0.0030284 0.00520465 -0.00830163 0.0074489 0.0380491 0.00604945 -0.0161911 -0.00100349 -0.00193744 -0.00637102 0.00237189 -0.0130454 -0.0112493 0.00115592 -0.016224 -0.0213257 0.0107433 0.0121757 0.0111818 0.0391363 -0.0293522 -0.0171221 -0.045659 0.00268582 0 0.0304393
internal_weight=2372 1942 784 1158 165 993 24 951 141 728 707 430 154 56 276 79 197 167 68 30 98 42 56 32 24 68 42 30
internal_count=2372 1942 784 1158 165 993 24 951 141 728 707 430 154 56 276 79 197 167 68 30 98 42 56 32 24 68 42 30
is_linear=0
shrinkage=0.0913179


Tree=53
num_leaves=23
num_cat=1
split_feature=0 10 0 10 5 13 15 0 10 16 5 9 13 13 15 21 20 0 13 11 10 10
split_gain=3.09922 5.29641 15.8938 8.80538 7.47033 12.1808 6.8654 5.05806 10.3852 6.40879 4.71073 4.16744 5.17854 7.65152 4.17282 4.62266 4.09766 4.04288 3.47425 1.56216 0.864706 0.561039
threshold=3.5000000000000004 -0.40613878790836588 1.5000000000000002 -0.45273527932988084 160.50000000000003 -0.23328733056122772 -0.3261349169468733 2.5000000000000004 -0.099822328936730778 -0.37048168396330278 8.5000000000000018 0.99818282439137029 -0.70596181949113168 -0.51850244724470385 -0.99467753128998015 16.500000000000004 0 5.5000000000000009 -0.8431462759492121 -0.99467753128998015 -0.30982845708428081 0.99855310097228323
decision_type=2 2 2 2 2 2 2 2 2 2 2 2 2 2 2 2 9 2 2 2 2 2
left_child=1 2 3 6 19 -6 -1 10 20 -10 21 12 14 16 -2 -16 -14 -15 -12 -4 -9 -3
right_child=11 7 4 -5 5 -7 -8 8 9 -11 18 -13 13 17 15 -17 -18 -19 -20 -21 -22 -23
leaf_value=0.0010390389925436193 -0.015662498758490528 -0.0011280257106350605 0.0078540712309210711 0.01508804812220689 0.0058224054004568909 -0.0013506856771852019 -0.0047329328875444438 -0.005026239555186638 -0.0079351089263702164 0.00085356633374343972 -0.00094338831335693543 0.0055983283380848081 0.012732169551674145 -0.0013537119488113327 -0.00179350026456914 0.00049821412985931403 0.00068788706243313254 0.0010448524891339464 0.0010937997136888399 0.0097281299449754801 -0.017152563025908216 -0.010062650366408094
leaf_weight=87 9.9999999999999982 11.000000000000002 9.9999999999999982 10.999999999999998 102 73 150 9.9999999999999982 63 117 122 18 23 452 151 84 54 225 501 64 24 9.9999999999999982
leaf_count=87 10 11 10 11 102 73 150 10 63 117 122 18 23 452 151 84 54 225 501 64 24 10
internal_value=0.000846962 0.00370663 0.011208 -0.00515505 0.0275054 0.01722 -0.00886208 -0.000638587 -0.0128016 -0.00405858 0.00340315 -0.00296312 -0.00374778 0 -0.0152818 -0.0128234 0.0272768 -0.00310238 0.00483707 0.0518291 -0.0590881 -0.0391363
internal_weight=2372 1355 497 248 249 175 237 858 214 180 644 1017 999 754 245 235 77 677 623 74 34 21
internal_count=2372 1355 497 248 249 175 237 858 214 180 644 1017 999 754 245 235 77 677 623 74 34 21
cat_boundaries=0 1
cat_threshold=8
is_linear=0
shrinkage=0.0913179


Tree=54
num_leaves=16
num_cat=0
split_feature=1 13 13 10 15 0 1 1 9 10 2 5 0 2 0
split_gain=3.2559 2.64087 3.27825 4.14479 6.45381 3.71523 2.95684 5.02365 3.77832 2.53346 1.73865 2.8977 3.58693 2.90341 1.38846
threshold=27.500000000000004 -0.99924583956102309 -0.8431462759492121 -0.82413948779581736 0.63672638633070444 4.5000000000000009 6.5000000000000009 1.5000000000000002 0.35846314187849704 -0.99761278905001471 4.5000000000000009 88.500000000000014 2.5000000000000004 17.500000000000004 3.5000000000000004
decision_type=2 2 2 2 2 2 2 2 2 2 2 2 2 2 2
left_child=1 14 3 5 -5 -3 7 -4 -8 -2 -11 12 -12 -13 -1
right_child=9 2 6 4 -6 -7 8 -9 -10 10 11 13 -14 -15 -16
leaf_value=0.000471075976241794 0.0037329370271805429 0.0020446781284280927 0.0029543220558327413 -0.0023362975290598872 -0.0046554006912261671 -0.0010437990972343577 -0.00013364730483769819 -0.0017412604968447326 0.00086303421777002938 0.0041713019201861786 0.0027778921767839565 0.0039788378878316951 -0.0025785927028424763 0.00050826866176059205 0.0071393429058467447
leaf_weight=16.000000000000004 12.999999999999998 51 57 258 12.999999999999998 19 900 288 491 13.999999999999998 18 22 17 185 9.9999999999999982
leaf_count=16 13 51 57 258 13 19 900 288 491 14 18 22 17 185 10
internal_value=0.000384983 -0.000825031 -0.00118709 -0.00937281 -0.0144896 0.0104363 0.00042082 -0.00714662 0.00229772 0.00984469 0.00784764 0.00603755 -0.0182636 0.0101464 0.0280978
internal_weight=2372 2103 2077 341 271 70 1736 345 1391 269 256 242 35 207 26
internal_count=2372 2103 2077 341 271 70 1736 345 1391 269 256 242 35 207 26
is_linear=0
shrinkage=0.0913179


Tree=55
num_leaves=13
num_cat=0
split_feature=9 9 1 10 17 14 12 14 26 6 16 14
split_gain=4.62575 2.86752 4.16309 3.68954 3.32759 4.95373 4.2766 2.60156 2.74074 2.4 2.30476 1.02857
threshold=-0.99985146406598202 0.48314048284850658 1.5000000000000002 -0.83375966452616657 1.0000000180025095e-35 -0.15101323386571583 0.9962940241937881 0.99746264089885661 -4.4999999999999991 1.0000000180025095e-35 -0.50370116604265602 1.0000000180025095e-35
decision_type=2 2 2 2 2 2 2 2 2 2 2 2
left_child=-1 2 10 9 5 -4 -6 8 -5 -3 -2 -12
right_child=1 3 4 7 6 -7 -8 -9 -10 -11 11 -13
leaf_value=-0.0050355336217728043 0.0096931170087318497 0.0099096725504891157 -3.6441242129434509e-05 -0.00074479493135535591 0.00046185460974066073 -0.0014786539263007745 -0.0012573394894654013 -0.0011024719111105686 0.00084508520937509601 0.0019168689714945534 -0.00028814724955644164 0.0033866345895576938
leaf_weight=13.999999999999998 11.999999999999998 20 487 168 671 374 42 18 528 10.000000000000002 18.000000000000004 9.9999999999999982
leaf_count=14 12 20 487 168 671 374 42 18 528 10 18 10
internal_value=0.000153993 0.000464722 -0.00169736 0.00515505 -0.00243669 -0.00625756 0.00217729 0.00383689 0.00472334 0.0365272 0.0273954 0.0130454
internal_weight=2372 2358 1614 744 1574 861 713 714 696 30 40 28
internal_count=2372 2358 1614 744 1574 861 713 714 696 30 40 28
is_linear=0
shrinkage=0.0913179


Tree=56
num_leaves=13
num_cat=0
split_feature=9 13 26 14 0 1 16 0 10 0 10 2
split_gain=2.59688 2.50827 3.34975 3.14136 4.29885 2.78639 5.83412 5.16794 3.60114 3.29412 2.56665 2.15501
threshold=-0.99985146406598202 0.9053161325100999 -4.4999999999999991 -0.25829974943412232 2.5000000000000004 10.500000000000002 0.99897831515029056 3.5000000000000004 -0.99761278905001471 5.5000000000000009 -0.87810534180523914 26.500000000000004
decision_type=2 2 2 2 2 2 2 2 2 2 2 2
left_child=-1 5 -3 4 -4 6 7 -2 -7 -10 -5 -8
right_child=1 2 3 10 -6 8 11 -9 9 -11 -12 -13
leaf_value=-0.0045756990164694559 -1.2338914302627106e-06 -0.0079382404601580723 -1.6965005698322193e-05 -0.0038945471386465152 0.006621411522472101 0.0033498772560465462 0.0069229401053207415 -0.0024759319764218741 -7.1753511171855945e-05 0.0015735453582100111 0.00077459521686306136 4.4465065692995445e-05
leaf_weight=13.999999999999998 325 10.999999999999998 22 24 29 12.999999999999998 13.000000000000002 253 1230 204 223 10.999999999999998
leaf_count=14 325 11 22 24 29 13 13 253 1230 204 223 11
internal_value=7.69966e-05 0.000309815 0.00797924 0.00980595 0.0304393 -0.000846775 -0.00606764 -0.00789948 0.00132528 0.000891528 0.00554562 0.0380491
internal_weight=2372 2358 309 298 51 2049 602 578 1447 1434 247 24
internal_count=2372 2358 309 298 51 2049 602 578 1447 1434 247 24
is_linear=0
shrinkage=0.0913179


Tree=57
num_leaves=14
num_cat=0
split_feature=13 11 12 13 0 0 5 12 12 11 1 0 14
split_gain=2.57133 2.80619 5.87238 4.92995 6.87844 4.26015 3.49346 2.61717 2.95435 2.75411 2.36688 1.38846 0.571429
threshold=-0.99924583956102309 -0.083761810613582982 0.99138911339924218 0.7036627660344027 1.0000000180025095e-35 2.5000000000000004 273.50000000000006 -0.97876680704815899 -0.91597566659893348 0.10837544681456417 29.500000000000004 3.5000000000000004 -0.0032254488771075993
decision_type=2 2 2 2 2 2 2 2 2 2 2 2 2
left_child=11 2 3 5 -5 -2 7 9 -9 -3 12 -1 -8
right_child=1 6 -4 4 -6 -7 10 8 -10 -11 -12 -13 -14
leaf_value=0.00038599534447925158 0.00084611600926870554 -0.00031099533517841454 0.0080386526283928537 -0.001578272317056153 0.0023496203464342274 -0.0009482886833038157 -0.0033853149802697828 -0.0022158271737739762 -0.00017774851175217737 0.0070023797307437081 -0.0021124198298767523 0.0062071754699056861 -0.00042726191381463368
leaf_weight=16.000000000000004 350 32 19 40 237 471 13.999999999999998 78 1036 39 15.999999999999998 9.9999999999999982 14.000000000000002
leaf_count=16 350 32 19 40 237 471 14 78 1036 39 16 10 14
internal_value=-0.00046198 -0.000778499 0.00253434 0.00166335 0.0121977 -0.00189087 -0.00378943 -0.00285128 -0.00393471 0.0141479 -0.0290557 0.0280978 -0.0130454
internal_weight=2372 2346 1117 1098 277 821 1229 1185 1114 71 44 26 28
internal_count=2372 2346 1117 1098 277 821 1229 1185 1114 71 44 26 28
is_linear=0
shrinkage=0.0913179


Tree=58
num_leaves=12
num_cat=0
split_feature=10 0 0 14 11 14 5 14 14 14 0
split_gain=2.64684 4.66113 7.41107 2.33899 2.04969 3.42984 3.14347 2.60671 2.75943 2.29938 1.38462
threshold=0.99855310097228323 2.5000000000000004 4.5000000000000009 0.99895983886342388 0.22700019328474733 0.9953013416090124 271.50000000000006 0.24580949056559431 0.29548278597363703 -0.99590385478523458 3.5000000000000004
decision_type=2 2 2 2 2 2 2 2 2 2 2
left_child=3 -2 -3 4 5 6 -1 9 -9 -6 -5
right_child=1 2 -4 10 7 -7 -8 8 -10 -11 -12
leaf_value=0.00080792181299821353 -0.0046776472593695884 0.0065189551832203693 -0.0021490198658549115 0.0075463799026736847 -0.038943638317003738 -0.0089116917851611317 -0.00023170474797785454 -0.0042561103555939237 -0.00085951978304323062 0.00016983493675510239 0.00030688946734565037
leaf_weight=650 17 11.000000000000002 11.999999999999998 13.000000000000002 18 11.999999999999998 644 12.999999999999998 437 532 12.999999999999998
leaf_count=650 17 11 12 13 18 12 644 13 437 532 13
internal_value=0.00046198 -0.0228295 0.00397035 0.00086149 0.000554402 0.00293672 0.00338737 -0.0025569 -0.00771129 0.00166033 0.0280978
internal_weight=2372 40 23 2332 2306 1306 1294 1000 450 550 26
internal_count=2372 40 23 2332 2306 1306 1294 1000 450 550 26
is_linear=0
shrinkage=0.0913179


Tree=59
num_leaves=20
num_cat=0
split_feature=1 10 14 9 1 14 14 9 14 26 9 0 2 2 0 2 11 14 0
split_gain=2.34307 2.71144 2.75049 2.51307 2.44811 3.85166 2.87194 2.84399 2.77345 2.178 1.96863 2.43203 1.89394 3.87668 1.71429 2.18939 1.97607 1.70316 1.29187
threshold=27.500000000000004 -0.99761278905001471 -0.20180387915585807 -0.99866806308218525 1.5000000000000002 0.9716298204432684 -0.99166805921824908 -0.36647417525074688 0.99895983886342388 9.5000000000000018 -0.8781231054254196 4.5000000000000009 35.500000000000007 18.500000000000004 3.5000000000000004 30.500000000000004 -0.8431462759492121 -0.99923024598162502 1.5000000000000002
decision_type=2 2 2 2 2 2 2 2 2 2 2 2 2 2 2 2 2 2 2
left_child=4 -2 10 -4 8 6 17 -8 14 -5 -3 -12 13 -7 16 -16 -1 -6 -14
right_child=1 2 3 9 5 12 7 -9 -10 -11 11 -13 18 -15 15 -17 -18 -19 -20
leaf_value=0.011435281205403727 0.0022361222950739727 0.01090969381859877 -0.0016282624764018957 0.0024090764200258297 0.00040374035697895565 -0.00050220555021829533 -0.00043494455167871144 0.00029214910046174034 0.005650220362802035 -0.0005016887476763332 -0.00060350677915034262 -0.0020930020736144536 0.010098139292495447 -0.011998129874523207 0.0020195168620364906 -0.00069534880512508719 0.00025993940094290279 -0.013747771566079892 -0.00066556055746023557
leaf_weight=9.9999999999999982 12.999999999999998 19 15.999999999999998 160 22 47 765 1106 13.999999999999998 17 30 13.999999999999998 11.000000000000002 19 16.000000000000004 10.999999999999998 26 37 19
leaf_count=10 13 19 16 160 22 47 765 1106 14 17 30 14 11 19 16 11 26 37 19
internal_value=0.00046198 0.0084868 0.00642079 0.0118287 -0.000564495 -0.0011719 -0.00028389 0.000341649 0.0154173 0.0149617 -0.0101464 -0.0207541 -0.0190246 -0.0276721 0.00724746 -0.0101464 0.0202929 -0.0201209 0
internal_weight=2372 269 256 193 2103 2026 1930 1871 77 177 63 44 96 66 63 27 36 59 30
internal_count=2372 269 256 193 2103 2026 1930 1871 77 177 63 44 96 66 63 27 36 59 30
is_linear=0
shrinkage=0.0913179


Tree=60
num_leaves=16
num_cat=0
split_feature=9 15 16 15 13 18 11 14 0 0 9 15 0 0 2
split_gain=1.98482 2.08938 5.86448 5.90769 4.51347 4.19824 3.32287 3.14853 7.70917 3.71893 5.14209 3.68836 3.50395 1.18193 0.014652
threshold=0.99966190462023474 -0.10409780073360199 0.96294028059917813 -0.20391260997033342 -0.8760533863792066 1.0000000180025095e-35 -0.28622501271271084 0.98484943023723592 1.0000000180025095e-35 2.5000000000000004 0.79383249484937135 0.98699576267654165 4.5000000000000009 3.5000000000000004 26.500000000000004
decision_type=2 2 2 2 2 2 2 2 2 2 2 2 2 2 2
left_child=1 2 4 14 5 -1 -6 9 -9 10 -3 -11 -10 -5 -4
right_child=-2 7 3 13 6 -7 -8 8 12 11 -12 -13 -14 -15 -16
leaf_value=-0.0068590624216278593 0.0053578747274044937 7.6799053262128819e-05 0.011359889804889334 0.00031732943039704579 0.0015951411443596289 -0.0006552711913522096 -4.1319514761259357e-05 -0.012912471036582352 0.00089222142964180445 -0.00042169523270041024 0.002722251257813705 -0.0011777346971815314 -0.0010458438105419307 -0.00066843257964905299 0.0090548490436464391
leaf_weight=19 18 425 12.000000000000002 21 328 150 543 10.999999999999998 43 601 76 72 21 18 13.999999999999998
leaf_count=19 18 425 12 21 328 150 543 11 43 601 76 72 21 18 14
internal_value=0.00023099 0 0.00289242 0.0295027 0.00122928 -0.0124279 0.00387918 -0.00255895 -0.0206987 -0.0014001 0.00455678 -0.00583458 -0.00856106 0.00702446 0.0632201
internal_weight=2372 2354 1105 65 1040 169 871 1249 75 1174 501 673 64 39 26
internal_count=2372 2354 1105 65 1040 169 871 1249 75 1174 501 673 64 39 26
is_linear=0
shrinkage=0.0913179


Tree=61
num_leaves=24
num_cat=1
split_feature=0 17 1 1 0 15 2 15 11 2 15 1 20 17 15 2 0 1 11 16 11 13 11
split_gain=2.058 4.55599 4.01739 6.0504 5.50865 5.13282 6.70306 3.89867 4.24038 4.92574 4.05102 4.71908 4.42559 3.6 3.24392 3.22765 3.10446 4.43916 4.35475 2.90957 2.72601 2.11575 0.0969697
threshold=2.5000000000000004 1.0000000180025095e-35 27.500000000000004 29.500000000000004 5.5000000000000009 0.79383983598139407 23.500000000000004 0.95846562273089031 -0.71504042705586657 30.500000000000004 0.9292323845064282 28.500000000000004 0 1.0000000180025095e-35 0.9292323845064282 34.500000000000007 5.5000000000000009 17.500000000000004 -0.12546116083924147 -0.5421908776504708 0.55656748448714433 -0.41007126414776612 -0.63920832810365547
decision_type=2 2 2 2 2 2 2 2 2 2 2 2 9 2 2 2 2 2 2 2 2 2 2
left_child=7 2 5 4 -4 6 -2 10 -9 21 11 12 -1 -13 16 -5 18 -18 -3 -7 -12 -10 -11
right_child=1 14 3 15 -6 19 -8 8 9 22 20 13 -14 -15 -16 -17 17 -19 -20 -21 -22 -23 -24
leaf_value=-0.0035134222738299041 0.00077127117995600932 -0.0050548099544445377 0.011858680683547935 0.00099442033164195281 -0.0027681832112548552 -0.010798121744113856 -0.0021921581822271011 0.011490759513166183 0.0065096389087731608 -0.0013057960903240591 -0.0017155610622888889 -8.6725525901848634e-05 0.00027397786778497393 0.0065141018188186644 0.010676681714708623 -0.00073968339589500416 0.00098037772756639249 0.0040106005359532198 0.00052699693084491336 -0.0015260209393069106 -0.0034943146465101047 0.00020663761662659638 -0.0037429728516977781
leaf_weight=36 258 150 31 17.000000000000004 13.999999999999998 12.999999999999998 250 18 30 10.000000000000002 15.000000000000002 24 796 36 12.999999999999998 10.999999999999998 78 65 278 178 12.999999999999998 26 11.999999999999998
leaf_count=36 258 150 31 17 14 13 250 18 30 10 15 24 796 36 13 11 78 65 278 178 13 26 12
internal_value=0.000307986 -0.00202031 -0.0066241 0.0137602 0.0344979 -0.00875294 -0.00395471 0.00341544 0.020927 0.0117074 0.00158814 0.00266173 0.000878057 0.0273954 0.00406553 -0.0195681 0.0030386 0.0146875 -0.000853439 -0.0215147 -0.0326136 0.0260908 -0.0249049
internal_weight=2372 1356 772 73 45 699 508 1016 96 78 920 892 832 60 584 28 571 143 428 191 28 56 22
internal_count=2372 1356 772 73 45 699 508 1016 96 78 920 892 832 60 584 28 571 143 428 191 28 56 22
cat_boundaries=0 1
cat_threshold=1
is_linear=0
shrinkage=0.0913179


Tree=62
num_leaves=20
num_cat=0
split_feature=8 1 0 3 1 0 15 16 13 15 15 5 16 15 16 9 0 0 0
split_gain=2.62273 3.61218 4.39376 3.34989 2.20919 2.49779 8.21895 5.81818 4.84663 3.35305 6.87633 2.76795 2.47898 6.41212 3.20674 1.90807 1.42156 0.2 0.018648
threshold=1.0000000180025095e-35 30.500000000000004 3.5000000000000004 9.5000000000000018 27.500000000000004 3.5000000000000004 0.86438369386841762 -0.082691941062252985 0.34133941183414723 0.92149396721964838 0.9890126429527718 38.500000000000007 0.96294028059917813 -0.20391260997033342 0.94910885063987094 0.88621069759564464 2.5000000000000004 3.5000000000000004 3.5000000000000004
decision_type=2 2 2 2 2 2 2 2 2 2 2 2 2 2 2 2 2 2 2
left_child=4 16 3 -3 5 9 8 -8 -7 11 -11 -1 14 18 15 -6 -2 -15 -14
right_child=1 2 -4 -5 12 6 7 -9 -10 10 -12 -13 13 17 -16 -17 -18 -19 -20
leaf_value=-0.0030632202289990664 -0.0026258616640597522 0.0088385763400377019 -0.0032771896179079629 -0.00049292520485351454 0.00059761790348634406 -0.00059708144103910363 -0.0019105458872009412 -0.0010298925203376806 0.0010849336399850571 0.0042959263273406679 -0.00017627249345354056 0.00015816300956800601 0.009478536732336321 0.0053704949782573579 -0.0028945125373249 0.0090152109239051027 -0.00018518873415247823 -0.00065075243205600858 0.0062307517091420087
leaf_weight=86 12.999999999999998 17.000000000000004 19 9.9999999999999982 114 467 33 99 301 62 65 990 11.000000000000002 10.000000000000002 15.999999999999998 17 19 9.9999999999999982 12.999999999999998
leaf_count=86 13 17 19 10 114 467 33 99 301 62 65 990 11 10 16 17 19 10 13
internal_value=7.69966e-05 -0.0163904 0 0.023675 0.000636917 -0.000217114 -0.00385565 -0.0249049 -0.000237807 0.00250498 0.0165379 0.00084868 0.0100402 0.0290557 0.00434847 0.00906209 -0.0399516 -0.00913179 0.0608786
internal_weight=2372 78 46 27 2294 2103 900 132 768 1203 127 1076 191 44 147 131 32 20 24
internal_count=2372 78 46 27 2294 2103 900 132 768 1203 127 1076 191 44 147 131 32 20 24
is_linear=0
shrinkage=0.0913179


Tree=63
num_leaves=21
num_cat=1
split_feature=0 10 0 5 11 13 0 10 16 10 16 8 13 16 19 10 11 16 10 2
split_gain=2.73448 4.57915 18.8901 6.97327 6.76234 8.30108 5.23833 10.0058 6.38224 6.11592 4.50617 3.48133 3.97761 4.06022 3.35178 3.14286 2.01801 1.13613 0.864706 0.8
threshold=3.5000000000000004 -0.40613878790836588 1.5000000000000002 241.50000000000003 -0.8431462759492121 -0.18281597401273728 2.5000000000000004 -0.099822328936730778 -0.35042475891464192 0.99895983886342388 0.92104391872432934 1.0000000180025095e-35 0.99897542822295915 0.99840062925627227 0 -0.98801846520836334 -0.99467753128998015 -0.3804332934655118 -0.30982845708428081 34.500000000000007
decision_type=2 2 2 2 2 2 2 2 2 2 2 2 2 2 9 2 2 2 2 2
left_child=1 2 3 15 16 -6 9 18 -9 10 -3 12 13 14 -2 -1 -4 19 -8 -13
right_child=11 6 4 -5 5 -7 7 8 -10 -11 -12 17 -14 -15 -16 -17 -18 -19 -20 -21
leaf_value=0.00076648348022491353 -0.00054454315057228661 0.00013973806512875838 0.0066945783534120033 0.013948195641728646 0.0054778840878961467 -0.00013128193411843318 -0.0045182470821826257 -0.0062914893946902899 0.0011044187110395333 -0.0033326123688405189 0.004544481385458151 -0.00047598125872857084 0.01265163528463354 0.006273839798948088 0.00065353029948729774 -0.0014421943240015447 0.0075995816424914752 -0.0016113903687127013 -0.015922200920631756 -0.010431808911932369
leaf_weight=33 700 552 9.9999999999999982 17 109 84 9.9999999999999982 66 114 14.999999999999998 77 10.000000000000002 9.9999999999999982 9.9999999999999982 263 198 46 13.999999999999998 24 9.9999999999999982
leaf_count=33 700 552 10 17 109 84 10 66 114 15 77 10 10 10 263 198 46 14 24 10
internal_value=7.69966e-05 0.00276313 0.00973813 -0.00810079 0.0275054 0.0193991 -0.00127717 -0.013655 -0.00507322 0.00283596 0.00421021 -0.00350187 -0.00250822 -0.00309711 -0.00369823 -0.0122548 0.055443 -0.0322299 -0.0590881 -0.0182636
internal_weight=2372 1355 497 248 249 193 858 214 180 644 629 1017 983 973 963 231 56 34 34 20
internal_count=2372 1355 497 248 249 193 858 214 180 644 629 1017 983 973 963 231 56 34 34 20
cat_boundaries=0 1
cat_threshold=44
is_linear=0
shrinkage=0.0913179


Tree=64
num_leaves=14
num_cat=0
split_feature=9 1 15 0 2 13 23 15 13 15 9 2 0
split_gain=4.50407 2.95956 2.93188 3.82403 2.85286 2.55822 4.14527 2.86499 2.64399 2.2171 1.3699 0.8 0.233333
threshold=-0.99985146406598202 1.5000000000000002 0.84487857356050267 4.5000000000000009 21.500000000000004 0.85673801594079257 1.0000000180025095e-35 -0.99940763397299126 -0.99924583956102309 -0.99051733471092085 0.46800856592688467 36.500000000000007 3.5000000000000004
decision_type=2 2 2 2 2 2 2 2 2 2 2 2 2
left_child=-1 2 3 4 -2 7 9 11 -9 -7 -8 -3 -4
right_child=1 5 12 -5 -6 6 10 8 -10 -11 -12 -13 -14
leaf_value=-0.0035828260139502697 0.00077104126297801358 -0.00048830052807070879 0.001673713415585481 -0.00037706048524055685 0.010293603025421372 0.0062237260988809665 0.004029128775581212 0.00033921233114375519 -0.00015023948575599531 0.00012144780318653531 0.0035596380980332937 -0.0093661694741708473 -0.00081221523460157333
leaf_weight=13.999999999999998 12.000000000000002 10.000000000000002 14.000000000000002 14.999999999999998 19 24 13.000000000000002 21 1874 326 9.9999999999999982 9.9999999999999982 9.9999999999999982
leaf_count=14 12 10 14 15 19 24 13 21 1874 326 10 10 10
internal_value=-0.000538976 -0.000232361 0.0182636 0.0317628 0.0500776 -0.000798234 0.00612051 -0.00214585 -0.00178299 0.00365272 0.0436738 -0.0365272 -0.00760983
internal_weight=2372 2358 70 46 31 2288 373 1915 1895 350 23 20 24
internal_count=2372 2358 70 46 31 2288 373 1915 1895 350 23 20 24
is_linear=0
shrinkage=0.0913179


Tree=65
num_leaves=6
num_cat=0
split_feature=9 5 16 12 26
split_gain=2.53606 2.24492 3.56934 1.98451 1.91079
threshold=-0.99985146406598202 363.50000000000006 0.99937124330143423 0.99865940500831329 -19.499999999999996
decision_type=2 2 2 2 2
left_child=-1 2 3 4 -2
right_child=1 -3 -4 -5 -6
leaf_value=-0.0032556496887099547 -0.0011164398390167587 -0.00068048923659517211 0.0030984488642369201 -0.0062327160837228742 2.0031198320157909e-05
leaf_weight=13.999999999999998 78 15.999999999999998 18 18 2228
leaf_count=14 78 16 18 18 2228
internal_value=-0.000384983 -0.000154907 7.79829e-05 -0.000235761 0
internal_weight=2372 2358 2342 2324 2306
internal_count=2372 2358 2342 2324 2306
is_linear=0
shrinkage=0.0913179


Tree=66
num_leaves=9
num_cat=0
split_feature=9 9 10 14 9 9 9 17
split_gain=1.49683 2.58697 1.36119 1.68074 3.272 1.83177 0.190476 0.0119048
threshold=-0.99866806308218525 -0.99763297024448894 -0.99983123799342488 -0.99590385478523458 -0.85227431625818906 0.48314048284850658 -0.99985146406598202 1.0000000180025095e-35
decision_type=2 2 2 2 2 2 2 2
left_child=6 -2 -3 4 -4 -5 -1 -8
right_child=1 2 3 5 -6 -7 7 -9
leaf_value=-0.0029583504346367018 0.003894015368397757 0.0025163136684107907 0.0029843266042994579 -0.00015818621649721815 -0.012751775815337976 0.00029745905557009348 -0.0028388730999861912 -0.0010729900303991019
leaf_weight=13.999999999999998 13.999999999999998 11.999999999999998 21 1520 37 726 15.999999999999998 12.000000000000002
leaf_count=14 14 12 21 1520 37 726 16 12
internal_value=-0.000307986 0 -0.000236575 -0.000396345 -0.0157445 0 -0.0173939 -0.0130454
internal_weight=2372 2330 2316 2304 58 2246 42 28
internal_count=2372 2330 2316 2304 58 2246 42 28
is_linear=0
shrinkage=0.0913179


Tree=67
num_leaves=25
num_cat=0
split_feature=13 0 0 11 15 5 5 15 13 0 10 14 26 26 14 13 15 1 9 14 9 13 13 15
split_gain=2.75559 4.15561 6.71637 11.2423 9.21215 5.07739 5.00721 4.19001 3.6273 4.00551 5.64103 3.33333 3.17673 11.5724 3.57143 2.93333 2.62287 2.61949 2.43056 2.20694 2.45556 2.67345 2.11722 1.84024
threshold=-0.70596181949113168 1.0000000180025095e-35 4.5000000000000009 0.074116354202380164 0.68823599250537171 102.50000000000001 92.500000000000014 0.78723768647009995 -0.51850244724470385 4.5000000000000009 -0.28519997588938983 -0.73282764931651345 -24.499999999999996 -19.499999999999996 -0.92105882467153488 -0.59868754826434367 0.93771544905322113 1.5000000000000002 0.89787622492179153 0.46229521128428647 -0.59869031648930193 -0.97603817029354423 -0.95243726904160286 0.70290942831342285
decision_type=2 2 2 2 2 2 2 2 2 2 2 2 2 2 2 2 2 2 2 2 2 2 2 2
left_child=1 19 4 5 6 -4 -3 -6 9 16 15 -12 18 14 -14 -11 23 -15 -10 20 -1 -22 -5 -2
right_child=8 2 3 22 7 -7 -8 -9 12 10 11 -13 13 17 -16 -17 -18 -19 -20 -21 21 -23 -24 -25
leaf_value=0.002341548591685103 0.0020850014392811778 0.0047421108647922386 0.0080172591391653985 -0.0020667274568732593 0.0081639330838362157 -0.00033001206188459686 -0.0016435749551246067 0.0018424006300036626 0.0036593454667801996 -0.0068387543124768628 0.00039346210298798958 0.010383917096162255 -0.017492588372346223 0.0019956495168345118 -0.0075576663534171517 0.0040732302691819247 0.010250643721862117 -5.3282816765627343e-06 0.00030234222860939827 0.0032991442023226651 -0.00065149260033123344 -0.006661831402553265 -0.0032192569938907494 -0.0010406072452872059
leaf_weight=10.999999999999998 87 52 20 32 12.999999999999998 71 206 81 18 12.000000000000002 15.000000000000002 14.999999999999998 14.000000000000002 54 13.999999999999998 9.9999999999999982 11.999999999999998 1465 13.999999999999998 17 24 35 52 28
leaf_count=11 87 52 20 32 13 71 206 81 18 12 15 15 14 54 14 10 12 1465 14 17 24 35 52 28
internal_value=-0.000384983 -0.0056516 -0.00259918 -0.01722 0.00466967 0.00501747 -0.00424735 0.029144 0.00145444 0.0137742 0.0351223 0.0608786 5.78328e-05 -0.000531262 -0.0587044 0 0.00503327 0.000541054 0.0285369 -0.0241415 -0.031309 -0.038694 -0.0413105 0.000794069
internal_weight=2372 614 527 175 352 91 258 94 1758 179 52 30 1579 1547 28 22 127 1519 32 87 70 59 84 115
internal_count=2372 614 527 175 352 91 258 94 1758 179 52 30 1579 1547 28 22 127 1519 32 87 70 59 84 115
is_linear=0
shrinkage=0.0913179


Tree=68
num_leaves=23
num_cat=1
split_feature=10 14 0 1 1 2 13 20 0 10 26 13 16 0 0 1 10 1 9 9 0 1
split_gain=2.26899 5.11288 3.8805 3.51726 5.48245 3.82906 2.80653 2.69453 2.41975 6.50465 4.90832 4.05104 3.60668 2.41249 4.31026 2.21454 1.93143 1.78152 2.30943 2.01238 0.57619 0.385714
threshold=-0.83375966452616657 -0.041918622026438042 1.0000000180025095e-35 6.5000000000000009 3.5000000000000004 23.500000000000004 -0.8431462759492121 0 2.5000000000000004 0.99895983886342388 -28.499999999999996 -0.7912172255939699 -0.59867820553661022 4.5000000000000009 1.5000000000000002 21.500000000000004 -0.98801846520836334 25.500000000000004 -0.52766804058324157 -0.62588817255938378 3.5000000000000004 2.5000000000000004
decision_type=2 2 2 2 2 2 2 9 2 2 2 2 2 2 2 2 2 2 2 2 2 2
left_child=1 2 15 4 -4 -5 7 20 9 11 -10 -8 -12 14 -3 16 -1 19 -19 -9 -2 -16
right_child=6 13 3 5 -6 -7 8 17 10 -11 12 -13 -14 -15 21 -17 -18 18 -20 -21 -22 -23
leaf_value=-0.0064636381664432583 -0.0033796576046919665 0.00048724746342940564 0.00030128520463802911 0.0052184552564023493 -0.006590809952933905 0.00052821607048129113 0.0074184194542385095 0.0021993884121537166 0.0074008759696250776 -0.003549432325888717 0.00076051886670840661 0.00033841707259828625 -0.00068586358201975551 0.00017719800914932081 0.0086197777608767474 0.00054040742842283 -0.0032111374364545966 0.00095649687055467472 -0.00046170152826237104 -0.0025542386536738519 -0.012051324510904793 0.0074459963626817248
leaf_weight=9.9999999999999982 14.000000000000002 14.999999999999998 21 21 34 252 23 26 10.999999999999998 14.999999999999998 308 645 588 19 10.000000000000002 19 25 26 45 221 9.9999999999999982 13.999999999999998
leaf_count=10 14 15 21 21 34 252 23 26 11 15 308 645 588 19 10 19 25 26 45 221 10 14
internal_value=0.000307986 0.00622622 0.00239052 0.00612498 -0.0149429 0.0103694 -0.00103985 -0.00854437 0.000574327 0.00467954 -0.00251703 0.00601495 -0.00326136 0.0314889 0.0444882 -0.0202929 -0.0339181 -0.00631759 0.00643084 -0.00998212 -0.0380491 0.0684885
internal_weight=2372 440 382 328 55 273 1932 342 1590 683 907 668 896 58 39 54 35 318 71 247 24 24
internal_count=2372 440 382 328 55 273 1932 342 1590 683 907 668 896 58 39 54 35 318 71 247 24 24
cat_boundaries=0 1
cat_threshold=1
is_linear=0
shrinkage=0.0913179


Tree=69
num_leaves=16
num_cat=0
split_feature=11 0 13 11 11 5 0 15 15 1 14 1 5 17 0
split_gain=2.11164 2.49549 1.71275 3.06627 3.13131 3.15512 2.22765 1.97227 2.73471 4.54545 2.67856 2.64927 2.53495 1.5133 0.997403
threshold=0.99865421017599987 1.5000000000000002 -0.8760533863792066 -0.95244167294248061 -0.90163369914317004 218.50000000000003 3.5000000000000004 -0.067682409684136677 -0.009675938370516798 15.500000000000002 -0.99698452691574591 1.5000000000000002 315.50000000000006 1.0000000180025095e-35 3.5000000000000004
decision_type=2 2 2 2 2 2 2 2 2 2 2 2 2 2 2
left_child=2 -2 3 14 6 -6 -5 10 9 -9 -4 -12 -10 -3 -1
right_child=1 13 7 4 5 -7 -8 8 12 -11 11 -13 -14 -15 -16
leaf_value=-0.016084880007614901 0.0043656528841318496 -0.0051457873880997569 -0.032536294161026637 9.0561400053616311e-06 6.8558643517502486e-05 -0.0029082781858244719 0.010289607319370349 0.00025998670266005652 -0.00011196052767885076 -0.0074737871346665079 0.003645562454296797 0.0003258261491102982 0.0029938581070290612 -0.00021497107765241968 -0.013988663466964531
leaf_weight=11.000000000000002 9.9999999999999982 15 18 17.000000000000004 218 119 10.999999999999998 11.000000000000002 946 10.999999999999998 23 903 35 14 9.9999999999999982
leaf_count=11 10 15 18 17 218 119 11 11 946 11 23 903 35 14 10
internal_value=0 -0.0210734 0.000352277 -0.00520465 -0.00325242 -0.00569044 0.0260908 0.00145396 -0.00136567 -0.0332065 0.00444982 0.00512801 -0.000651606 -0.0346378 -0.0391363
internal_weight=2372 39 2333 386 365 337 28 1947 1003 22 944 926 981 29 21
internal_count=2372 39 2333 386 365 337 28 1947 1003 22 944 926 981 29 21
is_linear=0
shrinkage=0.0913179


Tree=70
num_leaves=20
num_cat=0
split_feature=9 10 21 16 11 0 1 14 16 0 1 26 14 9 0 11 0 0 0
split_gain=1.61817 2.68388 2.2171 2.69278 2.55691 1.92176 4.86003 3.80377 1.84326 2.50532 2.30408 1.68337 4.15577 4.10605 2.66957 2.25555 4.72069 2.14097 1.66667
threshold=0.48314048284850658 -0.83375966452616657 1.0000000180025095e-35 0.99681593486783615 0.86972315351350449 2.5000000000000004 27.500000000000004 0.79513322984152557 -0.0096761900367887989 1.5000000000000002 29.500000000000004 -4.4999999999999991 -0.9399179710378005 0.82414472752956958 4.5000000000000009 0.92023804793023134 1.5000000000000002 1.0000000180025095e-35 4.5000000000000009
decision_type=2 2 2 2 2 2 2 2 2 2 2 2 2 2 2 2 2 2 2
left_child=2 18 3 5 8 7 -7 -1 9 -4 -10 12 13 -3 -14 17 -17 -13 -2
right_child=1 11 4 -5 -6 6 -8 -9 10 -11 -12 15 14 -15 -16 16 -18 -19 -20
leaf_value=0.00087434216956608921 0.0067362894665256145 0.0061347571568110262 0.00094849459977189461 -0.0095279500272419139 0.0034314238219024661 -0.0011316213412745522 0.0041841435988670501 -0.0033902861426840084 0.00058366638817775594 -0.0021178048934560692 -0.00030904343984435034 -0.0010549646862154812 -0.0033053141132237344 8.3625403014570026e-05 0.00014153245378486595 0.0037143962789791323 0.00048883785240519959 0.00030682906136539074 0.00049176662410464788
leaf_weight=339 20.000000000000004 11.999999999999998 50 14.999999999999998 17 498 51 70 440 124 24 69 73 53 30 18 40 419 9.9999999999999982
leaf_count=339 20 12 50 15 17 498 51 70 440 124 24 69 73 53 30 18 40 419 10
internal_value=0.000153993 0.00368218 -0.00145839 -0.00422334 0.00264892 -0.00362222 -0.00715241 0.00111636 0.00171758 -0.00629779 0.00472334 0.00255793 -0.00543559 0.012644 -0.0168451 0.00501747 0.0220423 0.00299403 0.0304393
internal_weight=2372 744 1628 973 655 958 549 409 638 174 464 714 168 65 103 546 58 488 30
internal_count=2372 744 1628 973 655 958 549 409 638 174 464 714 168 65 103 546 58 488 30
is_linear=0
shrinkage=0.0913179


Tree=71
num_leaves=21
num_cat=0
split_feature=1 15 13 1 0 23 14 14 1 1 0 17 10 1 10 0 10 0 21 0
split_gain=2.99403 2.69742 2.47246 1.75725 2.55956 4.73103 4.00659 6.80195 4.22912 3.26937 2.73618 1.71905 1.6103 6.5641 2.21591 4.75716 2.54301 1.78285 1.60502 0.233333
threshold=1.5000000000000002 0.84487857356050267 0.038694985031638006 6.5000000000000009 3.5000000000000004 1.0000000180025095e-35 -0.9399179710378005 -0.98371105771731127 30.500000000000004 30.500000000000004 4.5000000000000009 1.0000000180025095e-35 -0.87810534180523914 3.5000000000000004 -0.83375966452616657 1.5000000000000002 -0.50557503990954278 1.5000000000000002 11.000000000000002 3.5000000000000004
decision_type=2 2 2 2 2 2 2 2 2 2 2 2 2 2 2 2 2 2 2 2
left_child=1 2 18 12 6 9 7 -5 -8 -6 -7 -4 13 -2 15 -14 -16 -15 -1 -3
right_child=3 19 11 4 5 10 8 -9 -10 -11 -12 -13 14 17 16 -17 -18 -19 -20 -21
leaf_value=0.0051597118562062222 0.0042627604417325117 0.0013030537129655997 0.0020149358335994024 -0.00044357227225688282 -0.00027530224389336216 -0.00043046287341578414 5.0612219496995872e-05 0.0049128581649229572 0.0062550988852974792 -0.0025855155403959927 0.0030021547604327978 -0.00045308956111352202 -0.0030378438614175407 -0.0074553765542570687 -0.004360578118763437 0.0067676246484251554 -0.0006766853465415022 -0.0055796936795884768 0.0027436588244930111 -0.00064562288016379828
leaf_weight=11.000000000000002 12.999999999999998 14.000000000000002 10 23 763 12.999999999999998 981 62 22 15.999999999999998 27 14 9.9999999999999982 9.9999999999999982 28 27 271 29 18 9.9999999999999982
leaf_count=11 13 14 10 23 763 13 981 62 22 16 27 14 10 10 28 27 271 29 18 10
internal_value=7.69966e-05 0.0177892 0.0292907 -0.000517269 0.000622514 -0.00323348 0.00352514 0.0225609 0.00191194 -0.00480621 0.0273954 0.00760983 -0.00611924 -0.0210734 -0.00380491 0.0172764 -0.00641364 -0.0398053 0.0472334 -0.00760983
internal_weight=2372 77 53 2295 1907 819 1088 85 1003 779 40 24 388 52 336 37 299 39 29 24
internal_count=2372 77 53 2295 1907 819 1088 85 1003 779 40 24 388 52 336 37 299 39 29 24
is_linear=0
shrinkage=0.0913179


Tree=72
num_leaves=18
num_cat=1
split_feature=9 10 1 16 1 15 21 1 0 8 20 6 25 1 10 1 4
split_gain=2.34815 2.58629 2.20817 3.60609 2.52246 2.06707 2.15724 2.01068 2.02157 1.99763 1.79203 1.66667 1.62686 5.64226 1.76126 1.5 0.571429
threshold=0.48314048284850658 -0.83375966452616657 1.5000000000000002 0.99464131285206159 3.5000000000000004 0.86438369386841762 16.500000000000004 2.5000000000000004 5.5000000000000009 1.0000000180025095e-35 0 1.0000000180025095e-35 1.0000000180025095e-35 24.500000000000004 0.19969739736768835 30.500000000000004 3.5000000000000004
decision_type=2 2 2 2 2 2 2 2 2 2 9 2 2 2 2 2 2
left_child=2 11 5 7 10 6 -1 16 -9 12 -5 -2 14 -14 -3 -11 -4
right_child=1 9 3 4 -6 -7 -8 8 -10 15 -12 -13 13 -15 -16 -17 -18
leaf_value=0.0032313158548554987 0.0058481139407164434 0.00017837553900002759 -0.0029096382363122384 -0.020375308437190594 -0.0027010209204969241 -0.00058666592255530049 0.00014179810247376062 -0.00025102497235121232 0.0016368998172171126 -0.0033886478572259893 0.00040691792098737812 0.00025590869002698607 -0.00089196806672689651 0.0048732689915977154 0.0014947800398494462 -0.00076514567671583751 -0.007157625702254233
leaf_weight=18 20 400 14 11 15.999999999999998 11.999999999999998 17 1293 214 12 19 10.000000000000002 154 19 117 12 14
leaf_count=18 20 400 14 11 16 12 17 1293 214 12 19 10 154 19 117 12 14
internal_value=-7.69966e-05 0.00417313 -0.00201932 -0.00259918 -0.0277924 0.0174864 0.0286999 -0.00184421 -0.0013937 0.00306951 -0.0121757 0.0304393 0.00397035 -0.00369495 0.00653533 -0.0228295 -0.0260908
internal_weight=2372 744 1628 1581 46 47 35 1535 1507 714 30 30 690 173 517 24 28
internal_count=2372 744 1628 1581 46 47 35 1535 1507 714 30 30 690 173 517 24 28
cat_boundaries=0 1
cat_threshold=4
is_linear=0
shrinkage=0.0913179


Tree=73
num_leaves=12
num_cat=0
split_feature=9 16 1 15 14 10 6 1 21 11 13
split_gain=2.06659 2.81088 2.63758 3.58875 2.48308 1.96608 1.89207 1.60087 1.55152 1.41833 1.38462
threshold=0.99966190462023474 0.98770287048522665 3.5000000000000004 -0.067682409684136677 0.99895983886342388 0.99803555425430601 1.0000000180025095e-35 1.5000000000000002 19.000000000000004 -0.98214488425316748 1.0000000180025095e-35
decision_type=2 2 2 2 2 2 2 2 2 2 2
left_child=1 4 6 8 5 9 7 -3 -4 -1 -6
right_child=-2 2 3 -5 10 -7 -8 -9 -10 -11 -12
leaf_value=0.0019268571523115212 0.0036618887381602537 0.0025730947983478424 0.00027431804048192512 -0.0089824282795391234 0.0023518217890864139 0.0074900125201570467 0.0012168623363262409 -0.0064238341383727028 -0.00026252094493399208 -9.4210052497344085e-05 0.0011299043796588284
leaf_weight=143 18 13.999999999999998 10 19 13.000000000000002 12.999999999999998 13.999999999999998 30 12 2073 12.999999999999998
leaf_count=143 18 14 10 19 13 13 14 30 12 2073 13
internal_value=-0.000384983 -0.000620683 -0.0156809 -0.033409 4.04958e-05 -0.000286777 -0.00314889 -0.0124524 -0.00830163 -0.000494502 0.0280978
internal_weight=2372 2354 99 41 2255 2229 58 44 22 2216 26
internal_count=2372 2354 99 41 2255 2229 58 44 22 2216 26
is_linear=0
shrinkage=0.0913179


Tree=74
num_leaves=10
num_cat=1
split_feature=5 5 0 10 0 0 19 13 0
split_gain=2.19453 2.62795 1.67629 3.80031 16.6304 4.62898 2.72283 4.7229 2.97369
threshold=363.50000000000006 361.50000000000006 3.5000000000000004 -0.40613878790836588 1.5000000000000002 2.5000000000000004 0 -0.70596181949113168 4.5000000000000009
decision_type=2 2 2 2 2 2 9 2 2
left_child=1 2 3 4 -1 -5 7 -4 -8
right_child=-2 -3 6 5 -6 -7 8 -9 -10
leaf_value=-0.00079303662415033602 -0.00023854807052483632 0.0078202831160093193 -0.00098851291281829576 0.00013347021350073571 0.0032618487632989856 -0.0019294510584173226 -0.0034424394647728468 -0.00021949881776417481 0.00135040959108553
leaf_weight=248 15.999999999999998 13.999999999999998 111 632 249 210 104 581 207
leaf_count=248 16 14 111 632 249 210 104 581 207
internal_value=-0.000538976 -0.000310078 -0.00054588 0.00156857 0.00790075 -0.00216907 -0.00336866 -0.00650413 0.00369823
internal_weight=2372 2356 2342 1339 497 842 1003 692 311
internal_count=2372 2356 2342 1339 497 842 1003 692 311
cat_boundaries=0 1
cat_threshold=76
is_linear=0
shrinkage=0.0913179


Tree=75
num_leaves=12
num_cat=0
split_feature=5 11 0 13 13 2 5 0 1 0 18
split_gain=2.20457 2.06553 2.49549 1.8466 2.84118 2.24561 4.11437 2.25898 1.85242 1.57509 1.5133
threshold=363.50000000000006 0.99865421017599987 1.5000000000000002 0.98803388382128687 0.97314989601849466 22.500000000000004 152.50000000000003 1.5000000000000002 28.500000000000004 3.5000000000000004 1.0000000180025095e-35
decision_type=2 2 2 2 2 2 2 2 2 2 2
left_child=1 3 -3 4 8 6 -5 -7 -1 -6 -4
right_child=-2 2 10 5 9 7 -8 -9 -10 -11 -12
leaf_value=-5.4550231969491885e-05 -0.00021676434985189055 0.0037347811307019926 -0.0046624704415285821 -0.00038739016411941152 0.0021053512438792637 -0.0021767580101818155 0.024094589065739566 -0.00016664080785418144 0.00039942909570388153 0.00025031323946345791 -0.00033180688029425202
leaf_weight=2021 15.999999999999998 9.9999999999999982 15 47 32 21 9.9999999999999982 36 125 25 14
leaf_count=2021 16 10 15 47 32 21 10 36 125 25 14
internal_value=-0.00046198 -0.000232558 -0.0210734 0.000118236 0.000704678 -0.0112145 0.00160207 -0.024031 0.000170211 0.0208269 -0.0346378
internal_weight=2372 2356 39 2317 2203 114 57 57 2146 57 29
internal_count=2372 2356 39 2317 2203 114 57 57 2146 57 29
is_linear=0
shrinkage=0.0913179


Tree=76
num_leaves=8
num_cat=0
split_feature=16 16 14 0 16 18 2
split_gain=1.62675 2.05146 1.65583 1.95443 1.71429 1.35098 1.28647
threshold=0.99981043035926087 0.99897831515029056 -0.99590385478523458 1.5000000000000002 -0.49440184119708153 1.5000000000000002 49.500000000000007
decision_type=2 2 2 2 2 2 2
left_child=1 2 3 -1 -5 6 -4
right_child=-2 -3 5 4 -6 -7 -8
leaf_value=0.0030131187054762243 -0.00031781432997665958 0.0021611458383690814 -7.7649627184676239e-05 -0.0013220625201017958 -0.0056043170431447475 0.0018274907758609542 0.0016094684337819934
leaf_weight=15.999999999999998 14.999999999999998 18 2118 13.999999999999998 28 11.999999999999998 151
leaf_count=16 15 18 2118 14 28 12 151
internal_value=-0.00046198 -0.000271203 -0.000507539 -0.0157445 -0.0260908 -0.000120103 -0.000281721
internal_weight=2372 2357 2339 58 42 2281 2269
internal_count=2372 2357 2339 58 42 2281 2269
is_linear=0
shrinkage=0.0913179


Tree=77
num_leaves=20
num_cat=0
split_feature=13 13 0 1 1 16 9 16 0 2 2 2 13 0 0 0 3 9 0
split_gain=2.05751 2.80354 4.27111 1.93183 2.58867 2.59881 2.56466 2.50011 2.05372 1.8 1.74649 1.7193 2.26917 2.25898 7.00171 1.5917 5.54669 1.20839 0.292641
threshold=0.98803388382128687 0.97742141165890761 3.5000000000000004 1.5000000000000002 6.5000000000000009 -0.59867820553661022 -0.50556189049999822 0.96851671873169776 2.5000000000000004 38.500000000000007 38.500000000000007 22.500000000000004 0.99286655449081762 1.5000000000000002 2.5000000000000004 2.5000000000000004 5.5000000000000009 -0.99940763397299126 1.0000000180025095e-35
decision_type=2 2 2 2 2 2 2 2 2 2 2 2 2 2 2 2 2 2 2
left_child=1 3 10 6 5 -5 -1 -6 -8 -4 -3 12 -2 18 -15 -14 -17 -16 -13
right_child=11 2 9 4 7 -7 8 -9 -10 -11 -12 13 15 14 17 16 -18 -19 -20
leaf_value=0.0040674524525132353 -0.0012122671639233733 0.0015082604464383661 0.00031294659847663851 0.000851386112927371 -3.6762278826396729e-05 -0.0015641027543889139 -0.00069891676622283263 0.00037004485442656009 0.0024896446267862337 -0.010216945496171175 0.0066706347902313152 -0.0019155652087220463 0.0055216047073853207 0.011593035781831912 -0.00012487646876036389 -0.0027810477073128663 0.021224924056460887 -0.0064296951053810052 -0.0023644310992724732
leaf_weight=19 12.999999999999998 14.000000000000002 10.000000000000002 71 1798 237 18 49 21 9.9999999999999982 10.999999999999998 11 12.999999999999998 9.9999999999999982 14.999999999999998 19 12.000000000000002 11.000000000000002 10
leaf_count=19 13 14 10 71 1798 237 18 49 21 10 11 11 13 10 15 19 12 11 10
internal_value=-0.000846962 -0.000242652 0.0223222 -0.000701494 -0.00114412 -0.00889461 0.0157445 0.000148324 0.00234149 -0.00913179 0.0474853 -0.0128166 -0.00160207 -0.024031 -0.0101464 0.00830163 -0.00294574 -0.0351223 -0.0478332
internal_weight=2372 2258 45 2213 2155 308 58 1847 39 20 25 114 57 57 36 44 31 26 21
internal_count=2372 2258 45 2213 2155 308 58 1847 39 20 25 114 57 57 36 44 31 26 21
is_linear=0
shrinkage=0.0913179


Tree=78
num_leaves=18
num_cat=0
split_feature=13 9 0 12 0 2 26 10 1 12 26 2 0 0 9 0 11
split_gain=2.03112 3.68838 4.57216 1.73888 4.07716 4.74508 1.98162 4.45789 2.54545 1.40318 1.02479 1.12679 1.84545 5.95043 1.4518 3.79608 0.561039
threshold=0.98803388382128687 -0.99630266176052629 3.5000000000000004 0.9962940241937881 2.5000000000000004 26.500000000000004 20.500000000000004 0.99803555425430601 17.500000000000004 0.99897831515029056 9.5000000000000018 22.500000000000004 1.5000000000000002 2.5000000000000004 0.49812943072827087 4.5000000000000009 -0.039769906970920893
decision_type=2 2 2 2 2 2 2 2 2 2 2 2 2 2 2 2 2
left_child=1 2 -1 6 9 -6 7 -3 -8 -5 11 14 16 -14 -2 -16 -13
right_child=10 3 -4 4 5 -7 8 -9 -10 -11 -12 12 13 -15 15 -17 -18
leaf_value=0.0060614860988937834 0.01336342936900046 -1.7986659181615637e-05 -0.0069046344657435563 -0.011894056735405098 0.0037352339526608297 -0.00032258391437406397 0.00069689200736640995 0.0069809869930834798 -0.0055026139734244001 -8.6923938592279888e-05 -0.0012879114261222856 -0.002141348396511149 0.010534383525007136 -0.0020024176560943657 0.0027235396058588341 -0.0046142648221099191 -0.0017549751273829072
leaf_weight=15.000000000000002 13.999999999999998 2104 12.999999999999998 13.000000000000002 12.999999999999998 23 28 10.999999999999998 22 15.999999999999998 15.999999999999998 10.000000000000002 9.9999999999999982 26 17.000000000000004 9.9999999999999982 10.999999999999998
leaf_count=15 14 2104 13 13 13 23 28 11 22 16 16 10 10 26 17 10 11
internal_value=-0.000923959 -0.000323536 0.0326136 -0.000737096 -0.0154538 0.00507322 -0.000295254 0.000129529 -0.0182636 -0.0409356 -0.0128166 -0.00931816 -0.0176228 -0.00507322 0.00222727 -0.0101464 -0.0391363
internal_weight=2372 2258 28 2230 65 36 2165 2115 50 29 114 98 57 36 41 27 21
internal_count=2372 2258 28 2230 65 36 2165 2115 50 29 114 98 57 36 41 27 21
is_linear=0
shrinkage=0.0913179


Tree=79
num_leaves=20
num_cat=1
split_feature=19 1 5 1 15 13 14 14 12 14 2 13 2 2 6 1 13 10 1
split_gain=1.84511 2.07011 2.0159 2.22396 1.93555 1.92568 1.57032 5.08365 2.87392 1.68598 2.5744 1.55948 3.3986 2.33762 1.53676 1.42751 1.19347 1.18564 0.0329381
threshold=0 1.5000000000000002 268.50000000000006 28.500000000000004 0.29343244258940787 -0.080548585221044036 -0.85672464624562206 -0.83612626785978394 -0.18704161936942101 -0.92600560940762588 8.5000000000000018 -0.67327139002651537 42.500000000000007 30.500000000000004 1.0000000180025095e-35 10.500000000000002 0.074117039608866217 0.64414586362404946 27.500000000000004
decision_type=9 2 2 2 2 2 2 2 2 2 2 2 2 2 2 2 2 2 2
left_child=6 16 3 4 -3 -5 8 17 9 10 -1 13 -13 -9 18 -11 -2 -8 -4
right_child=1 2 14 5 -6 -7 7 11 -10 15 -12 12 -14 -15 -16 -17 -18 -19 -20
leaf_value=0.0040022221174903028 0.0036976635394344623 -0.00059824354839120065 0.0036431752360472202 2.1890594438780479e-05 0.0014885670957778911 0.0021492983892256682 0.0057877351507612052 0.00028323304119509446 -0.0040782360013930652 0.0017914406110813887 -0.00019282733812129788 -8.0487885782342024e-05 0.0025135307640793735 -0.00071183260759477205 0.0072519784220373227 -0.00095714407770432068 7.7526460619060515e-05 0.002457870631099882 0.0018015910856221077
leaf_weight=10.999999999999998 13.000000000000002 303 11.000000000000002 23 164 19 12 59 15.999999999999998 17 184 950 124 365 9.9999999999999982 55 10.999999999999998 13 11.999999999999998
leaf_count=11 13 303 11 23 164 19 12 59 16 17 184 950 124 365 10 55 11 13 12
internal_value=-0.000384983 0.00412199 0.0030327 0.00161466 -0.000195542 0.0217424 -0.00181027 -0.000659552 -0.00806696 -0.00581425 -0.00140489 -0.00134112 0.000510156 -0.00603043 0.0249049 -0.0177563 0.0304393 0.0401799 0.011911
internal_weight=2372 566 542 509 467 42 1806 1523 283 267 195 1498 1074 424 33 72 24 25 23
internal_count=2372 566 542 509 467 42 1806 1523 283 267 195 1498 1074 424 33 72 24 25 23
cat_boundaries=0 1
cat_threshold=216
is_linear=0
shrinkage=0.0913179


Tree=80
num_leaves=28
num_cat=1
split_feature=0 10 0 5 2 13 0 10 16 14 16 16 13 14 13 11 9 13 13 16 0 14 5 13 12 2 20
split_gain=1.74666 3.63669 12.5299 8.73446 8.11783 5.40467 4.05159 8.11465 4.74771 3.6931 3.35023 9.49691 2.98257 8.69998 6.21068 4.19436 4.13945 2.93037 2.71401 2.63008 2.03677 1.78349 1.25017 1.17344 0.862564 0.8 0.635294
threshold=3.5000000000000004 -0.40613878790836588 1.5000000000000002 240.50000000000003 23.500000000000004 -0.23328733056122772 2.5000000000000004 -0.099822328936730778 -0.43346754321236308 0.98484943023723592 0.99024581825578073 0.92104391872432934 0.89405649444168411 -0.25829974943412232 0.83966026687266992 -0.074117039608866189 -0.96235977360714686 0.86655797122257572 0.99531687387553236 -0.88622145408796527 1.0000000180025095e-35 0.98484943023723592 160.50000000000003 0.98372640911059162 -0.89404254237865755 37.500000000000007 0
decision_type=2 2 2 2 2 2 2 2 2 2 2 2 2 2 2 2 2 2 2 2 2 2 2 2 2 2 9
left_child=1 2 3 9 21 -6 10 26 -9 -1 11 -3 14 22 16 18 24 -16 -15 -18 -12 -4 -14 -17 -2 -19 -8
right_child=12 6 4 -5 5 -7 7 8 -10 -11 20 -13 13 15 17 23 19 25 -20 -21 -22 -23 -24 -25 -26 -27 -28
leaf_value=-0.0010447836434538439 0.0014515634854210813 -3.9323282456729389e-05 0.0081868782827138678 0.0096440016476861765 0.0044399361811185856 -0.0017748915966698797 -0.0056782871220128822 -0.0063403038794190777 0.00063128394851759027 -0.011468328378912858 -0.0036659177142912822 0.0056905880844055311 0.0049166323297155914 -0.0067931797349491188 -0.0039870427637920458 0.00038609424505996643 0.0014566084442854852 -0.0022861304151710602 0.02134423964224132 -0.00046051820458437861 -0.0011428995974742456 0.00040452263376299151 0.0055481393923868102 -0.0002612026138730586 0.0074671499282533164 -0.006316431755870721 -0.013112351524648069
leaf_weight=217 12.000000000000002 552 63 19 102 72 24 59 121 11.999999999999998 10.999999999999998 56 17.000000000000004 36 17 35 142 10.000000000000002 9.9999999999999982 667 25 11.999999999999998 11.999999999999998 36 12.999999999999998 9.9999999999999982 9.9999999999999982
leaf_count=217 12 552 63 19 102 72 24 59 121 12 11 56 17 36 17 35 142 10 10 667 25 12 12 36 13 10 10
internal_value=-0.00046198 0.00168483 0.00790075 -0.00662792 0.0223711 0.0115459 -0.00191576 -0.0128016 -0.00507322 -0.0115643 0.00170158 0.00330427 -0.00332229 0.00875652 -0.00534698 -0.00234149 -0.00372279 -0.0419569 -0.0238221 -0.00485374 -0.0253661 0.0474853 0.0535312 0.0115755 0.0328745 -0.0182636 -0.0537164
internal_weight=2372 1355 497 248 249 174 858 214 180 229 644 608 1017 146 871 117 834 37 46 809 36 75 29 71 25 20 34
internal_count=2372 1355 497 248 249 174 858 214 180 229 644 608 1017 146 871 117 834 37 46 809 36 75 29 71 25 20 34
cat_boundaries=0 1
cat_threshold=8
is_linear=0
shrinkage=0.0913179


Tree=81
num_leaves=21
num_cat=0
split_feature=1 14 14 23 26 26 11 10 15 15 15 8 1 0 11 0 15 15 26 11
split_gain=2.91999 3.7495 3.97874 3.75556 2.38683 8.40404 2.06887 3.63018 2.51278 6.2293 3.16967 2.19404 3.77184 2.24618 2.05967 3.39356 6.13124 5.14469 3.03416 1.43772
threshold=6.5000000000000009 0.99895983886342388 0.99746264089885661 1.0000000180025095e-35 -23.499999999999996 -15.499999999999998 0.22700019328474733 0.18281312110578127 -0.59610264902196819 -0.41887844496219279 -0.9873387547174689 1.0000000180025095e-35 29.500000000000004 2.5000000000000004 0.40614137006726808 2.5000000000000004 0.59868754826434312 0.67799886003753596 25.500000000000004 0.99865421017599987
decision_type=2 2 2 2 2 2 2 2 2 2 2 2 2 2 2 2 2 2 2 2
left_child=1 2 4 -3 -1 -6 7 11 10 -10 -9 12 -2 -13 15 16 -8 -17 19 -16
right_child=6 3 -4 -5 5 -7 14 8 9 -11 -12 13 -14 -15 18 17 -18 -19 -20 -21
leaf_value=0.0031909323112989307 0.00090515609754156408 0.0025204974646666459 -0.020414695791468679 -0.00011282972700407403 -0.02407380159039936 -0.00043097049037909099 -0.00070173506246493913 -0.0098537092590643676 -0.0076489442331931085 -0.00013297928808977497 0.0021678789932615531 -0.0034322098707249712 0.012141353325286283 0.00013022823435193822 9.6170883381269877e-05 -0.00042028351885089891 -0.0086266808917825847 0.0048151636034646107 -0.0096593480463204196 -0.0015813759154161488
leaf_weight=9.9999999999999982 522 18 11.999999999999998 12.000000000000002 9.9999999999999982 403 46 28 42 295 119 12.000000000000002 11.999999999999998 19 664 71 14.999999999999998 10.999999999999998 11.999999999999998 39
leaf_count=10 522 18 12 12 10 403 46 28 42 295 119 12 12 19 664 71 15 11 12 39
internal_value=-0.000384983 -0.00687339 -0.00902683 0.0243515 -0.00755586 -0.00862324 0.00119714 0.00391736 -0.00188673 -0.00623238 0.00807574 0.00888936 0.0102604 -0.0147287 -0.00212862 -0.0121332 -0.0284433 0 -0.000127717 0.000649488
internal_weight=2372 465 435 30 423 413 1907 1049 484 337 147 565 534 31 858 143 61 82 715 703
internal_count=2372 465 435 30 423 413 1907 1049 484 337 147 565 534 31 858 143 61 82 715 703
is_linear=0
shrinkage=0.0913179


Tree=82
num_leaves=25
num_cat=2
split_feature=13 19 16 5 26 2 0 9 0 2 9 0 20 0 17 11 0 0 15 0 13 12 14 9
split_gain=2.44273 4.12499 3.75099 3.44518 3.35283 2.57181 5.12232 3.28077 8.64 2.75783 2.44327 2.75634 6.27605 3.57768 5.45808 2.53991 2.04202 1.83224 5.20277 2.5197 4.40866 2.31025 2.3017 0.71334
threshold=-0.70596181949113168 0 0.99611390731392835 315.50000000000006 -27.499999999999996 25.500000000000004 1.5000000000000002 0.074116354202380164 2.5000000000000004 26.500000000000004 -0.55657520495441892 4.5000000000000009 1 2.5000000000000004 1.0000000180025095e-35 -0.95244167294248061 1.5000000000000002 3.5000000000000004 -0.99467753128998015 1.0000000180025095e-35 -0.99924583956102309 0.80800279670863706 0.46229521128428647 -0.65882179392489248
decision_type=2 9 2 2 2 2 2 2 2 2 2 2 9 2 2 2 2 2 2 2 2 2 2 2
left_child=10 2 3 4 -2 6 -3 9 -9 -7 11 13 -13 14 -1 -15 -5 19 -19 22 -21 -20 -12 -14
right_child=1 5 -4 16 -6 7 -8 8 -10 -11 17 12 23 15 -16 -17 -18 18 21 20 -22 -23 -24 -25
leaf_value=0.0018885787023487726 0.0046301792706023165 -0.0041352766081917524 -0.0045653808527240016 0.0056135219373473089 -0.00015507580737592275 0.0033142748821720991 0.0086339459157405655 0.0071210931227055742 -0.0086673678710218818 0.00053197007476075086 -0.0032099207375117598 0.0045300856456602437 -0.00050864523865597178 -0.002893172660784486 -0.0044464706118138983 0.0041110309990893415 0.0013077912362873317 -0.011409386792291904 -6.7788105684187335e-05 -0.0021602083222062485 0.0021055470862323118 -0.0017731444053886226 0.0029548071399854202 -0.010707237892621266
leaf_weight=29 22 10.000000000000002 15.999999999999998 13.999999999999998 1186 15.999999999999998 19 15.000000000000002 9.9999999999999982 416 52 15.999999999999998 10.999999999999998 17 41 29 34 9.9999999999999982 163 11.999999999999998 183 22 10.999999999999998 18.000000000000004
leaf_count=29 22 10 16 14 1186 16 19 15 10 416 52 16 11 17 41 29 34 10 163 12 183 22 11 18
internal_value=-0.000692969 0.00103888 -0.00170954 -0.00116329 -0.00211664 0.00810079 0.0346378 0.00659408 -0.025569 0.00845537 -0.0056516 -0.0153142 -0.0344979 -0.00787224 -0.0208727 0.011911 0.0228295 -0.00221743 -0.00889765 0.00283156 0.00796105 -0.00542972 -0.0130454 -0.059829
internal_weight=2372 1758 1272 1256 1208 486 29 457 25 432 614 161 45 116 70 46 48 453 195 258 195 185 63 29
internal_count=2372 1758 1272 1256 1208 486 29 457 25 432 614 161 45 116 70 46 48 453 195 258 195 185 63 29
cat_boundaries=0 1 2
cat_threshold=24 8
is_linear=0
shrinkage=0.0913179


Tree=83
num_leaves=19
num_cat=1
split_feature=26 26 2 14 26 13 9 19 9 0 14 14 0 0 15 13 14 21
split_gain=1.70542 6.54779 3.82511 3.40124 5.60947 1.90179 2.44266 1.88796 2.8069 2.8972 2.01029 1.5583 2.65163 1.46593 1.17084 1.31489 0.666667 0.428571
threshold=-19.499999999999996 -21.499999999999996 11.500000000000002 -0.84999962547371377 -24.499999999999996 -0.91597301953928589 -0.59176244063315286 0 0.89404822654372251 2.5000000000000004 -0.25829974943412232 0.041917749823953861 1.0000000180025095e-35 4.5000000000000009 -0.99467753128998015 -0.8431462759492121 0.92602487724513793 19.000000000000004
decision_type=2 2 2 2 2 2 2 9 2 2 2 2 2 2 2 2 2 2
left_child=1 2 3 4 -1 6 17 8 10 -10 -7 13 -13 -8 16 -16 -9 -2
right_child=5 -3 -4 -5 -6 7 11 14 9 -11 -12 12 -14 -15 15 -17 -18 -19
leaf_value=0.002354036164823077 -0.0036401680064806195 -0.012472910275141691 -0.0020541812030953708 0.0077355621974678308 -0.012898235539690262 0.0001231281052877767 0.00053025250491901181 -0.0020714894724008074 0.0043307095511706927 2.1431471512676836e-05 -0.00042443252781607918 -0.0044393236215979686 -0.00058128467007216209 -0.00066559366987170522 -0.00067583451255191773 0.00071278516055394954 -0.00069103464905414559 -0.01463908387350344
leaf_weight=31.999999999999993 15.999999999999998 11.999999999999998 9.9999999999999982 9.9999999999999982 14.000000000000005 560 115 12.000000000000002 45 62 612 19 114 44 75 596 11.999999999999998 12.000000000000002
leaf_count=32 16 12 10 10 14 560 115 12 45 62 612 19 114 44 75 596 12 12
internal_value=-0.000769966 -0.0140489 -0.00276721 0.00652271 -0.00397035 -0.000318458 -0.00684885 0.000740166 -0.00134604 0.0128016 -0.00264916 -0.00437826 -0.0116722 0.00172298 0.00453352 0.0053076 -0.0152197 -0.0326136
internal_weight=2372 78 66 56 46 2294 320 1974 1279 107 1172 292 133 159 695 671 24 28
internal_count=2372 78 66 56 46 2294 320 1974 1279 107 1172 292 133 159 695 671 24 28
cat_boundaries=0 1
cat_threshold=24
is_linear=0
shrinkage=0.0913179


Tree=84
num_leaves=21
num_cat=0
split_feature=13 16 0 14 2 21 1 14 1 10 0 2 13 0 0 13 5 14 14 0
split_gain=1.80388 3.00992 2.28131 6.57038 6.7652 5.01473 3.29698 4.60688 3.26666 4.23617 2.94599 2.23044 1.59218 1.24702 2.33732 3.73347 3.30034 1.51044 2.19614 0.561039
threshold=-0.71504042705586657 -0.99592227455007054 5.5000000000000009 0.99247737996680552 43.500000000000007 11.000000000000002 1.5000000000000002 0.99945907105059761 6.5000000000000009 -0.88620506325989179 2.5000000000000004 22.500000000000004 -0.38640321612842066 1.0000000180025095e-35 3.5000000000000004 -0.99924583956102309 332.50000000000006 0.46229521128428647 0.19548167345241949 3.5000000000000004
decision_type=2 2 2 2 2 2 2 2 2 2 2 2 2 2 2 2 2 2 2 2
left_child=1 19 6 4 5 -4 7 11 9 -8 -10 -2 -6 17 15 -15 -16 18 -3 -1
right_child=2 13 3 -5 12 -7 8 -9 10 -11 -12 -13 -14 14 16 -17 -18 -19 -20 -21
leaf_value=-0.00034680229307750454 -0.0018269074177009502 -0.00082886228058854749 2.9975156709420102e-05 -0.0096397457879469454 0.0066302516459454215 0.0036729362489687869 -0.0057756886939377052 0.0032051454894167402 0.00057981383775591595 -0.000443672879530474 -0.00048446515570783064 0.0013791773836706218 0.010356083093815513 -0.0020113640990909449 -0.00014652490036881952 0.0011036814149762775 -0.0072812612889755664 0.0025680404320894993 -0.0040339336910203191 -0.0040547236655859671
leaf_weight=11.000000000000002 19 52 174 13.999999999999998 16.000000000000004 37 41 10.999999999999998 611 207 611 18 12.999999999999998 11.999999999999998 192 237 55 13.999999999999998 17 9.9999999999999982
leaf_count=11 19 52 174 14 16 37 41 11 611 207 611 18 13 12 192 237 55 14 17 10
internal_value=-0.000846962 -0.00517468 0.000618406 0.00862847 0.0121757 0.0064918 -0.000721881 0.0228295 -0.00149091 -0.0110465 0.00044837 0.00740416 0.0535312 -0.00394292 -0.00220931 0.00403413 -0.00850329 -0.0143028 -0.0198517 -0.0391363
internal_weight=2372 600 1772 254 240 211 1518 48 1470 248 1222 37 29 579 496 249 247 83 69 21
internal_count=2372 600 1772 254 240 211 1518 48 1470 248 1222 37 29 579 496 249 247 83 69 21
is_linear=0
shrinkage=0.0913179


Tree=85
num_leaves=16
num_cat=0
split_feature=14 1 26 26 2 2 1 15 12 26 15 2 10 1 12
split_gain=3.08748 1.83025 1.68339 4.77051 5.20088 3.26667 2.05865 1.88353 4.29871 3.8859 2.90941 2.22014 0.2 0.2 0.2
threshold=0.99895983886342388 1.5000000000000002 -19.499999999999996 -24.499999999999996 11.500000000000002 8.5000000000000018 7.5000000000000009 -0.64249483407895591 0.92520893929334658 -15.499999999999998 -0.41887844496219279 23.500000000000004 0.44312301391210612 21.500000000000004 -0.5074255885747686
decision_type=2 2 2 2 2 2 2 2 2 2 2 2 2 2 2
left_child=2 -2 3 4 6 -5 -1 8 11 -9 -11 -4 -7 -10 -3
right_child=1 14 7 5 -6 12 -8 9 13 10 -12 -13 -14 -15 -16
leaf_value=0.0056993124435761201 0.0020321101195077277 0.0028705787262649405 0.00078208803010142538 -0.0021784810616179637 -0.0018552262910239972 -0.0046138663679605131 0.0010500861516357565 0.0046590609878947196 0.0045951988868516563 -0.0013108156109353432 -7.1441148954023604e-05 -0.00011224177960875394 -0.023002130618793613 0.0052469244808635183 9.8362411879602125e-05
leaf_weight=9.9999999999999982 13.999999999999998 9.9999999999999982 169 10.000000000000002 9.9999999999999982 10.000000000000002 28 9.9999999999999982 10 191 1473 397 9.9999999999999982 10 10.000000000000002
leaf_count=10 14 10 169 10 10 10 28 10 10 191 1473 397 10 10 10
internal_value=-0.00046198 0.0268582 -0.000859279 -0.0140489 0.00380491 -0.042615 0.0192248 -0.000404062 0.00405165 -0.00196383 -0.0023049 0.00258143 -0.0639226 0.045659 0.00913179
internal_weight=2372 34 2338 78 48 30 38 2260 586 1674 1664 566 20 20 20
internal_count=2372 34 2338 78 48 30 38 2260 586 1674 1664 566 20 20 20
is_linear=0
shrinkage=0.0913179


Tree=86
num_leaves=14
num_cat=0
split_feature=7 2 16 2 26 26 26 2 13 9 15 2 13
split_gain=1.74122 1.7316 3.24836 1.62634 1.58425 3.12344 2.73663 3.86355 1.55838 2.48751 1.68102 0.413175 0.0474308
threshold=1.0000000180025095e-35 22.500000000000004 -0.50370116604265602 38.500000000000007 -29.499999999999996 -19.499999999999996 -21.499999999999996 9.5000000000000018 -0.91597301953928589 -0.59176244063315286 -0.067682409684136677 17.500000000000004 0.090188127683235669
decision_type=2 2 2 2 2 2 2 2 2 2 2 2 2
left_child=4 11 -3 -4 -1 6 7 -6 9 -7 -10 12 -2
right_child=1 2 3 -5 5 8 -8 -9 10 -11 -12 -13 -14
leaf_value=0.0048530910546786292 0.00025999229545052306 0.0025799634653068406 0.0011131205149031095 -0.00035951741950613855 0.0019243483365951294 -0.0078727347704044669 -0.01097953769905958 -0.0015671202792317041 0.00027305883907281764 -0.0004533707193369589 -9.5020271613279714e-05 -0.0015816388532038652 0.0015866670295102262
leaf_weight=17 12.000000000000002 12.999999999999998 15.000000000000002 15.999999999999998 20 28 11.999999999999998 26 884 272 1036 9.9999999999999982 10.999999999999998
leaf_count=17 12 13 15 16 20 28 12 26 884 272 1036 10 11
internal_value=-0.00046198 0.0130454 0.0249049 0.00883722 -0.000915169 -0.00112243 -0.0220423 -0.011911 -0.000575879 -0.00669665 0.000380491 -0.00276721 0.00397035
internal_weight=2372 77 44 31 2295 2278 58 46 2220 300 1920 33 23
internal_count=2372 77 44 31 2295 2278 58 46 2220 300 1920 33 23
is_linear=0
shrinkage=0.0913179


Tree=87
num_leaves=19
num_cat=0
split_feature=14 1 14 0 5 15 16 14 5 0 15 1 1 13 0 10 10 2
split_gain=2.00674 1.96248 2.00092 3.23525 4.79239 3.05255 1.9345 1.84338 2.66159 2.26526 5.89757 2.14921 1.38889 1.32737 1.19133 6.33594 2.85099 0.04329
threshold=0.99895983886342388 8.5000000000000018 -0.0096760110738828981 5.5000000000000009 280.50000000000006 0.091260247011684809 -0.47559788919125862 0.76696511442552651 20.500000000000004 5.5000000000000009 -0.625870808731675 29.500000000000004 16.500000000000004 -0.9946729320988934 5.5000000000000009 -0.065537083312030939 -0.82413948779581736 34.500000000000007
decision_type=2 2 2 2 2 2 2 2 2 2 2 2 2 2 2 2 2 2
left_child=1 2 3 5 -5 -1 -2 8 12 11 -11 -9 -3 -10 16 -16 -4 -8
right_child=6 7 14 4 -6 -7 17 9 13 10 -12 -13 -14 -15 15 -17 -18 -19
leaf_value=0.0006960937928250098 0.00059266858030611335 0.00085473549873187971 0.0014213527915646008 0.00067934178973441304 0.0076014002925350347 -0.0018120580993413124 0.00054763721083719559 0.00051860512244259643 -0.00029064056875371599 0.015244727257365805 0.00079821249125697571 -0.00054503451686227283 -0.0029518507019876796 6.0137289433316991e-06 -0.0051262415999301664 0.0056607225602891952 -0.0012873490358217402 0.00023663979456617362
leaf_weight=107 12.999999999999998 11.999999999999998 38 34 10.999999999999998 155 11.000000000000002 294 11.999999999999998 12.999999999999998 41 24 24 1327 22 17 207 9.9999999999999982
leaf_count=107 13 12 38 34 11 155 11 294 12 13 41 24 24 1327 22 17 207 10
internal_value=-0.000538976 -0.000859279 -0.005408 -0.000297453 0.0223222 -0.0041825 0.0214866 0.000679527 -0.00086337 0.00638244 0.023675 0.00344596 -0.0253661 -0.000204596 -0.0109324 -0.0257563 -0.00857271 0.00434847
internal_weight=2372 2338 591 307 45 262 34 1747 1375 372 54 318 36 1339 284 39 245 21
internal_count=2372 2338 591 307 45 262 34 1747 1375 372 54 318 36 1339 284 39 245 21
is_linear=0
shrinkage=0.0913179


Tree=88
num_leaves=23
num_cat=1
split_feature=11 16 5 9 6 16 2 11 2 6 9 19 11 15 11 2 17 5 1 1 1 11
split_gain=1.45119 2.49404 2.38648 2.36742 2.35385 5 1.875 1.59958 3.2967 5.58066 3.00073 2.05061 2.8339 2.71786 2.18024 1.83644 1.19178 1.79833 1.09862 0.555556 0.0745921 0.0266667
threshold=-0.98214488425316748 -0.98736443490003223 320.50000000000006 0.71503381463111937 1.0000000180025095e-35 -0.95629206636249531 20.500000000000004 -0.95244167294248061 21.500000000000004 1.0000000180025095e-35 -0.59869031648930193 0 0.99865421017599987 -0.99760529321244107 -0.90163369914317004 25.500000000000004 1.0000000180025095e-35 142.50000000000003 10.500000000000002 16.500000000000004 27.500000000000004 -0.96688789938088693
decision_type=2 2 2 2 2 2 2 2 2 2 2 9 2 2 2 2 2 2 2 2 2 2
left_child=1 2 3 6 16 -6 -1 8 9 21 18 12 13 -9 20 -16 17 -3 -10 -14 -13 -2
right_child=7 4 -4 -5 5 -7 -8 11 10 -11 -12 14 19 -15 15 -17 -18 -19 -20 -21 -22 -23
leaf_value=0.0075517967591178818 0.0033973915485372218 0.0014497014469632308 -0.0077060769509818263 -0.0012919932830968187 0.010988215594637482 -0.00055521615808192914 0.00027774532309951289 0.0027345735383424853 -0.0007826335656503469 -0.010192972144002834 -0.011801676606953155 0.0035694359566324401 -0.0018602069387802589 -0.00015010961985823776 0.0033995320864607845 0.00013281367029805755 -0.0019003434431625488 0.0040568387725459492 -0.0038802879084977545 -0.0055528516773615342 0.00043400531469073972 0.0053828944496680164
leaf_weight=11.999999999999998 14.999999999999998 24 13.999999999999998 11.999999999999998 10.000000000000002 9.9999999999999982 20 28 23 13.999999999999998 9.9999999999999982 13.000000000000002 18.000000000000004 1380 23 653 18 23 19 11.999999999999998 10.999999999999998 10.000000000000002
leaf_count=12 15 24 14 12 10 10 20 28 23 14 10 13 18 1380 23 653 18 23 19 12 11 10
internal_value=-0.000615973 0.00830163 -0.00629779 0.00415082 0.0182636 0.045659 0.0171221 -0.00118808 -0.0130454 0.00702446 -0.0280978 -0.00068339 -0.00264873 -0.00207541 0.00334404 0.00243154 0.00983424 0.0174864 -0.0173939 -0.0304393 0.0304393 0.0328745
internal_weight=2372 143 58 44 85 20 32 2229 91 39 52 2138 1438 1408 700 676 65 47 42 30 24 25
internal_count=2372 143 58 44 85 20 32 2229 91 39 52 2138 1438 1408 700 676 65 47 42 30 24 25
cat_boundaries=0 1
cat_threshold=56
is_linear=0
shrinkage=0.0913179


Tree=89
num_leaves=7
num_cat=0
split_feature=10 26 26 14 14 23
split_gain=1.3949 1.40916 3.42011 1.70087 1.67053 0.752688
threshold=-0.99983123799342488 28.500000000000004 25.500000000000004 0.99895983886342388 0.98700317879589627 1.0000000180025095e-35
decision_type=2 2 2 2 2 2
left_child=-1 2 3 4 -2 -5
right_child=1 -3 -4 5 -6 -7
leaf_value=0.0015539468631071351 -3.6693359904734341e-05 0.011116631943699584 -0.0035849431907132218 0.0010035708737340834 -0.0011124628483541105 0.00019994892762390629
leaf_weight=11.999999999999998 2221 11.999999999999998 18 21 78 10.000000000000002
leaf_count=12 2221 12 18 21 78 10
internal_value=-0.000615973 -0.000773881 -0.000933403 -0.000627076 -0.000913577 0.0206202
internal_weight=2372 2360 2348 2330 2299 31
internal_count=2372 2360 2348 2330 2299 31
is_linear=0
shrinkage=0.0913179


Tree=90
num_leaves=7
num_cat=0
split_feature=10 26 26 14 1 7
split_gain=1.3811 1.39522 3.447 1.67587 2.06041 1.47199
threshold=-0.99983123799342488 28.500000000000004 25.500000000000004 0.99895983886342388 6.5000000000000009 1.0000000180025095e-35
decision_type=2 2 2 2 2 2
left_child=-1 2 3 4 -2 -5
right_child=1 -3 -4 5 -6 -7
leaf_value=0.0014120436218359724 -0.00071862607428599585 0.01010148390853758 -0.0032575735292320633 6.2303725955995624e-05 4.5400094844073424e-05 0.0015491998725014346
leaf_weight=11.999999999999998 418 11.999999999999998 18 19 1881 12.000000000000002
leaf_count=12 418 12 18 19 1881 12
internal_value=-0.00046198 -0.000619105 -0.000777836 -0.000470307 -0.000754694 0.0206202
internal_weight=2372 2360 2348 2330 2299 31
internal_count=2372 2360 2348 2330 2299 31
is_linear=0
shrinkage=0.0913179


Tree=91
num_leaves=18
num_cat=0
split_feature=14 1 14 1 14 24 5 0 0 5 5 21 5 5 0 23 2
split_gain=1.97877 1.58421 2.97599 3.68727 2.20263 2.87504 4.31268 2.01735 1.74649 1.42957 2.35695 1.29187 1.21905 1.05536 1.62204 1.02674 1.02424
threshold=0.99895983886342388 8.5000000000000018 0.98005052076767474 29.500000000000004 0.041917749823953861 1.0000000180025095e-35 38.500000000000007 3.5000000000000004 3.5000000000000004 357.50000000000006 351.50000000000006 19.000000000000004 359.50000000000006 340.50000000000006 2.5000000000000004 1.0000000180025095e-35 34.500000000000007
decision_type=2 2 2 2 2 2 2 2 2 2 2 2 2 2 2 2 2
left_child=1 4 9 8 5 6 -1 -7 -4 10 -3 -5 -11 14 -6 16 -2
right_child=15 2 3 11 13 7 -8 -9 -10 12 -12 -13 -14 -15 -16 -17 -18
leaf_value=-0.0068715298241094642 0.00051727356459425541 -1.335183599724993e-05 0.0072651184276525662 8.0519251994138222e-05 -0.00092734311366063945 0.00018164764501948845 -0.00012580431916878467 0.01563944784736352 0.013559036901651479 -0.0076536335577809637 0.0020151797519167586 -0.00097140045519973313 -0.0011688325482054822 0.0070934077871663134 -0.00077847750814477037 4.0220245713326487e-05 0.00059977131463923006
leaf_weight=13.999999999999998 12.000000000000002 1615 14.000000000000002 19 102 17.000000000000004 295 13.999999999999998 10.999999999999998 13.999999999999998 42 11.000000000000002 21 15.999999999999998 133 11.999999999999998 9.9999999999999982
leaf_count=14 12 1615 14 19 102 17 295 14 11 14 42 11 21 16 133 12 10
internal_value=-0.000384983 -0.000703047 0.000679527 0.0215842 -0.00478994 0 -0.00265975 0.0265117 0.0474853 0 0.000385773 0 -0.0182636 -0.0112783 -0.0128234 0.0214866 0.0332065
internal_weight=2372 2338 1747 55 591 340 309 31 25 1692 1657 30 35 251 235 34 22
internal_count=2372 2338 1747 55 591 340 309 31 25 1692 1657 30 35 251 235 34 22
is_linear=0
shrinkage=0.0913179


Tree=92
num_leaves=6
num_cat=0
split_feature=10 26 26 18 15
split_gain=1.35371 1.36754 3.50109 1.35408 1.36526
threshold=-0.99983123799342488 28.500000000000004 25.500000000000004 1.5000000000000002 0.99758684199993464
decision_type=2 2 2 2 2
left_child=-1 2 3 4 -2
right_child=1 -3 -4 -5 -6
leaf_value=0.001294586886067069 -4.783176174178406e-05 0.0092239998904816763 -0.0029239444779308515 0.00062482149531518612 0.00051894862303988323
leaf_weight=11.999999999999998 2268 11.999999999999998 18 11.999999999999998 50
leaf_count=12 2268 12 18 12 50
internal_value=-0.000153993 -0.000309552 -0.000466702 -0.000156769 -0.000315161
internal_weight=2372 2360 2348 2330 2318
internal_count=2372 2360 2348 2330 2318
is_linear=0
shrinkage=0.0913179


Tree=93
num_leaves=7
num_cat=0
split_feature=26 26 10 26 26 12
split_gain=2.046 5.27899 1.35397 1.25636 4.79202 1.21066
threshold=27.500000000000004 25.500000000000004 -0.99983123799342488 -19.499999999999996 -23.499999999999996 0.99865940500831329
decision_type=2 2 2 2 2 2
left_child=1 2 -1 4 -4 -5
right_child=-2 -3 3 5 -6 -7
leaf_value=0.0011763678660982931 0.0030211055283639616 -0.0051449577326097189 0.00039858002748848842 2.3964349752711076e-05 -0.009712274545047337 -0.0020159586095626352
leaf_weight=11.999999999999998 18 11.999999999999998 54 2231 24 21
leaf_count=12 18 12 54 2231 24 21
internal_value=-0.00023099 -0.000465512 -0.000155966 -0.000313538 -0.0117074 8.10994e-05
internal_weight=2372 2354 2342 2330 78 2252
internal_count=2372 2354 2342 2330 78 2252
is_linear=0
shrinkage=0.0913179


Tree=94
num_leaves=8
num_cat=0
split_feature=26 26 14 7 14 2 14
split_gain=1.36053 3.51489 1.61399 1.47199 1.17391 3.18679 2.31818
threshold=28.500000000000004 25.500000000000004 0.99895983886342388 1.0000000180025095e-35 0.9908174711139236 35.500000000000007 0.98005052076767474
decision_type=2 2 2 2 2 2 2
left_child=1 2 4 -4 6 -6 -1
right_child=-2 -3 3 -5 5 -7 -8
leaf_value=-3.8874455710018868e-05 0.0081058019714315074 -0.0021871088728277681 1.1557439293174568e-05 0.0013551397531428077 -0.0061100502742151789 0.001753658439506086 0.0012680250762650916
leaf_weight=2200 11.999999999999998 18 19 12.000000000000002 47 20 44
leaf_count=2200 12 18 19 12 47 20 44
internal_value=-0.00023099 -0.00038694 -7.79829e-05 0.0206202 -0.00035563 -0.0122666 0
internal_weight=2372 2360 2342 31 2311 67 2244
internal_count=2372 2360 2342 31 2311 67 2244
is_linear=0
shrinkage=0.0913179


Tree=95
num_leaves=7
num_cat=1
split_feature=26 26 10 12 21 19
split_gain=2.03574 2.96435 1.35397 1.16691 2.50043 1.0321
threshold=27.500000000000004 25.500000000000004 -0.99983123799342488 0.99865940500831329 19.000000000000004 0
decision_type=2 2 2 2 2 9
left_child=1 2 -1 5 -5 -4
right_child=-2 -3 3 4 -6 -7
leaf_value=0.0010724943002186009 0.0024749829071627895 -0.0044754084441307801 -6.2505847308092299e-05 -0.015207279338395311 0.0021564670693875621 0.00030637822071164373
leaf_weight=11.999999999999998 18 11.999999999999998 1854 10 11 455
leaf_count=12 18 12 1854 10 11 455
internal_value=-0.000153993 -0.000387927 -0.000155966 -0.000313538 -0.0217424 -0.000118646
internal_weight=2372 2354 2342 2330 21 2309
internal_count=2372 2354 2342 2330 21 2309
cat_boundaries=0 1
cat_threshold=184
is_linear=0
shrinkage=0.0913179


Tree=96
num_leaves=14
num_cat=0
split_feature=14 7 0 13 13 11 13 13 21 5 5 14 0
split_gain=1.92344 2.68908 1.31851 5.41981 5.65131 4.33683 4.21554 3.96771 3.87879 1.62743 1.90464 1.95182 1.2
threshold=0.99895983886342388 1.0000000180025095e-35 5.5000000000000009 -0.70596181949113168 -0.46230242567467433 0.91161058030431374 -0.8361393161050672 0.95998215779580554 11.000000000000002 362.50000000000006 357.50000000000006 0.98484943023723592 2.5000000000000004
decision_type=2 2 2 2 2 2 2 2 2 2 2 2 2
left_child=2 -2 9 5 8 6 -4 -6 -5 10 11 -1 -12
right_child=1 -3 3 4 7 -7 -8 -9 -10 -11 12 -13 -14
leaf_value=-3.4380945907472757e-05 -1.0403368270711437e-05 0.0015096284987421368 0.00023871924350574224 0.0016531785619511641 0.0016930252879195304 -0.0088750689162233019 -0.0010260493662987435 -0.001625035781752342 0.0063460906540269528 0.0017341790502069677 -0.0035152834712563448 -0.0013793531850562375 -0.0049623780244958749
leaf_weight=1891 20 13.999999999999998 56 22 183 12.999999999999998 19 30 10.999999999999998 17 15.000000000000002 66 14.999999999999998
leaf_count=1891 20 14 56 22 183 13 19 30 11 17 15 66 15
internal_value=-7.69966e-05 0.0214866 -0.000390581 0.00492133 0.0118788 -0.0145279 -0.00608786 0.00643084 0.0470426 -0.0012759 -0.0015166 -0.00116656 -0.0243515
internal_weight=2372 34 2338 334 246 88 75 213 33 2004 1987 1957 30
internal_count=2372 34 2338 334 246 88 75 213 33 2004 1987 1957 30
is_linear=0
shrinkage=0.0913179


Tree=97
num_leaves=11
num_cat=0
split_feature=16 16 0 11 0 9 11 12 10 26
split_gain=1.94216 2.05788 5.35066 1.99807 2.89691 3.72721 2.17809 1.8882 1.38852 1.40382
threshold=-0.99976650739665429 -0.99763124042248752 1.5000000000000002 -0.98214488425316748 1.5000000000000002 0.66527693225344786 -0.99467753128998015 0.01182636335039325 -0.99983123799342488 28.500000000000004
decision_type=2 2 2 2 2 2 2 2 2 2
left_child=-1 2 -2 4 5 -3 -6 -4 -5 -10
right_child=1 3 7 8 6 -7 -8 -9 9 -11
leaf_value=0.0061115053083784458 0.0095946120768954004 0.00036362601089133691 -0.0014541557764628451 0.00097769591728745714 0.0007948164766481662 -0.0108496394385826 0.0044198183163811165 -0.01870784781523779 -4.3931340751693094e-05 0.0070619753527559519
leaf_weight=12.999999999999998 9.9999999999999982 21 19 11.999999999999998 38 12.999999999999998 45 10.000000000000002 2179 11.999999999999998
leaf_count=13 10 21 19 12 38 13 45 10 2179 12
internal_value=-7.69966e-05 -0.000270973 -0.0210734 7.87224e-05 0.0117074 -0.0107433 0.0209041 -0.0409356 -0.000538871 -0.000708537
internal_weight=2372 2359 39 2320 117 34 83 29 2203 2191
internal_count=2372 2359 39 2320 117 34 83 29 2203 2191
is_linear=0
shrinkage=0.0913179


Tree=98
num_leaves=21
num_cat=1
split_feature=1 14 0 16 14 15 14 15 13 19 14 0 10 10 14 17 0 13 12 7
split_gain=1.28228 2.43318 1.92041 3.82061 4.09426 3.87812 5.20306 3.16707 5.53662 2.393 2.78488 2.48677 1.96412 1.41096 1.28185 2.36014 1.3529 7.15807 2.98261 0.688095
threshold=25.500000000000004 0.99895983886342388 3.5000000000000004 -0.15950993297387622 0.041917749823953861 -0.77243410105675281 0.98005052076767474 0.97872324816535827 -0.3016314725972904 0 0.98253174896492901 2.5000000000000004 0.097680735332368721 -0.056951011027366542 0.9953013416090124 1.0000000180025095e-35 5.5000000000000009 -0.70596181949113168 0.98993709428380428 1.0000000180025095e-35
decision_type=2 2 2 2 2 2 2 2 2 9 2 2 2 2 2 2 2 2 2 2
left_child=1 14 7 5 12 -4 -7 9 -9 10 -2 -11 -5 -6 16 -16 18 -18 -1 -3
right_child=2 19 3 4 13 6 -8 8 -10 11 -12 -13 -14 -15 15 -17 17 -19 -20 -21
leaf_value=-0.00011881843957067618 2.535766769116771e-05 0.00048183096480755458 -0.0056277356680517407 -0.0016551301855262646 0.0018221314157756674 0.00044380694131892947 0.005434182776185942 -0.0014486838217337705 0.0072182922811543536 0.0032624952470405736 -0.0051241361508293512 -0.00025083386581425222 -0.0095809925356090675 -0.00057844131268984587 -0.011070331385145515 0.00093207715142509882 -0.0014225333790404443 0.0021826033565040463 -0.0066981721219564454 0.0013757840395920023
leaf_weight=1575 99 15.999999999999998 10.999999999999998 31 13.999999999999998 74 10.999999999999998 11.000000000000002 13.999999999999998 77 11.999999999999998 30 9.9999999999999982 31 13 11 72 199 47 14.000000000000002
leaf_count=1575 99 16 11 31 14 74 11 11 14 77 12 30 10 31 13 11 72 199 47 14
internal_value=-0.00046198 -0.00145396 0.00408245 -0.00301048 -0.0169894 0.00951229 0.0161149 0.00939485 0.0401799 0.00586446 -0.00377347 0.0148294 -0.0378635 0.00202929 -0.0018578 -0.0228295 -0.00159191 0.00438057 -0.00258978 0.0243515
internal_weight=2372 1947 425 182 86 96 85 243 25 218 111 107 41 45 1917 24 1893 271 1622 30
internal_count=2372 1947 425 182 86 96 85 243 25 218 111 107 41 45 1917 24 1893 271 1622 30
cat_boundaries=0 1
cat_threshold=72
is_linear=0
shrinkage=0.0913179


Tree=99
num_leaves=10
num_cat=0
split_feature=12 10 1 12 5 5 26 1 9
split_gain=1.85635 1.51577 1.84766 1.50529 2.49531 2.5315 1.41499 1.51081 0.881563
threshold=0.99958851518450398 -0.99628250747696534 28.500000000000004 0.97263757644091864 357.50000000000006 351.50000000000006 23.500000000000004 29.500000000000004 -0.031173458710879145
decision_type=2 2 2 2 2 2 2 2 2
left_child=1 2 8 4 5 -3 7 -5 -1
right_child=-2 3 -4 6 -6 -7 -8 -9 -10
leaf_value=-0.0015829661584090078 0.0007498680416174675 -5.1731526957989034e-05 0.0017532878942866782 0.00192818653774873 -0.0065413387613659146 0.0018605966072054898 0.00024778973296694278 -0.00078547427219597451 -0.0052839282397504983
leaf_weight=21 20 2141 11.999999999999998 82 13.999999999999998 42 10.999999999999998 10.999999999999998 18
leaf_count=21 20 2141 12 82 14 42 11 11 18
internal_value=-0.000307986 -0.000543559 -0.0161149 -0.000198431 -0.000706602 -0.000460145 0.0105367 0.00687339 -0.0257563
internal_weight=2372 2352 51 2301 2197 2183 104 93 39
internal_count=2372 2352 51 2301 2197 2183 104 93 39
is_linear=0
shrinkage=0.0913179


Tree=100
num_leaves=9
num_cat=0
split_feature=10 15 6 15 8 21 10 15
split_gain=1.36737 1.34306 7.07914 2.47947 1.21229 3.60128 2.57377 0.698277
threshold=-0.99983123799342488 0.99758684199993464 1.0000000180025095e-35 0.99570013918172939 1.0000000180025095e-35 11.000000000000002 0.99803555425430601 0.99940301291085054
decision_type=2 2 2 2 2 2 2 2
left_child=-1 3 7 4 6 -6 -2 -3
right_child=1 2 -4 -5 5 -7 -8 -9
leaf_value=0.001074828600472482 -2.2681080360025094e-05 1.023065966906534e-05 0.0095021593830658356 -0.0070021806361942815 0.00020660950738430399 -0.00068979082109132993 0.0011535945528609471 -0.0020328400100489107
leaf_weight=11.999999999999998 2171 19 14.999999999999998 19 48 30 40 18
leaf_count=12 2171 19 15 19 48 30 40 18
internal_value=-0.000307986 -0.000464329 0.0140489 -0.000791317 -0.000518625 -0.0117074 -0.000123905 -0.00740416
internal_weight=2372 2360 52 2308 2289 78 2211 37
internal_count=2372 2360 52 2308 2289 78 2211 37
is_linear=0
shrinkage=0.0913179


Tree=101
num_leaves=15
num_cat=1
split_feature=12 16 0 1 0 11 0 9 11 11 2 19 16 0
split_gain=1.87705 1.17244 2.11143 4.89888 3.18405 1.5408 1.39737 5.637 2.38583 1.1843 2.67033 1.28308 0.38961 0.2
threshold=0.99958851518450398 -0.99465740988130913 1.5000000000000002 17.500000000000004 4.5000000000000009 -0.98214488425316748 1.5000000000000002 0.66527693225344786 -0.99467753128998015 -0.95244167294248061 21.500000000000004 0 -0.99887893904594038 2.5000000000000004
decision_type=2 2 2 2 2 2 2 2 2 2 2 9 2 2
left_child=1 2 12 4 -4 6 7 -3 -8 10 -7 -11 -1 -2
right_child=13 5 3 -5 -6 9 8 -9 -10 11 -12 -13 -14 -15
leaf_value=0.0071024166344176151 0.00056948916096192408 0.0015651382276576974 -0.0041929544028247515 0.0068657348541791112 -5.8842780226612962e-05 0.0010209620520666256 -0.00065353399043730236 -0.012167088280072185 0.0040338550332756047 -0.00010735786585226288 -0.0041812932084296208 0.0001960665154309444 -0.0018619279144070047 0.00097667745654402786
leaf_weight=11.000000000000002 10.000000000000002 19.000000000000004 26 13.999999999999998 17 39 29 10.999999999999998 45 1472 52 607 9.9999999999999982 9.9999999999999982
leaf_count=11 10 19 26 14 17 39 29 11 45 1472 52 607 10 10
internal_value=-0.00046198 -0.000698862 -0.0117074 -0.0208269 -0.0361024 -0.000321259 0.0105367 -0.00608786 0.0172764 -0.00084164 -0.0110384 -0.000395316 0.0130454 0.0273954
internal_weight=2372 2352 78 57 43 2274 104 30 74 2170 91 2079 21 20
internal_count=2372 2352 78 57 43 2274 104 30 74 2170 91 2079 21 20
cat_boundaries=0 1
cat_threshold=92
is_linear=0
shrinkage=0.0913179


Tree=102
num_leaves=12
num_cat=1
split_feature=10 8 16 20 0 5 5 5 0 0 5
split_gain=1.3469 1.27381 2.64245 2.77039 2.71627 2.24475 1.40944 2.38117 1.35132 3.2 1.21905
threshold=-0.99983123799342488 1.0000000180025095e-35 -0.33627629079091209 0 3.5000000000000004 362.50000000000006 357.50000000000006 351.50000000000006 1.5000000000000002 4.5000000000000009 359.50000000000006
decision_type=2 2 2 9 2 2 2 2 2 2 2
left_child=-1 5 3 -3 -5 6 7 -2 -4 -10 -8
right_child=1 2 8 4 -6 -7 10 -9 9 -11 -12
leaf_value=0.00089592612185741176 -1.080619042857872e-05 -0.0012968942843847797 -0.0038241192641455682 0.0062070863343272973 -0.00079737736923808525 0.0018155045732250294 -0.0059598303206861583 0.0016748575376538293 0.0006271077724762259 -0.00055349400126734362 -0.00073258305467860288
leaf_weight=11.999999999999998 2189 15 11.000000000000002 18 13.999999999999998 15.999999999999998 13.999999999999998 42 10.000000000000002 9.9999999999999982 21
leaf_count=12 2189 15 11 18 14 16 14 42 10 10 21
internal_value=-7.69966e-05 -0.000232164 -0.0117074 0.00194294 0.0171221 0.000160067 -8.05984e-05 0.000204657 -0.0324031 -0.0182636 -0.0182636
internal_weight=2372 2360 78 47 32 2282 2266 2231 31 20 35
internal_count=2372 2360 78 47 32 2282 2266 2231 31 20 35
cat_boundaries=0 1
cat_threshold=8
is_linear=0
shrinkage=0.0913179


Tree=103
num_leaves=15
num_cat=0
split_feature=10 8 10 0 1 14 11 0 10 12 13 14 21 0
split_gain=1.36053 1.23968 4.05564 4.33781 1.79788 2.0456 4.08029 2.27197 1.82065 1.74771 1.04362 0.96 0.717949 0.24
threshold=-0.99983123799342488 1.0000000180025095e-35 -0.46039597980994912 3.5000000000000004 25.500000000000004 0.98005052076767474 -0.083761810613582982 3.5000000000000004 -0.99761278905001471 0.97263757644091864 1.0000000180025095e-35 -0.074115882986646578 1.0000000180025095e-35 2.5000000000000004
decision_type=2 2 2 2 2 2 2 2 2 2 2 2 2 2
left_child=-1 4 3 -3 8 7 -7 -6 13 -10 11 -4 -12 -2
right_child=1 2 10 -5 5 6 -8 -9 9 -11 12 -13 -14 -15
leaf_value=0.00081411198544804311 -0.0098455422860271313 0.0035125508195957755 -0.0015862425119434569 -0.00067284297853645997 0.0027343222126608811 0.0053949520786992639 0.00033633935559814198 -0.00059131742547842577 -9.3616567847215084e-05 0.0013186186636247224 0.00023372545641083835 -0.00072592667691882785 -0.0013707969982566231 -0.0046164632193247818
leaf_weight=11.999999999999998 10.000000000000002 14.000000000000002 10.000000000000002 12.999999999999998 178 13.999999999999998 25 130 1844 66 14.000000000000002 14.999999999999998 11.999999999999998 14.999999999999998
leaf_count=12 10 14 10 13 178 14 25 130 1844 66 14 15 12 15
internal_value=-0.00023099 -0.00038694 -0.0117074 0.0169107 0 0.00605277 0.0257563 0.00355784 -0.00108543 -0.000764967 -0.0268582 -0.0401799 -0.0140489 -0.025569
internal_weight=2372 2360 78 27 2282 347 39 308 1935 1910 51 25 26 25
internal_count=2372 2360 78 27 2282 347 39 308 1935 1910 51 25 26 25
is_linear=0
shrinkage=0.0913179


Tree=104
num_leaves=15
num_cat=0
split_feature=12 8 21 12 0 14 13 2 9 16 26 13 0 0
split_gain=1.86669 1.79292 2.29895 2.61509 3.10256 1.28016 2.51626 3.97297 1.32612 2.42731 1.91302 1.17102 0.727273 0.2
threshold=0.99958851518450398 1.0000000180025095e-35 11.000000000000002 -0.45848288923838371 3.5000000000000004 -0.99590385478523458 -0.061244963218071095 9.5000000000000018 0.54219432480460406 -0.99938741687870725 -4.4999999999999991 0.12546058073178443 2.5000000000000004 2.5000000000000004
decision_type=2 2 2 2 2 2 2 2 2 2 2 2 2 2
left_child=1 5 3 12 -5 6 -1 -8 9 -7 -10 -4 -3 -2
right_child=13 2 11 4 -6 8 7 -9 10 -11 -12 -13 -14 -15
leaf_value=-0.011297506170312912 0.00037969261493192195 -0.003408618398383433 -0.00022401387899212877 0.0065360244659190339 -0.00066311986167133909 -0.0019643702983096743 -0.043232340410893806 0.002925000011271329 -0.00034025246456652076 -7.7286602954878997e-05 0.00060752087672657953 -0.0014379510678304149 -0.0002432294923499464 0.00073133210019014753
leaf_weight=12.999999999999998 10.000000000000002 11.000000000000002 18.000000000000004 13.000000000000002 11.999999999999998 13.999999999999998 11.999999999999998 25 145 1552 515 10.999999999999998 10.999999999999998 9.9999999999999982
leaf_count=13 10 11 18 13 12 14 12 25 145 1552 515 11 11 10
internal_value=-0.000384983 -0.000621211 -0.0144186 -0.00194294 0.0182636 -0.000160488 -0.0146109 -0.00246805 0.000164093 -0.00128288 0.00359737 -0.0346378 -0.0249049 0.0273954
internal_weight=2372 2352 76 47 25 2276 50 37 2226 1566 660 29 22 20
internal_count=2372 2352 76 47 25 2276 50 37 2226 1566 660 29 22 20
is_linear=0
shrinkage=0.0913179


Tree=105
num_leaves=12
num_cat=0
split_feature=16 16 0 11 12 0 1 8 21 12 11
split_gain=1.98488 1.982 5.35066 2.13562 1.8882 1.6765 2.82521 1.66297 2.95385 2.08022 1.62334
threshold=-0.99976650739665429 -0.99763124042248752 1.5000000000000002 -0.98214488425316748 0.01182636335039325 1.5000000000000002 15.500000000000002 1.0000000180025095e-35 11.000000000000002 0.99958851518450398 -0.99467753128998015
decision_type=2 2 2 2 2 2 2 2 2 2 2
left_child=-1 2 -2 5 -4 6 -3 9 -9 -5 -7
right_child=1 3 4 7 -6 10 -8 8 -10 -11 -12
leaf_value=0.0048981539201147064 0.0081161191920807226 0.0011584393372452539 -0.00090423446464720045 -4.945440546591184e-05 -0.016601615579825452 0.00078900064800598263 -0.0064564884628676459 -4.481383343113224e-05 -0.00049353699797177275 0.00088318883568262231 0.0036195497741895737
leaf_weight=12.999999999999998 9.9999999999999982 13.999999999999998 19 2107 10.000000000000002 38 20 48 30 18 45
leaf_count=13 10 14 19 2107 10 38 20 48 30 18 45
internal_value=-0.00046198 -0.000658078 -0.0210734 -0.000314889 -0.0409356 0.0117074 -0.00537164 -0.000953388 -0.0140489 -0.000472705 0.0187037
internal_weight=2372 2359 39 2320 29 117 34 2203 78 2125 83
internal_count=2372 2359 39 2320 29 117 34 2203 78 2125 83
is_linear=0
shrinkage=0.0913179


Tree=106
num_leaves=14
num_cat=1
split_feature=12 10 1 19 11 16 16 1 11 11 1 0 0
split_gain=1.87705 1.48568 1.84766 1.48153 3.07192 1.91799 1.7976 2.15352 2.14776 0.881563 0.555556 0.2 0.0623377
threshold=0.99958851518450398 -0.99628250747696534 28.500000000000004 0 0.99865421017599987 -0.92921788351138435 0.89693010073300883 28.500000000000004 0.12545535980491204 0.074116354202380164 16.500000000000004 2.5000000000000004 3.5000000000000004
decision_type=2 2 2 9 2 2 2 2 2 2 2 2 2
left_child=1 2 9 4 5 -3 7 -5 -8 -1 -6 -2 -11
right_child=11 3 -4 6 10 -7 8 -9 -10 12 -12 -13 -14
leaf_value=-0.0046762747328270527 0.00026436887031876878 0.0010560314972041121 0.0016611326447981182 7.8602120313356693e-05 -0.0026396577325139936 -0.00014369512592091871 0.00012504247209099725 0.0012732213107799757 0.0025452606065924587 -0.0050184454021236953 -0.0053866129697605547 0.00058389735879716721 -0.0010399417432627402
leaf_weight=18 10.000000000000002 223 11.999999999999998 329 18.000000000000004 1635 33 21 30 11.000000000000002 11.999999999999998 9.9999999999999982 9.9999999999999982
leaf_count=18 10 223 12 329 18 1635 33 21 30 11 12 10 10
internal_value=-0.00046198 -0.000698862 -0.0161149 -0.000357176 -0.00144338 -0.00098297 0.00453352 0.00208727 0.0188434 -0.0257563 -0.0304393 0.0273954 -0.0130454
internal_weight=2372 2352 51 2301 1888 1858 413 350 63 39 30 20 21
internal_count=2372 2352 51 2301 1888 1858 413 350 63 39 30 20 21
cat_boundaries=0 1
cat_threshold=184
is_linear=0
shrinkage=0.0913179


Tree=107
num_leaves=13
num_cat=0
split_feature=7 0 14 2 16 9 16 0 13 13 9 26
split_gain=1.76113 4.58009 2.04848 1.67456 1.54362 1.42938 2.16163 4.41818 1.99323 1.22602 1.54149 1.15308
threshold=1.0000000180025095e-35 5.5000000000000009 0.99945907105059761 13.500000000000002 -0.522158361205323 0.99966190462023474 0.99083579680342215 4.5000000000000009 -0.022576145604932995 -0.91072037282037865 -0.55657520495441892 -19.499999999999996
decision_type=2 2 2 2 2 2 2 2 2 2 2 2
left_child=5 2 3 -2 -5 6 9 8 -8 10 -1 -11
right_child=1 -3 -4 4 -6 -7 7 -9 -10 11 -12 -13
leaf_value=-0.0018796759852527211 -0.0017944438522410336 -0.004031850439272777 0.0015840305664006759 0.0092199415277188848 0.00079084221557463783 0.0037557035919911727 -0.013075954771574418 0.0013517899667277432 -0.0023046365741665768 -0.00073035891429080481 -0.00027882001910743481 5.3146924487917551e-05
leaf_weight=63 11.999999999999998 10.999999999999998 10.999999999999998 9.9999999999999911 33.000000000000007 11.999999999999998 12.999999999999998 15.999999999999998 31 75 233 1852
leaf_count=63 12 11 11 10 33 12 13 16 31 75 233 1852
internal_value=-0.000538976 0.0130454 0.0221377 0.0149429 0.0233604 -0.000994749 -0.00115997 -0.0182636 -0.0332065 -0.000698338 -0.00617013 0.000142166
internal_weight=2372 77 66 55 43 2295 2283 60 44 2223 296 1927
internal_count=2372 77 66 55 43 2295 2283 60 44 2223 296 1927
is_linear=0
shrinkage=0.0913179


Tree=108
num_leaves=21
num_cat=0
split_feature=1 16 13 0 9 1 10 1 0 0 12 12 13 1 13 12 0 12 12 9
split_gain=2.31399 2.13654 1.79807 1.57143 1.41253 1.13461 1.81943 6.5641 1.78285 1.6627 3.39191 3.53611 3.29167 4.307 4.24948 3.2828 1.28571 3.27012 2.22222 0.733333
threshold=1.5000000000000002 0.99897831515029056 0.99768613338197654 3.5000000000000004 -0.49813634056773481 6.5000000000000009 -0.87810534180523914 3.5000000000000004 1.5000000000000002 2.5000000000000004 0.97263757644091864 0.9953013416090124 0.9053161325100999 22.500000000000004 0.83966026687266992 0.91423533665985757 3.5000000000000004 -0.44697929599948466 -0.51850034946736112 -0.49813634056773481
decision_type=2 2 2 2 2 2 2 2 2 2 2 2 2 2 2 2 2 2 2 2
left_child=1 2 3 4 -1 6 7 -2 -9 10 15 -12 14 -14 -11 -7 18 -18 -8 -5
right_child=5 -3 -4 19 -6 9 16 8 -10 12 11 -13 13 -15 -16 -17 17 -19 -20 -21
leaf_value=0.0086957555563520715 0.00096979567946391598 0.00067474677303470487 -0.0008376915649384581 -0.00042752888706542723 0.0029975084091177747 0.00034716283602305431 0.00029395516288965688 -0.0049018114190594589 -0.0038042451113795583 -0.00020268545441442138 0.0067099896274176079 -0.00059179688432352935 0.0034489049616473703 0.00052512664642784864 -0.0034757777336526735 -0.0021906775594938465 -0.001561246259026897 0.001706778261381053 -0.0012604876994888592 0.00023237532259950464
leaf_weight=11.000000000000002 12.999999999999998 9.9999999999999982 17 10.000000000000002 17 717 72 9.9999999999999982 29 911 31 9.9999999999999982 35 85 60 58 68 76 120 11.999999999999998
leaf_count=11 13 10 17 10 17 717 72 10 29 911 31 10 35 85 60 58 68 76 120 12
internal_value=-0.000153993 0.0154173 0.00954068 0.0182636 0.0326136 -0.000676429 -0.00517782 -0.0210734 -0.0398053 0.000239428 0.00335728 0.0289545 -0.00209253 0.0121757 -0.00385586 0.0020031 -0.0027178 0.00380491 -0.00760983 0
internal_weight=2372 77 67 50 28 2295 388 52 39 1907 816 41 1091 120 971 775 336 144 192 22
internal_count=2372 77 67 50 28 2295 388 52 39 1907 816 41 1091 120 971 775 336 144 192 22
is_linear=0
shrinkage=0.0913179


Tree=109
num_leaves=17
num_cat=0
split_feature=8 14 13 2 2 2 10 0 15 10 11 17 1 9 21 1
split_gain=1.86731 2.21566 4.77303 4.66397 4.40393 1.95408 1.95014 2.57459 1.42492 1.37445 1.46065 1.90005 1.72767 1.09091 1.10823 0.75871
threshold=1.0000000180025095e-35 0.98005052076767474 0.038694985031638006 35.500000000000007 18.500000000000004 17.500000000000004 -0.52034141052533245 3.5000000000000004 -0.75860107497549967 -0.99983123799342488 -0.18598319447470388 1.0000000180025095e-35 29.500000000000004 0.88621069759564464 13.500000000000002 29.500000000000004
decision_type=2 2 2 2 2 2 2 2 2 2 2 2 2 2 2 2
left_child=1 9 5 4 -4 -3 7 -2 -8 -1 12 -12 -11 14 -10 -7
right_child=6 2 3 -5 -6 15 8 -9 13 10 11 -13 -14 -15 -16 -17
leaf_value=0.00052460498512933869 0.0045484440460932425 0.00076739230858735249 -0.0047334298806069536 0.001654975207872487 -0.0087824121477507004 0.0029842404980437226 -0.0055334007177330041 -0.00061905115078939477 0.00083096644261957189 0.00014590528915511028 -0.00035485239861063035 2.5637894677533876e-05 0.0097419191664032123 -0.0024026956467197505 -0.0010650241913851657 -0.00033619592436391832
leaf_weight=11.999999999999998 13.000000000000002 11.999999999999998 28 18 10.999999999999998 50 9.9999999999999982 10.999999999999998 21 965 583 590 12.999999999999998 10.999999999999998 11.999999999999998 11.999999999999998
leaf_count=12 13 12 28 18 11 50 10 11 21 965 583 590 13 11 12 12
internal_value=-0.000153993 0.000318458 0.0118504 -0.00801035 -0.0257563 0.0271486 -0.0140489 0.00760983 -0.023675 -0.000379964 -0.000551898 -0.00272475 0.00205419 -0.0166033 -0.00830163 0.0206202
internal_weight=2372 2294 131 57 39 74 78 24 54 2163 2151 1173 978 44 33 62
internal_count=2372 2294 131 57 39 74 78 24 54 2163 2151 1173 978 44 33 62
is_linear=0
shrinkage=0.0913179


Tree=110
num_leaves=11
num_cat=0
split_feature=10 1 2 10 12 5 5 0 5 5
split_gain=1.77376 2.22898 2.09524 1.37857 1.92421 1.37852 2.42632 1.26234 1.21905 1.2
threshold=0.99803555425430601 29.500000000000004 51.500000000000007 -0.99983123799342488 0.99274945289872141 357.50000000000006 351.50000000000006 2.5000000000000004 359.50000000000006 184.50000000000003
decision_type=2 2 2 2 2 2 2 2 2 2
left_child=3 2 7 -1 5 6 -5 -2 -7 -6
right_child=1 -3 -4 4 9 8 -8 -9 -10 -11
leaf_value=0.00047669913355603366 -0.0051869121491763372 -0.00042292669366094711 0.0056926804072188961 -2.7671705727483373e-05 0.00075014356803384911 -0.0052912448282606914 0.0015554893078975134 0.0026140381227360556 -0.00057567715216616251 -0.0080863045315450674
leaf_weight=11.999999999999998 11.000000000000002 13.999999999999998 11.999999999999998 2204 11.999999999999998 13.999999999999998 42 9.9999999999999982 21 20
leaf_count=12 11 14 12 2204 12 14 42 10 21 20
internal_value=-7.69966e-05 0.0174864 0.0304393 -0.000432042 -0.000592205 -0.000280239 0 0.0130454 -0.0182636 -0.0228295
internal_weight=2372 47 33 2325 2313 2281 2246 21 35 32
internal_count=2372 47 33 2325 2313 2281 2246 21 35 32
is_linear=0
shrinkage=0.0913179


Tree=111
num_leaves=19
num_cat=0
split_feature=26 26 9 13 1 13 16 26 1 2 1 26 2 16 14 16 5 2
split_gain=1.30826 4.2735 4.35556 1.41875 2.9123 1.66163 1.13684 1.10392 0.988034 0.867857 1.20227 0.730827 2.18225 0.701299 0.693823 0.695201 0.534066 0.352713
threshold=-19.499999999999996 -22.499999999999996 0.94978112945126536 0.98803388382128687 1.5000000000000002 0.97876397852965835 -0.39036731218380777 -15.499999999999998 21.500000000000004 39.500000000000007 4.5000000000000009 5.5000000000000009 21.500000000000004 -0.3057423696196932 0.99895983886342388 -0.50370116604265602 275.50000000000006 21.500000000000004
decision_type=2 2 2 2 2 2 2 2 2 2 2 2 2 2 2 2 2 2
left_child=1 2 8 4 14 7 11 -6 13 10 -8 12 -5 -1 15 -2 -11 -7
right_child=3 -3 -4 6 5 17 9 -9 -10 16 -12 -13 -14 -15 -16 -17 -18 -19
leaf_value=0.010262901704740455 0.0075731199565742119 -0.0082938299081828787 -0.00099747127003840634 -0.0088247403816151797 0.0027856521622039994 0.00075558712258238234 -0.0068485332197842086 -8.1558483878243081e-06 -0.00053427538202028223 -0.0014007874529457769 -0.00066862876105961734 0.00058258501812349581 0.00027120279861668207 0.0013659208989588428 0.00066052837940528309 0.00017491000443550892 0.0013117569978195705 0.0023506199616579885
leaf_weight=10.999999999999995 9.9999999999999982 18 14.999999999999998 10.999999999999998 23 12.999999999999998 9.9999999999999982 2064 12.999999999999998 15.000000000000002 22 19 24 21.000000000000004 13.999999999999998 31 12.999999999999998 25
leaf_count=11 10 18 15 11 23 13 10 2064 13 15 22 19 24 21 14 31 13 25
internal_value=-7.69966e-05 -0.0117074 0 0.000318458 0.000837779 0.000300812 -0.00961242 -4.37556e-05 0.014205 -0.0182636 -0.0285369 0 -0.00782725 0.0228295 0.0215842 0.0155909 -0.00652271 0.0192248
internal_weight=2372 78 60 2294 2180 2125 114 2087 45 60 32 54 35 32 55 41 28 38
internal_count=2372 78 60 2294 2180 2125 114 2087 45 60 32 54 35 32 55 41 28 38
is_linear=0
shrinkage=0.0913179


Tree=112
num_leaves=17
num_cat=1
split_feature=19 11 5 13 12 2 26 12 1 1 26 15 16 16 11 16
split_gain=1.18383 2.28898 5.73029 3.62173 3.17398 2.24903 2.17155 1.97754 2.05882 1.96364 1.77984 1.76628 1.74545 1.55083 2.75282 2.01026
threshold=0 -0.039769906970920893 242.50000000000003 -0.92107319833963663 0.92520893929334658 11.500000000000002 -27.499999999999996 -0.6905596507703472 10.500000000000002 10.500000000000002 -19.499999999999996 -0.99760529321244107 -0.99326377027576429 -0.94139465211055529 0.97109394436505758 -0.96797918525527737
decision_type=9 2 2 2 2 2 2 2 2 2 2 2 2 2 2 2
left_child=1 3 6 -1 11 -2 9 8 -4 -3 -8 -5 -7 15 -15 -14
right_child=5 2 7 4 -6 12 10 -9 -10 -11 -12 -13 13 14 -16 -17
leaf_value=-0.0046738509033100849 0.0030428452213032394 0.0066205220935125226 0.00058622566830813367 0.0058153818674050711 0.0031248689576790197 0.0064716931650075403 -0.0014020982621413105 -0.0058790824079014911 -0.0059819890406463813 -0.00012924254284646313 -0.00012850453378834912 3.5761333347294319e-05 0.00013975083028057445 7.7281780082825058e-05 0.0029477613762041366 -0.0054433291440193245
leaf_weight=14.999999999999998 19 10.000000000000002 13.999999999999998 12.999999999999998 18 12.999999999999998 47 9.9999999999999982 20 11.999999999999998 570 711 24 849 11.999999999999998 14.999999999999998
leaf_count=15 19 10 14 13 18 13 47 10 20 12 570 711 24 849 12 15
internal_value=0 -0.00163743 -0.00548175 0.00180947 0.00270754 0.00252045 -0.00328687 -0.0373573 -0.0268582 0.0249049 -0.00429209 0.00176582 0.00190037 0.0014205 0.00222727 -0.0163904
internal_weight=2372 1440 683 757 742 932 639 44 34 22 617 724 913 900 861 39
internal_count=2372 1440 683 757 742 932 639 44 34 22 617 724 913 900 861 39
cat_boundaries=0 1
cat_threshold=24
is_linear=0
shrinkage=0.0913179


Tree=113
num_leaves=13
num_cat=0
split_feature=1 14 15 26 26 26 5 9 15 11 15 14
split_gain=1.10299 1.66234 2 1.53024 1.62797 3.69615 1.44551 1.17471 1.18236 0.834483 1.8 0.851232
threshold=1.5000000000000002 0.99895983886342388 -0.80160084855791214 -29.499999999999996 -19.499999999999996 -21.499999999999996 56.500000000000007 -0.99940763397299126 0.042992704658633807 -1.0000000180025095e-35 0.8749942490873206 -0.035471817674206145
decision_type=2 2 2 2 2 2 2 2 2 2 2 2
left_child=1 2 -1 -2 5 6 -5 -6 -9 10 -4 -11
right_child=3 -3 9 4 7 -7 -8 8 -10 11 -12 -13
leaf_value=-0.00096273593582679631 0.0035716622823571721 0.00053761759079032053 0.0023700328940030931 0.0056730831017495747 -0.00077616989427045017 -0.0067818840191899441 -0.00077834750052225708 8.1631561310827616e-05 -0.00013481035995988516 0.0003859579517106096 -0.00057343853427891777 -0.00013065972895419934
leaf_weight=13.999999999999998 17 13.999999999999998 9.9999999999999982 10.999999999999998 21 11.999999999999998 35 1077 1122 14.999999999999998 9.9999999999999982 14.000000000000005
leaf_count=14 17 14 10 11 21 12 35 1077 1122 15 10 14
internal_value=-7.69966e-05 0.0106735 0.00434847 -0.00043769 -0.00064139 -0.0157445 -0.00397035 -0.000246805 -4.1527e-05 0.0130454 0.0273954 0.00314889
internal_weight=2372 77 63 2295 2278 58 46 2220 2199 49 20 29
internal_count=2372 77 63 2295 2278 58 46 2220 2199 49 20 29
is_linear=0
shrinkage=0.0913179


Tree=114
num_leaves=26
num_cat=2
split_feature=0 19 0 9 9 10 9 10 2 0 10 9 19 11 9 3 0 26 26 11 11 11 2 9 10
split_gain=1.16388 3.65987 5.02564 9.93263 4.26026 3.24985 3.24445 3.73775 3.78335 2.98458 6.94889 5.24434 2.9044 2.828 2.6987 3.9313 2.62748 2.09604 6.57902 2.37985 6.0923 2.41044 1.79966 0.2 0.105447
threshold=2.5000000000000004 0 4.5000000000000009 -0.031173458710879145 -0.23537230790205757 -0.99465740988130902 0.34235194516023087 -0.90892157495189674 22.500000000000004 4.5000000000000009 0.99855310097228323 0.29342972903661901 1 0.94911049632748046 -0.76141707087277943 7.5000000000000009 1.0000000180025095e-35 -20.499999999999996 -25.499999999999996 -0.78326178756187226 -0.72696319516528884 -0.83377653105606597 29.500000000000004 0.074116354202380164 -0.80417042486635371
decision_type=2 9 2 2 2 2 2 2 2 2 2 2 9 2 2 2 2 2 2 2 2 2 2 2 2
left_child=12 2 3 13 22 -6 9 -8 -9 10 -3 -11 14 -2 -1 16 -16 18 -14 21 -21 -19 -4 -5 -17
right_child=1 6 4 23 5 -7 7 8 -10 11 -12 -13 17 -15 15 24 -18 19 -20 20 -22 -23 -24 -25 -26
leaf_value=0.00088944618773706841 0.0093888059447820946 -0.0012661039734141357 -0.0008371188717924468 -0.00023176727575684254 -0.00088498739320023707 0.0027908882101666263 0.003978889745824458 0.00016356629818414177 -0.010187190141324506 3.6683309105346077e-05 0.0054321232240873204 -0.0024969955353313891 0.0021932465062545065 0.0082716786893193232 0.0028372768418727652 -0.0023417430301511271 -0.0016226960313006722 1.6341060936332482e-05 -0.011132455328211359 0.011022976725564734 0.00061272038087674125 -0.0018643573627607796 -0.0014292395185287298 -0.0094239129671568229 -0.0035349586123123219
leaf_weight=9.9999999999999982 42 345 10.999999999999998 10.000000000000002 22 19 15.999999999999998 460 9.9999999999999982 346 10.999999999999998 11.999999999999998 15.000000000000002 15.999999999999998 40 10.000000000000002 79 188 10.999999999999998 24 591 31 26 9.9999999999999982 17
leaf_count=10 42 345 11 10 22 19 16 460 10 346 11 12 15 16 40 10 79 188 11 24 591 31 26 10 17
internal_value=0 -0.00175093 0.0110022 0.0280978 -0.00468297 0.0155909 -0.00347159 0.00225476 0.000777174 -0.00741798 -0.0133386 -0.00153047 0.00233688 0.0472334 -0.00880173 -0.0125093 -0.00537164 0.00440845 -0.0210734 0.00525571 0.00816665 -0.00291884 -0.0271486 -0.0273954 -0.0439679
internal_weight=2372 1356 156 78 78 41 1200 486 470 714 356 358 1016 58 156 146 119 860 26 834 615 219 37 20 27
internal_count=2372 1356 156 78 78 41 1200 486 470 714 356 358 1016 58 156 146 119 860 26 834 615 219 37 20 27
cat_boundaries=0 1 2
cat_threshold=68 84
is_linear=0
shrinkage=0.0913179


Tree=115
num_leaves=8
num_cat=0
split_feature=16 15 10 16 0 5 10
split_gain=1.93367 1.37445 1.33678 1.25954 4.516 1.08039 0.615385
threshold=-0.99976650739665429 -0.99940763397299126 -0.99983123799342488 -0.99763124042248752 1.5000000000000002 362.50000000000006 0.38043945030393422
decision_type=2 2 2 2 2 2 2
left_child=-1 6 -3 4 -4 -5 -2
right_child=1 2 3 5 -6 -7 -8
leaf_value=0.0043323767779538383 -1.6832375232425468e-05 0.00053389933521895221 0.0074014754708101923 -1.5593149781189494e-05 -0.0015906815841310138 0.00046246995131762902 -0.0046338830976177109
leaf_weight=12.999999999999998 13.000000000000002 11.999999999999998 9.9999999999999982 2259 29 23 12.999999999999998
leaf_count=13 13 12 10 2259 29 23 13
internal_value=0 -0.000193552 3.91419e-05 -0.000118033 -0.0163904 0.000160067 -0.0210734
internal_weight=2372 2359 2333 2321 39 2282 26
internal_count=2372 2359 2333 2321 39 2282 26
is_linear=0
shrinkage=0.0913179


Tree=116
num_leaves=12
num_cat=1
split_feature=15 11 17 0 14 16 19 1 11 10 11
split_gain=1.35934 1.26554 2.82295 1.27654 3.41068 2.74551 2.5525 4.01744 2.23063 0.615385 0.0155844
threshold=-0.99940763397299126 0.99865421017599987 1.0000000180025095e-35 2.5000000000000004 -0.99964630454799619 -0.21442680003292627 0 21.500000000000004 0.85784900197110281 0.38043945030393422 0.99971969515277614
decision_type=2 2 2 2 2 2 9 2 2 2 2
left_child=9 3 10 6 -5 -6 7 -2 -8 -1 -3
right_child=1 2 -4 4 5 -7 8 -9 -10 -11 -12
leaf_value=-1.5295277239910379e-05 -0.0032107295055753809 -0.0065987514691676968 0.0016272564882883454 -0.0099681857912417276 0.00026646834323149733 -0.0002116634537886506 0.00020892962321828354 0.0010873323253160856 0.0025149683263549515 -0.0042107263946215912 -0.0015575363948476938
leaf_weight=13.000000000000002 103 11.000000000000002 18 9.9999999999999982 552 756 749 47 90 12.999999999999998 9.9999999999999982
leaf_count=13 103 11 18 10 552 756 749 47 90 13 10
internal_value=-0.000307986 -7.78499e-05 -0.0163904 0.000197915 -0.00166285 -0.00125667 0.00267767 -0.00799032 0.00462506 -0.0210734 -0.0391363
internal_weight=2372 2346 39 2307 1318 1308 989 150 839 26 21
internal_count=2372 2346 39 2307 1318 1308 989 150 839 26 21
cat_boundaries=0 1
cat_threshold=84
is_linear=0
shrinkage=0.0913179


Tree=117
num_leaves=16
num_cat=0
split_feature=15 15 12 15 14 6 15 26 2 13 26 26 26 1 10
split_gain=1.33925 1.30721 2.73421 1.74437 3.22415 4.89216 2.13439 2.66067 2 1.39771 1.06429 3.83391 3.57429 0.8 0.615385
threshold=-0.99940763397299126 -0.64249483407895591 0.92520893929334658 -0.41887844496219279 -0.89974715708216946 1.0000000180025095e-35 -0.20391260997033342 -11.499999999999998 25.500000000000004 0.5267437926028592 -20.499999999999996 -23.499999999999996 -9.4999999999999982 21.500000000000004 0.38043945030393422
decision_type=2 2 2 2 2 2 2 2 2 2 2 2 2 2 2
left_child=14 2 10 4 8 -6 9 -8 -3 -5 11 -2 -12 -4 -1
right_child=1 3 13 6 5 -7 7 -9 -10 -11 12 -13 -14 -15 -16
leaf_value=-1.3898543884304384e-05 0.00023337453157344705 0.0039433189687068408 0.0037248439786709128 9.0914776608724531e-05 -8.3688261220274106e-05 -0.0058184678473295354 -0.0058198840364079608 -6.4607129715055713e-05 -0.0051639781886976344 0.0034110223017039623 0.0038734409762301147 -0.010133517424351007 0.0001029175272387433 0.003272427979710123 -0.0038262114940876223
leaf_weight=13.000000000000002 45 24 10 112 116 49 17 1322 11.999999999999998 57 29 10.999999999999998 532 10 12.999999999999998
leaf_count=13 45 24 10 112 116 49 17 1322 12 57 29 11 532 10 13
internal_value=-0.00046198 -0.00023355 0.00329719 -0.00154957 -0.00954068 -0.0149429 -0.000484445 -0.00170497 0.0152197 0.00918583 0.00222005 -0.00978407 0.00341832 0.0365272 -0.0210734
internal_weight=2372 2346 637 1709 201 165 1508 1339 36 169 617 56 561 20 26
internal_count=2372 2346 637 1709 201 165 1508 1339 36 169 617 56 561 20 26
is_linear=0
shrinkage=0.0913179


Tree=118
num_leaves=15
num_cat=0
split_feature=15 8 9 9 11 17 9 23 17 21 16 10 2 11
split_gain=1.29953 1.20556 2.60742 1.64436 1.25339 2.82295 1.1567 2.66344 1.28609 0.979757 2.07692 0.615385 0.0623377 0.0155844
threshold=-0.99940763397299126 1.0000000180025095e-35 -0.005375728450543499 -0.52766804058324157 0.99865421017599987 1.0000000180025095e-35 0.54219432480460406 1.0000000180025095e-35 1.0000000180025095e-35 13.500000000000002 -0.33627629079091209 0.38043945030393422 39.500000000000007 0.99971969515277614
decision_type=2 2 2 2 2 2 2 2 2 2 2 2 2 2
left_child=11 4 3 12 6 13 8 -8 -2 10 -4 -1 -3 -6
right_child=1 2 9 -5 5 -7 7 -9 -10 -11 -12 -13 -14 -15
leaf_value=-1.2629357354904971e-05 -0.00019575571739709376 -4.5824270216852175e-06 0.00083012217761071312 0.00044735909919972193 -0.0059902672247046321 0.0014845585529752521 0.00023591427723319744 0.00039214641526357115 0.00010976909771039626 -0.00087790997003823275 -0.0022883985206613362 -0.0034768097058473502 -0.00071593131099046683 -0.0014094055742851666
leaf_weight=13.000000000000002 872 11.000000000000002 12.999999999999998 19 11.000000000000002 18 617 37 703 12.999999999999998 12.000000000000002 12.999999999999998 9.9999999999999982 9.9999999999999982
leaf_count=13 872 11 13 19 11 18 617 37 703 13 12 13 10 10
internal_value=-0.000769966 -0.000544949 -0.0117074 0.0045659 -0.000161055 -0.0163904 0.000122904 0.00335112 -0.00121757 -0.0288372 -0.0182636 -0.0210734 -0.0130454 -0.0391363
internal_weight=2372 2346 78 40 2268 39 2229 654 1575 38 25 26 21 21
internal_count=2372 2346 78 40 2268 39 2229 654 1575 38 25 26 21 21
is_linear=0
shrinkage=0.0913179


Tree=119
num_leaves=12
num_cat=0
split_feature=15 13 13 0 12 12 26 0 9 12 10
split_gain=1.35934 1.30626 1.64123 3.11124 1.18788 1.11184 1.15063 3.4632 0.888904 1.14942 0.615385
threshold=-0.99940763397299126 0.98803388382128687 0.97876397852965835 3.5000000000000004 0.39629089145655316 0.5475998096715059 5.5000000000000009 5.5000000000000009 0.99966190462023474 -0.98801846520836334 0.38043945030393422
decision_type=2 2 2 2 2 2 2 2 2 2 2
left_child=10 2 8 4 -4 6 7 -3 9 -2 -1
right_child=1 5 3 -5 -6 -7 -8 -9 -10 -11 -12
leaf_value=-1.1476070336886517e-05 -0.00095965453884190816 -0.00017656729192871978 0.0035122005661714943 -0.00095783423406424571 0.0019109599756098579 -0.00083712433111757028 0.00051108085234952952 -0.0019714316510750425 0.0033617964459120879 1.1023269018551662e-05 -0.0031593145724833219
leaf_weight=13.000000000000002 43 66 12.000000000000002 15.999999999999998 9.9999999999999982 18 19 10.999999999999998 18 2133 12.999999999999998
leaf_count=13 43 66 12 16 10 18 19 11 18 2133 13
internal_value=-0.000307986 -7.78499e-05 0.000409131 0.0192248 0.0415082 -0.00961242 -0.00570737 -0.0106735 8.32433e-05 -8.39319e-05 -0.0210734
internal_weight=2372 2346 2232 38 22 114 96 77 2194 2176 26
internal_count=2372 2346 2232 38 22 114 96 77 2194 2176 26
is_linear=0
shrinkage=0.0913179


Tree=120
num_leaves=10
num_cat=0
split_feature=5 5 5 14 26 1 1 1 1
split_gain=1.13192 1.4627 1.45254 0.967039 2.41126 1.0094 0.880037 0.730435 0.179487
threshold=362.50000000000006 356.50000000000006 351.50000000000006 0.77922293312517721 24.500000000000004 1.5000000000000002 24.500000000000004 20.500000000000004 26.500000000000004
decision_type=2 2 2 2 2 2 2 2 2
left_child=1 2 3 4 -1 -5 -3 -4 -8
right_child=-2 6 7 5 -6 -7 8 -9 -10
leaf_value=-7.8823174471916692e-05 0.00036520037146312901 -0.0031599936902253416 0.0026373717032985235 0.00042424633144348353 -0.0066965526732908585 9.5018772917063784e-05 -0.001655746128085128 0.00079479514674897825 -0.00059418464856421784
leaf_weight=1836 23 15.999999999999998 23 19 13.999999999999998 403 14.000000000000002 11.999999999999998 11.999999999999998
leaf_count=1836 23 16 23 19 14 403 14 12 12
internal_value=-0.000307986 -0.000505378 -0.000197915 -0.000482313 -0.00138211 0.00346229 -0.0173939 0.0182636 -0.00702446
internal_weight=2372 2349 2307 2272 1850 422 42 35 26
internal_count=2372 2349 2307 2272 1850 422 42 35 26
is_linear=0
shrinkage=0.0913179


Tree=121
num_leaves=9
num_cat=0
split_feature=5 5 2 5 16 0 0 0
split_gain=1.11469 1.36725 1.6139 1.21905 1.0975 3.61357 1.48948 0.337286
threshold=362.50000000000006 357.50000000000006 51.500000000000007 359.50000000000006 0.97110348624087073 4.5000000000000009 3.5000000000000004 3.5000000000000004
decision_type=2 2 2 2 2 2 2 2
left_child=1 2 4 -3 6 -6 -1 -2
right_child=7 3 -4 -5 5 -7 -8 -9
leaf_value=0.0001771520199478656 0.0014597151088753015 -0.0045739510096152684 0.003637421171977186 -0.00036557667277958492 -0.00049897518092108901 0.0012655152900316871 -0.00020469464455019702 1.0527288508756883e-05
leaf_weight=1224 12.000000000000002 13.999999999999998 9.9999999999999982 21 114 41 925 10.999999999999998
leaf_count=1224 12 14 10 21 114 41 925 11
internal_value=-0.000153993 -0.000349877 -7.89265e-05 -0.0182636 -0.000237807 -0.00765892 0.000297453 0.0198517
internal_weight=2372 2349 2314 35 2304 155 2149 23
internal_count=2372 2349 2314 35 2304 155 2149 23
is_linear=0
shrinkage=0.0913179


Tree=122
num_leaves=10
num_cat=0
split_feature=12 2 12 1 26 10 26 12 1
split_gain=1.56625 1.79207 1.59586 2.80737 1.60511 1.351 1.632 1.03114 0.727273
threshold=0.99897831515029056 25.500000000000004 0.9953013416090124 29.500000000000004 25.500000000000004 0.99803555425430601 23.500000000000004 0.99803555425430601 14.500000000000002
decision_type=2 2 2 2 2 2 2 2 2
left_child=2 -2 4 7 5 6 -1 -4 -6
right_child=1 -3 3 -5 8 -7 -8 -9 -10
leaf_value=-4.4048591829507191e-05 -0.00017151620259973601 0.00057143608022137363 0.0038879298706093017 -0.0010702544930203627 -2.3126459480520501e-05 0.0022462916556236826 0.015421660232008961 -0.0040071182858184102 -0.0063316511502201607
leaf_weight=2257 12.999999999999998 20 16.000000000000004 10.999999999999998 11.000000000000002 11.999999999999998 9.9999999999999982 10.999999999999998 10.999999999999998
leaf_count=2257 13 20 16 11 11 12 10 11 11
internal_value=-0.000384983 0.0193705 -0.000663705 -0.0192248 -0.000357176 -0.000120208 -0.00028197 -0.00338215 -0.0249049
internal_weight=2372 33 2339 38 2301 2279 2267 27 22
internal_count=2372 33 2339 38 2301 2279 2267 27 22
is_linear=0
shrinkage=0.0913179


Tree=123
num_leaves=22
num_cat=1
split_feature=19 2 9 0 0 15 15 0 9 14 1 11 0 13 13 13 1 1 15 5 11
split_gain=1.11896 3.19164 2.52424 4.50667 2.49515 6.4252 2.19011 2.12856 3.09417 3.21042 5.95238 2.92331 2.91667 2.57384 6.25318 3.70566 2.93886 3.38206 2.55526 2.38668 1.4666
threshold=0 25.500000000000004 0.074116354202380164 2.5000000000000004 1.5000000000000002 -0.26036910870084967 0.75014982656592355 2.5000000000000004 0.34235194516023087 0.97459910280005768 4.5000000000000009 -0.97876850416056749 5.5000000000000009 0.91336570061733802 0.83966026687266992 0.79904096188274243 29.500000000000004 27.500000000000004 -0.41006178370790763 158.50000000000003 -0.99629805505515956
decision_type=9 2 2 2 2 2 2 2 2 2 2 2 2 2 2 2 2 2 2 2 2
left_child=1 -1 4 -4 5 -3 -6 13 11 19 -11 20 -13 14 15 -2 17 -15 -16 -10 -9
right_child=7 2 3 -5 6 -7 -8 8 9 10 -12 12 -14 16 18 -17 -18 -19 -20 -21 -22
leaf_value=0.0055572008341056162 0.000252321429691124 0.0015033566006064224 0.0071380883819187535 -0.0074092949024003691 0.00030694380878593618 -0.0028808619301317001 0.0066528495871538444 -0.00067085798368185197 -0.00013173575380734246 -0.00045161062657158538 0.0021989796870585691 -0.0010280465479409924 0.00010597610074402851 -0.00028933422824422455 -0.00045449803450562325 -0.0041169146595140841 0.0070153742984389398 -0.0019893014076127736 0.0075490200311124659 0.003673682163582959 0.0045052914275831475
leaf_weight=9.9999999999999982 648 54 15.000000000000002 9.9999999999999982 255 69 48 21 440 14.000000000000002 15.999999999999998 420 140 89 9.9999999999999982 20 9.9999999999999982 11.999999999999998 29 15.999999999999998 26
leaf_count=10 648 54 15 10 255 69 48 21 440 14 16 420 140 89 10 20 10 12 29 16 26
internal_value=-0.000307986 0.00368374 0.00263222 -0.025569 0.00428723 -0.0066818 0.00874 -0.00128349 -0.00392676 0.00150318 0.0304393 -0.00827428 -0.0101102 0.00223271 0.00426237 0.00218726 -0.0106949 -0.0153703 0.0398053 -0.000400517 0.0136005
internal_weight=2372 461 451 25 426 123 303 1911 1093 486 30 607 560 818 707 668 111 101 39 456 47
internal_count=2372 461 451 25 426 123 303 1911 1093 486 30 607 560 818 707 668 111 101 39 456 47
cat_boundaries=0 1
cat_threshold=69
is_linear=0
shrinkage=0.0913179


Tree=124
num_leaves=8
num_cat=0
split_feature=26 26 26 0 26 0 15
split_gain=2.09768 2.9037 1.85359 2.62088 1.88045 1.16877 0.927125
threshold=27.500000000000004 25.500000000000004 15.500000000000002 1.5000000000000002 12.500000000000002 3.5000000000000004 0.97580649958185817
decision_type=2 2 2 2 2 2 2
left_child=1 2 4 -4 5 -1 -5
right_child=-2 -3 3 6 -6 -7 -8
leaf_value=6.7955670332737325e-05 0.0020305377251568953 -0.0037331633116485393 0.0041820219641943695 -0.0010324437902350513 -0.0037056900555433921 -0.00018224469919512644 0.0015154044656650731
leaf_weight=1296 18 11.999999999999998 19 30 18 968 10.999999999999998
leaf_count=1296 18 12 19 30 18 968 11
internal_value=-0.000615973 -0.000853439 -0.000623863 0.0152197 -0.00104043 -0.000806696 0.00222727
internal_weight=2372 2354 2342 60 2282 2264 41
internal_count=2372 2354 2342 60 2282 2264 41
is_linear=0
shrinkage=0.0913179


Tree=125
num_leaves=12
num_cat=1
split_feature=16 16 0 11 0 1 11 0 14 19 6
split_gain=2.02806 1.11979 4.516 0.997787 2.51282 5.50476 3.6886 1.13843 3.25155 2.43125 0.925625
threshold=-0.99976650739665429 -0.99763124042248752 1.5000000000000002 -0.99054481509840819 1.5000000000000002 15.500000000000002 -0.99467753128998015 2.5000000000000004 -0.99964630454799619 0 1.0000000180025095e-35
decision_type=2 2 2 2 2 2 2 2 2 9 2
left_child=-1 2 -2 4 5 -3 -6 9 -9 -5 -4
right_child=1 3 10 7 6 -7 -8 8 -10 -11 -12
leaf_value=0.0039543543754977 0.0068311432873361579 0.002798424979908949 -0.00668084610055702 -0.00097524011866649345 0.00078709215090984406 -0.0099377117680809757 0.011258786397129345 -0.008810706354128315 -0.00013416185180527507 0.00017394830730715379 -0.00099346179275962222
leaf_weight=12.999999999999998 9.9999999999999982 10.000000000000002 17 152 38 13.999999999999998 15.999999999999998 9.9999999999999982 1271 809 12.000000000000002
leaf_count=13 10 10 17 152 38 14 16 10 1271 809 12
internal_value=-0.000846962 -0.00104518 -0.0163904 -0.000787224 0.00936594 -0.0152197 0.0202929 -0.00114046 -0.00292274 0.00123531 -0.0346378
internal_weight=2372 2359 39 2320 78 24 54 2242 1281 961 29
internal_count=2372 2359 39 2320 78 24 54 2242 1281 961 29
cat_boundaries=0 1
cat_threshold=84
is_linear=0
shrinkage=0.0913179


Tree=126
num_leaves=20
num_cat=0
split_feature=1 9 15 11 11 0 15 2 26 2 23 11 15 11 14 0 2 9 15
split_gain=1.19982 2.80519 1.52381 1.22807 2.15641 1.28205 1.21005 1.67835 2.66984 1.64566 1.40114 4.34896 1.21195 0.952381 0.6 0.504096 3.01385 1.26234 0.153846
threshold=1.5000000000000002 -0.51297808981038739 -0.80160084855791214 -0.99054481509840819 -0.99629805505515956 3.5000000000000004 -0.70291267844185523 9.5000000000000018 -21.499999999999996 23.500000000000004 1.0000000180025095e-35 -0.23432901867687267 0.99969196022934537 -1.0000000180025095e-35 -0.054805253183622789 4.5000000000000009 20.500000000000004 0.67802080537253961 0.19336742136696441
decision_type=2 2 2 2 2 2 2 2 2 2 2 2 2 2 2 2 2 2 2
left_child=1 -1 -3 4 15 18 7 8 -5 -9 12 -12 -8 -4 -15 16 -2 -17 -6
right_child=3 2 13 6 5 -7 10 9 -10 -11 11 -13 -14 14 -16 17 -18 -19 -20
leaf_value=0.0010301135113273136 0.0042859717192094676 -0.00075992387396431728 0.00072153830999537516 0.0010072653527270529 0.00032091086046854878 0.013961267591728763 -0.00013577768309787453 0.0010075465878729929 -0.014977709290080113 -1.8272402287862297e-05 -0.00094584007368825578 0.0033374428363055608 0.0023569212814911885 0.0038193107725619209 -0.00015820093848587565 6.3564157001259625e-05 -0.0020998250749391196 -0.0019128941305103086 0.0010747910473416725
leaf_weight=21 13.999999999999998 13.999999999999998 11.999999999999998 10.000000000000002 13.000000000000002 12.999999999999998 1521 168 18 376 43 37 18 9.9999999999999982 20.000000000000004 11.000000000000002 30 9.9999999999999982 12.999999999999998
leaf_count=21 14 14 12 10 13 13 1521 168 18 376 43 37 18 10 20 11 30 10 13
internal_value=-0.000538976 0.0106735 0 -0.000915169 0.00878057 0.0257563 -0.0013754 0.00223505 -0.0195681 0.00335728 -0.00265098 0.00913179 -0.00326347 0.00869695 0 -0.00140489 0.00415082 -0.0130454 0.0140489
internal_weight=2372 77 56 2295 104 39 2191 572 28 544 1619 80 1539 42 30 65 44 21 26
internal_count=2372 77 56 2295 104 39 2191 572 28 544 1619 80 1539 42 30 65 44 21 26
is_linear=0
shrinkage=0.0913179


Tree=127
num_leaves=15
num_cat=0
split_feature=13 13 0 13 0 14 0 10 9 11 12 26 0 10
split_gain=1.24983 1.64717 2.05183 1.31063 3.71385 4.59661 2.89112 5.50095 2.0571 1.75144 1.07903 1.18843 2.03175 2.09921
threshold=0.98701858156467404 0.97876397852965835 3.5000000000000004 -0.70596181949113168 5.5000000000000009 0.99247737996680552 4.5000000000000009 -0.16799793862756093 0.99939377080793557 -0.98214488425316748 0.5475998096715059 5.5000000000000009 5.5000000000000009 0.046214085385334856
decision_type=2 2 2 2 2 2 2 2 2 2 2 2 2 2
left_child=1 3 -3 6 9 -6 8 -8 -1 -5 11 12 13 -2
right_child=10 2 -4 4 5 -7 7 -9 -10 -11 -12 -13 -14 -15
leaf_value=0.00017567497417102842 0.00028647725439971444 0.0031082371481764063 -0.00054735613296885677 0.00097664333268808446 0.0015095322923375206 -0.0089276068585656121 -0.0014532281416139536 -0.00014759156475494195 -0.0006994098174056112 -6.2387753465051809e-05 -0.00076537862753801888 0.00054969271154631694 -0.0012215370494303055 -0.0077699363280900385
leaf_weight=421 56 18.000000000000004 12.999999999999998 87 215 13.999999999999998 70 105 18 1290 18 19 11.999999999999998 15.999999999999998
leaf_count=421 56 18 13 87 215 14 70 105 18 1290 18 19 12 16
internal_value=-0.000769966 -0.000283974 0.0206202 -0.000575879 0.000796047 0.0115643 -0.00416434 -0.0140891 -0.000208014 -0.000994749 -0.00981102 -0.00620607 -0.0108712 -0.00507322
internal_weight=2372 2251 31 2220 1606 229 614 175 439 1377 121 103 84 72
internal_count=2372 2251 31 2220 1606 229 614 175 439 1377 121 103 84 72
is_linear=0
shrinkage=0.0913179


Tree=128
num_leaves=16
num_cat=0
split_feature=26 26 5 26 14 7 12 0 0 26 9 26 0 26 26
split_gain=1.2064 4.2735 2.45499 1.53708 4.16667 1.22985 2.45282 2.5008 1.60952 1.43616 6.02083 1.70497 1.01156 2.24883 2.1
threshold=-19.499999999999996 -22.499999999999996 74.500000000000014 -15.499999999999998 -0.95627437956561623 1.0000000180025095e-35 0.45847758937963173 4.5000000000000009 3.5000000000000004 -4.4999999999999991 0.80417553764032002 -1.0000000180025095e-35 2.5000000000000004 -25.499999999999996 -26.499999999999996
decision_type=2 2 2 2 2 2 2 2 2 2 2 2 2 2 2
left_child=1 2 12 4 -2 9 8 -8 -7 10 -5 -11 13 -1 -14
right_child=3 -3 -4 5 -6 6 7 -9 -10 11 -12 -13 14 -15 -16
leaf_value=0.0040597715800227635 -0.0014693132202752814 -0.0060824173805580015 -0.00062283809973510084 -0.0037402466171218398 0.0035882466842047985 0.0070577889131092399 0.00049949590023735946 -0.0015545019250846847 0.0001875795578604783 0.0044569996875974032 0.010798330472979952 -5.5392306589284492e-05 0.00036731498438477176 -0.0018271581735099191 0.0022038631778517597
leaf_weight=13.000000000000002 12.000000000000002 18 12.999999999999998 48 11.999999999999998 20 27 10.999999999999998 14.999999999999998 22 15.999999999999998 2111 13.999999999999998 9.9999999999999982 10.000000000000002
leaf_count=13 12 18 13 48 12 20 27 11 15 22 16 2111 14 10 10
internal_value=-0.000538976 -0.0117074 0 -0.000159229 0.0228295 -0.000402282 0.0112584 -0.00480621 0.0286999 -0.000789732 -0.0142684 -0.000385308 0.00971468 -0.00397035 0.0228295
internal_weight=2372 78 60 2294 24 2270 73 38 35 2197 64 2133 47 23 24
internal_count=2372 78 60 2294 24 2270 73 38 35 2197 64 2133 47 23 24
is_linear=0
shrinkage=0.0913179


Tree=129
num_leaves=18
num_cat=0
split_feature=26 26 2 26 13 12 8 9 9 9 16 9 9 25 26 3 5
split_gain=1.32992 4.01111 3.85333 1.6301 1.09853 1.74985 1.66957 1.53405 1.8315 1.32038 1.22613 1.16142 3.67164 2.39175 0.754791 0.619048 0.548753
threshold=-20.499999999999996 -22.499999999999996 11.500000000000002 -29.499999999999996 -0.91072037282037865 0.6952237066490784 1.0000000180025095e-35 -0.55657520495441892 -0.51297808981038739 -0.005375728450543499 -0.33627629079091209 0.86113431103781346 0.85226249403558707 1.0000000180025095e-35 -26.499999999999996 9.5000000000000018 329.50000000000006
decision_type=2 2 2 2 2 2 2 2 2 2 2 2 2 2 2 2 2
left_child=1 2 3 -1 5 7 11 16 -9 15 -11 12 -6 -13 -5 -8 -2
right_child=4 -3 -4 14 6 -7 9 8 -10 10 -12 13 -14 -15 -16 -17 -18
leaf_value=0.0064793944363926619 -0.0018125984226993706 -0.0070546784449313669 -0.0015524734652289022 -0.00085204897652056959 3.3881764820804423e-05 -0.0023218879771937048 -0.000151911716559776 0.0016343097183156691 -0.00012199359314165657 -0.0006212844470651432 -0.0001651042627178058 0.00059698609683878361 -0.02211006621998713 0.0025841280888043703 0.0013736098187048231 0.00014679950740592013 -3.7224643779810448e-05
leaf_weight=12.999999999999998 49 11.999999999999998 9.9999999999999982 14.999999999999991 1679 21 14.000000000000002 42 208 16.000000000000004 12.999999999999998 207 9.9999999999999982 14.999999999999998 22.000000000000007 11.999999999999998 13.999999999999998
leaf_count=13 49 12 10 15 1679 21 14 42 208 16 13 207 10 15 22 12 14
internal_value=-0.00046198 -0.012683 -0.00304393 0.00730544 -7.94069e-05 -0.00492133 0.000743178 -0.00320926 0 -0.0149429 -0.0283401 0.00119464 0.000378464 0.00740416 -0.00246805 0 -0.0159444
internal_weight=2372 72 60 50 2300 334 1966 313 250 55 29 1911 1689 222 37 26 63
internal_count=2372 72 60 50 2300 334 1966 313 250 55 29 1911 1689 222 37 26 63
is_linear=0
shrinkage=0.0913179


Tree=130
num_leaves=16
num_cat=0
split_feature=14 11 11 14 0 10 14 11 0 0 1 14 1 15 16
split_gain=1.16099 1.09769 2.15641 1.61767 1.28205 1.21687 0.87767 2.05965 3.93014 2.25146 1.32729 2.26047 1.54822 0.675 0.527473
threshold=-0.99923024598162502 -0.99054481509840819 -0.99629805505515956 -0.6967548280657393 3.5000000000000004 -0.70289845916694649 0.40417292804311761 -0.95244167294248061 1.0000000180025095e-35 1.0000000180025095e-35 29.500000000000004 0.9953013416090124 28.500000000000004 0.022576145604933002 -0.974133491899698
decision_type=2 2 2 2 2 2 2 2 2 2 2 2 2 2 2
left_child=13 2 3 -2 14 -5 7 8 -3 -9 12 -12 -8 -1 -4
right_child=1 6 4 5 -6 -7 10 9 -10 -11 11 -13 -14 -15 -16
leaf_value=5.5521464582192669e-05 0.0022318490867073155 0.0024631421538297061 -0.0030050222768507819 0.0029811967665236273 0.012599132493902029 -0.0007107743573639588 0.00010290795170588925 -0.00041403129958481549 -0.004841044814022066 7.2859471771614728e-06 -0.0013013661302321434 0.00013788677937430911 0.0050016474423245014 0.0053039327403819917 0.00058347526174704219
leaf_weight=11.999999999999998 13.999999999999998 9.9999999999999982 11.999999999999998 18 12.999999999999998 33 770 190 66 1146 14.999999999999998 19 20 20 14.000000000000002
leaf_count=12 14 10 12 18 13 33 770 190 66 1146 15 19 20 20 14
internal_value=-0.000153993 -0.000390248 0.00878057 -0.00140489 0.0257563 -0.00895274 -0.000816797 -0.00219887 -0.0168217 -0.00136704 0.00155152 -0.0161149 0.00231185 0.0171221 0.0140489
internal_weight=2372 2340 104 65 39 51 2236 1412 76 1336 824 34 790 32 26
internal_count=2372 2340 104 65 39 51 2236 1412 76 1336 824 34 790 32 26
is_linear=0
shrinkage=0.0913179


Tree=131
num_leaves=14
num_cat=0
split_feature=14 11 11 14 12 12 14 26 26 14 15 13 0
split_gain=1.13015 0.941729 1.80513 1.21374 1.05386 1.02564 0.973156 2.69532 2.37604 1.5224 1.18451 0.850708 0.698125
threshold=-0.99923024598162502 -0.98214488425316748 -0.99629805505515956 0.73720146439925716 0.01182636335039325 -0.14250536273956088 0.76696511442552651 27.500000000000004 24.500000000000004 0.81051413426782115 -0.99940763397299126 -0.0096761620737641479 4.5000000000000009
decision_type=2 2 2 2 2 2 2 2 2 2 2 2 2
left_child=11 2 3 4 -2 -4 8 9 10 -8 -3 -1 -7
right_child=1 6 5 -5 -6 12 7 -9 -10 -11 -12 -13 -14
leaf_value=0.0048783691347044538 0.0028154488127354149 -0.0021105232657547008 -0.000952130290928342 -0.00077470480382344561 -0.00064586790044646961 0.0010707812173934084 0.0025419524251683655 0.008745495143425935 -0.0051613408369448098 4.4064973523860257e-06 -6.6382799273781575e-05 0.00013605270438961305 0.0067553097947628746
leaf_weight=12.999999999999998 20 19 12.999999999999998 11.999999999999998 33 51 47 11.999999999999998 13.999999999999998 445 1660 19 13.999999999999998
leaf_count=13 20 19 13 12 33 51 47 12 14 445 1660 19 14
internal_value=7.69966e-05 -0.000156099 0.00702446 -0.00421467 0.00172298 0.0163904 -0.000623473 0.00289898 -0.00167209 0.00185606 -0.00135971 0.0171221 0.0210734
internal_weight=2372 2340 143 65 53 78 2197 504 1693 492 1679 32 65
internal_count=2372 2340 143 65 53 78 2197 504 1693 492 1679 32 65
is_linear=0
shrinkage=0.0913179


Tree=132
num_leaves=16
num_cat=0
split_feature=13 13 0 0 5 0 9 5 5 0 5 14 1 0 0
split_gain=0.886391 1.18393 1.87458 2.39756 4.6041 1.43288 1.1287 0.789237 1.57949 1.83333 1.36469 1.13071 0.730435 0.0848485 0.065641
threshold=0.98803388382128687 0.99286655449081762 5.5000000000000009 3.5000000000000004 152.50000000000003 2.5000000000000004 -0.99763297024448894 356.50000000000006 359.50000000000006 1.5000000000000002 351.50000000000006 0.99895983886342388 20.500000000000004 2.5000000000000004 2.5000000000000004
decision_type=2 2 2 2 2 2 2 2 2 2 2 2 2 2 2
left_child=6 14 3 5 -5 -3 -1 10 13 -10 11 -8 -12 -9 -2
right_child=1 2 -4 4 -6 -7 7 8 9 -11 12 -13 -14 -15 -16
leaf_value=0.0016759813024950056 -0.0010588731757701449 -0.00032293236339744457 -0.00045176098905466033 -0.00092643450727115581 0.0058202786223988607 -0.0072339176865903248 -1.828030765088643e-05 -0.0019526849657581565 0.0034166859382179747 -0.00041330826820134024 0.0023098265418114226 0.00053160991767335272 0.00087796413068226488 -0.0052432502441268798 -0.0011207940466185277
leaf_weight=13.999999999999998 12.000000000000002 38 12.999999999999998 12.000000000000002 12.999999999999998 12.999999999999998 2112 10.000000000000002 11.999999999999998 32 23 32 11.999999999999998 10.999999999999998 12.999999999999998
leaf_count=14 12 38 13 12 13 13 2112 10 12 32 23 32 12 11 13
internal_value=-0.000153993 -0.00801035 -0.00307813 0.0024031 0.025569 -0.00895274 0.000242652 8.13885e-05 -0.00983424 0 0.000377174 8.51847e-05 0.0182636 -0.0304393 -0.025569
internal_weight=2372 114 89 76 25 51 2258 2244 65 44 2179 2144 35 21 25
internal_count=2372 114 89 76 25 51 2258 2244 65 44 2179 2144 35 21 25
is_linear=0
shrinkage=0.0913179


Tree=133
num_leaves=13
num_cat=0
split_feature=9 5 1 9 0 5 14 14 0 1 0 0
split_gain=1.27054 1.13144 1.55889 3.01385 1.79203 1.49581 1.14127 1.36834 0.850708 0.659257 0.960474 0.275783
threshold=-0.99940763397299126 357.50000000000006 29.500000000000004 -0.10837695015263894 2.5000000000000004 351.50000000000006 0.99895983886342388 0.99646492433694434 2.5000000000000004 20.500000000000004 2.5000000000000004 3.5000000000000004
decision_type=2 2 2 2 2 2 2 2 2 2 2 2
left_child=11 5 3 -3 -5 6 7 -2 -8 10 -7 -1
right_child=1 2 -4 4 -6 9 8 -9 -10 -11 -12 -13
leaf_value=-0.00081895693997849155 1.1931933157417314e-06 -0.0037490418555441133 -0.00084928152481668611 0.0058790178135684221 -0.00015739474519138529 0.0027742241180311383 0.0038294875737362481 -0.0061094742340325331 0.00036405306000040285 3.7291933785801394e-05 0.001585689525004229 -3.6903768552283577e-05
leaf_weight=17.000000000000004 2186 13.999999999999995 13.999999999999998 11.000000000000005 19 11.000000000000002 12.999999999999998 26 19 19 11.999999999999998 10.999999999999998
leaf_count=17 2186 14 14 11 19 11 13 26 19 19 12 11
internal_value=-0.00023099 0 -0.0125956 -0.00415082 0.0121757 0.000319573 0 -0.000247698 0.0171221 0.0173939 0.0277924 -0.0195681
internal_weight=2372 2344 58 44 30 2286 2244 2212 32 42 23 28
internal_count=2372 2344 58 44 30 2286 2244 2212 32 42 23 28
is_linear=0
shrinkage=0.0913179


Tree=134
num_leaves=11
num_cat=0
split_feature=16 13 13 0 0 9 15 0 15 2
split_gain=1.65191 0.78503 1.25177 2.00473 2.34783 1.12157 0.750874 6.03373 0.958462 0.29641
threshold=0.99981043035926087 0.98803388382128687 0.99286655449081762 5.5000000000000009 3.5000000000000004 -0.99763297024448894 0.99895233290442154 4.5000000000000009 0.99570013918172939 22.500000000000004
decision_type=2 2 2 2 2 2 2 2 2 2
left_child=1 5 9 4 -4 -1 8 -8 -7 -3
right_child=-2 2 3 -5 -6 6 7 -9 -10 -11
leaf_value=0.0015228251664755341 -0.00077959422200091547 -0.0011160721954662756 -0.00060975484610075283 -0.00041061606180804283 0.00099889110858712043 1.0115686270681352e-05 -0.00082130743298298656 0.0093619171491254767 -0.0021801704443554491 -0.00091352910692605162
leaf_weight=13.999999999999998 14.999999999999998 13.000000000000002 46 12.999999999999998 23 2165 23 9.9999999999999982 38 11.999999999999998
leaf_count=14 15 13 46 13 23 2165 23 10 38 12
internal_value=-0.00023099 -3.87433e-05 -0.00768095 -0.00222727 0.00397035 0.000324686 0.000163359 0.0138361 -4.14516e-05 -0.025569
internal_weight=2372 2357 107 82 69 2250 2236 33 2203 25
internal_count=2372 2357 107 82 69 2250 2236 33 2203 25
is_linear=0
shrinkage=0.0913179


Tree=135
num_leaves=13
num_cat=0
split_feature=16 11 11 11 10 1 1 14 24 14 15 13
split_gain=1.66035 0.958927 3.44257 1.4344 2.49176 1.26485 2.7846 1.20852 1.19036 1.1167 0.984615 0.733333
threshold=0.99981043035926087 0.27694220057652758 0.39034993933883777 0.46800856592688467 0.95178258287705175 22.500000000000004 21.500000000000004 0.99895983886342388 1.0000000180025095e-35 0.99247737996680552 -0.78590998259564904 -0.86332053368064354
decision_type=2 2 2 2 2 2 2 2 2 2 2 2
left_child=1 7 5 10 -5 6 -3 8 9 -1 -4 -7
right_child=-2 2 3 4 -6 11 -8 -9 -10 -11 -12 -13
leaf_value=7.9910736165920607e-05 -0.00070840327615544587 -0.0019318667813268142 0.0006039100398453624 -5.8343267886995288e-05 -0.0023217898700713048 -0.00065625770787223797 -0.0057773664437932902 0.00068413727164029243 0.00025269197165831802 -0.00091667017252071621 0.0022183816541737258 0.001181531421865649
leaf_weight=1313 14.999999999999998 56 12.999999999999998 795 24 12.000000000000002 12.999999999999998 11.999999999999998 19 38 52 9.9999999999999982
leaf_count=1313 15 56 13 795 24 12 13 12 19 38 52 10
internal_value=-0.000153993 3.87433e-05 -0.00215417 -0.000413203 -0.00144949 -0.0190664 -0.0251455 0.00158584 0.00133311 0.00101389 0.012644 0
internal_weight=2372 2357 975 884 819 91 69 1382 1370 1351 65 22
internal_count=2372 2357 975 884 819 91 69 1382 1370 1351 65 22
is_linear=0
shrinkage=0.0913179


Tree=136
num_leaves=14
num_cat=0
split_feature=16 0 1 16 9 16 14 10 0 15 15 15 12
split_gain=1.66035 1.03343 2.21596 3.02213 4.16196 2.10989 2.04518 2.04386 4.21553 5.65056 5.47962 3.78649 2.08741
threshold=0.99981043035926087 3.5000000000000004 30.500000000000004 0.98129567200924539 -0.99763297024448894 -0.42179730054635628 -0.06124400746908739 -0.39036009226888668 4.5000000000000009 0.85223490906209554 0.99683609994235911 -0.99051733471092085 -0.62083866033519952
decision_type=2 2 2 2 2 2 2 2 2 2 2 2 2
left_child=1 2 3 4 -1 -4 -5 11 9 -9 -10 -3 -13
right_child=-2 7 5 6 -6 -7 -8 8 10 -11 -12 12 -14
leaf_value=0.0030236302060124252 -0.00064371334151218677 0.003138648731827654 4.4754932466755095e-05 -2.5069805318260635e-05 0.0001237135611408069 0.0084073053648834259 -0.0010565428008080661 -0.00019148476900339675 0.00026162893579587663 -0.0024695547801808137 0.017588427070523438 -0.0084419508765343904 -0.00061417349512485223
leaf_weight=10.999999999999998 14.999999999999998 13.999999999999998 12.000000000000002 30 1241 13.999999999999998 37 173 413 37 9.9999999999999982 14.999999999999998 350
leaf_count=11 15 14 12 30 1241 14 37 173 413 37 10 15 350
internal_value=-0.000153993 3.87433e-05 0.00169736 0.00117696 0.00218813 0.0280978 -0.0177184 -0.00216564 0.00100984 -0.00956664 0.00626057 -0.00746928 -0.00925689
internal_weight=2372 2357 1345 1319 1252 26 67 1012 633 210 423 379 365
internal_count=2372 2357 1345 1319 1252 26 67 1012 633 210 423 379 365
is_linear=0
shrinkage=0.0913179


Tree=137
num_leaves=12
num_cat=0
split_feature=8 15 14 26 15 9 10 7 21 13 5
split_gain=1.86731 2.33024 2.10543 1.48171 1.95067 1.34782 1.11692 0.688095 0.6508 1.5949 1.37696
threshold=1.0000000180025095e-35 0.91593490216309192 0.99895983886342388 -29.499999999999996 -0.99940763397299126 -0.99985146406598202 0.38043945030393422 1.0000000180025095e-35 11.000000000000002 0.12546058073178443 243.50000000000003
decision_type=2 2 2 2 2 2 2 2 2 2 2
left_child=2 8 3 -1 6 -6 -5 -4 10 -10 -2
right_child=1 -3 7 4 5 -7 -8 -9 9 -11 -12
leaf_value=0.0025011028806660707 0.00035437252406135116 0.0010257581008816662 0.00060783333274269094 -1.3922908803561795e-05 -0.003120345721452855 1.0400219645717818e-05 -0.0032653673275352458 0.00054153921543469326 -0.00040381737768306077 -0.0022648591204020322 -0.00043617119399617525
leaf_weight=17 19 10.999999999999998 15.999999999999998 13.000000000000002 11.999999999999998 2210 11.999999999999998 14.000000000000002 19.000000000000004 10.999999999999998 18
leaf_count=17 19 11 16 13 12 2210 12 14 19 11 18
internal_value=-0.000153993 -0.0140489 0.000318458 0 -0.0002032 8.21944e-05 -0.025569 0.0243515 -0.0204443 -0.0304393 -0.0123403
internal_weight=2372 78 2294 2264 2247 2222 25 30 67 30 37
internal_count=2372 78 2294 2264 2247 2222 25 30 67 30 37
is_linear=0
shrinkage=0.0913179


Tree=138
num_leaves=25
num_cat=1
split_feature=13 0 10 10 13 15 15 0 13 14 13 15 26 0 10 16 15 19 0 26 15 14 0 10
split_gain=1.26576 2.08702 6.72 6.03306 3.03126 3.02705 2.05086 2.40419 2.35086 3.85042 3.80506 2.14286 1.96936 1.62961 6.02701 6.57385 2.95156 2.31871 7.96664 2.3709 1.56791 1.5342 0.960474 0.233333
threshold=-0.70596181949113168 4.5000000000000009 -0.16799793862756093 0.011826144619637501 -0.95243726904160286 -0.61746406835845546 0.68823599250537171 1.5000000000000002 -0.96688789938088693 0.016126237724388103 -0.95628930279329516 0.99467293209889374 -27.499999999999996 5.5000000000000009 0.48877522411129343 -0.067680258155982581 0.93658841789968572 0 1.0000000180025095e-35 -20.499999999999996 0.89690677264064533 0.55119311828352802 2.5000000000000004 -0.85225707553516283
decision_type=2 2 2 2 2 2 2 2 2 2 2 2 2 2 2 2 2 9 2 2 2 2 2 2
left_child=1 6 4 -4 23 -5 8 20 9 -1 -10 -9 22 17 15 -15 -16 18 -14 -19 -8 -6 -2 -3
right_child=12 2 3 5 21 -7 7 11 10 -11 -12 -13 13 14 16 -17 -18 19 -20 -21 -22 -23 -24 -25
leaf_value=6.5969770222513833e-07 0.0014869737115048929 0.00038186454957570275 0.0074931937383585969 0.00024015354710330515 -0.0015805793063662569 -0.0018958298640577248 0.0022367190919622601 0.0028797352758027609 0.010669629282967972 -0.0034553852671321103 -0.00016928906472006943 -0.0016952394423420676 0.0050673923349480099 -0.0011436371912229299 0.0040732316404279902 0.0019093969603157675 -0.0080583911742138793 -0.0014372853185779298 -0.0010096897726939763 0.00010553863018588945 -0.0063030309754187781 -5.114931851280178e-05 0.0080709799041818412 -0.0010688035894543594
leaf_weight=51 11.000000000000002 14.000000000000002 18 50 33 37 19 60 12.999999999999998 48 210 9.9999999999999982 26 70 71 96 9.9999999999999982 30 131 1301 28 12.999999999999998 11.999999999999998 9.9999999999999982
leaf_count=51 11 14 18 50 33 37 19 60 13 48 210 10 26 70 71 96 10 30 131 1301 28 13 12 10
internal_value=0 -0.00356943 -0.0120018 0.00260908 -0.0339181 -0.00734742 -0.000208014 0.0101464 -0.00397035 -0.0156809 0.00122849 0.0208727 0.00124666 0.000894758 0.00776387 -0.00220043 0.0281846 -0.000245478 -0.0103895 0.00102145 -0.00582881 -0.0476441 0.0277924 -0.00760983
internal_weight=2372 614 175 105 70 87 439 117 322 99 223 70 1758 1735 247 166 81 1488 157 1331 47 46 23 24
internal_count=2372 614 175 105 70 87 439 117 322 99 223 70 1758 1735 247 166 81 1488 157 1331 47 46 23 24
cat_boundaries=0 1
cat_threshold=144
is_linear=0
shrinkage=0.0913179


Tree=139
num_leaves=14
num_cat=0
split_feature=5 11 10 12 2 0 5 14 0 13 14 5 10
split_gain=2.22472 1.73947 2.81239 2.354 2.22952 2.24883 1.88559 1.61956 1.50575 8.49948 3.33273 0.857143 0.2
threshold=363.50000000000006 0.022575206119361854 -0.99761278905001471 0.99138911339924218 26.500000000000004 1.5000000000000002 356.50000000000006 0.40417292804311761 4.5000000000000009 -0.22700964008248706 -0.89974715708216946 359.50000000000006 -0.99864786094873803
decision_type=2 2 2 2 2 2 2 2 2 2 2 2 2
left_child=1 3 -3 6 12 -6 7 -1 10 -10 -4 -8 -5
right_child=-2 2 8 4 5 -7 11 -9 9 -11 -12 -13 -14
leaf_value=-7.3237237560937607e-06 -0.00042603644847306112 -0.007007276241838176 0.0021070087776259979 0.0017560003604035934 0.0024313173525582136 -0.00041905901010284456 -0.0023195467372635068 0.00059857213939524243 -0.0011120924252276793 0.00092902138898654722 -7.0869315374720807e-05 -4.2503738608021515e-05 0.00029717860600425664
leaf_weight=741 15.999999999999998 20 97 10.000000000000002 10.000000000000002 12.999999999999998 21 361 148 182 722 21 9.9999999999999982
leaf_count=741 16 20 97 10 10 13 21 361 148 182 722 21 10
internal_value=-0.000307986 -7.75195e-05 -0.00257784 0.00238488 0.0233604 0.00397035 0.00159647 0.00232024 -0.0019869 -0.00719475 0.000111499 -0.0173939 0.045659
internal_weight=2372 2356 1169 1187 43 23 1144 1102 1149 330 819 42 20
internal_count=2372 2356 1169 1187 43 23 1144 1102 1149 330 819 42 20
is_linear=0
shrinkage=0.0913179


Tree=140
num_leaves=13
num_cat=0
split_feature=8 15 26 15 26 2 9 10 9 15 21 0
split_gain=2.50153 2.61879 1.45533 1.98798 1.36784 1.68491 1.6216 1.11692 0.900853 0.864706 0.662526 0.433445
threshold=1.0000000180025095e-35 0.91593490216309192 -29.499999999999996 -0.99940763397299126 -20.499999999999996 8.5000000000000018 0.86113431103781346 0.38043945030393422 -0.005375728450543499 -0.15951315977791497 1.0000000180025095e-35 3.5000000000000004
decision_type=2 2 2 2 2 2 2 2 2 2 2 2
left_child=2 8 -1 7 5 -5 -6 -4 10 -10 -2 -12
right_child=1 -3 3 4 6 -7 -8 -9 9 -11 11 -13
leaf_value=0.0016372359581254413 -0.0038794799449892955 0.00086779002261553738 -0.00010712539697185383 0.0041592419591554705 -2.5179506965125967e-05 -0.00052358734887862255 0.00050329108784827922 -0.0030788340959404937 -0.0007494918230458355 -0.00047764627103122326 0.00031884602104074458 -0.00091429280002112035
leaf_weight=17 11.999999999999998 10.999999999999998 13.000000000000002 11.999999999999998 1893 38 309 11.999999999999998 17 14.999999999999998 13.000000000000002 9.9999999999999982
leaf_count=17 12 11 13 12 1893 38 309 12 17 15 13 10
internal_value=-0.000307986 -0.0163904 0.000238844 4.01045e-05 0.000324398 -0.0146109 0.000663527 -0.025569 -0.0231702 -0.0342442 -0.0130454 -0.00397035
internal_weight=2372 78 2294 2277 2252 50 2202 25 67 32 35 23
internal_count=2372 78 2294 2277 2252 50 2202 25 67 32 35 23
is_linear=0
shrinkage=0.0913179


Tree=141
num_leaves=10
num_cat=0
split_feature=5 10 5 5 0 1 1 1 0
split_gain=2.24495 1.5897 1.517 1.40318 1.25476 0.880037 0.730435 0.564654 0.537063
threshold=363.50000000000006 0.99803555425430601 356.50000000000006 351.50000000000006 3.5000000000000004 24.500000000000004 20.500000000000004 3.5000000000000004 2.5000000000000004
decision_type=2 2 2 2 2 2 2 2 2
left_child=1 2 3 4 -1 -4 -5 -3 -7
right_child=-2 7 5 6 -6 8 -8 -9 -10
leaf_value=0.0001097032600266066 -0.00036417316404131132 8.5574339193194153e-05 -0.0014553018260318473 0.0019608755893437383 -0.00018692851023077532 0.0048651267551463344 0.00077093293249545802 0.00095942594392788916 -0.00042639696187422242
leaf_weight=1284 15.999999999999998 18.000000000000004 15.999999999999998 23 964 11.000000000000002 11.999999999999998 12.999999999999998 14.999999999999998
leaf_count=1284 16 18 16 23 964 11 12 13 15
internal_value=-0.000153993 7.75195e-05 -0.000196383 0.000119997 -0.000162487 -0.0173939 0.0182636 0.0206202 -0.00702446
internal_weight=2372 2356 2325 2283 2248 42 35 31 26
internal_count=2372 2356 2325 2283 2248 42 35 31 26
is_linear=0
shrinkage=0.0913179


Tree=142
num_leaves=15
num_cat=1
split_feature=8 9 14 10 14 10 14 0 12 26 9 14 20 0
split_gain=1.84667 2.39459 2.11941 1.81481 1.74374 1.90279 1.57143 1.51363 3.23569 1.47289 0.8 0.733333 0.688095 0.57619
threshold=1.0000000180025095e-35 0.51297097409535064 0.99895983886342388 -0.52034141052533245 0.99247737996680552 0.99803555425430601 0.093399895515124162 2.5000000000000004 -0.44697929599948466 -29.499999999999996 0.022575936829235404 -0.048361937605030693 0 2.5000000000000004
decision_type=2 2 2 2 2 2 2 2 2 2 2 2 9 2
left_child=2 3 4 -2 5 9 11 10 -9 -1 -6 -5 -4 -3
right_child=1 13 12 6 7 -7 -8 8 -10 -11 -12 -13 -14 -15
leaf_value=0.0015047968557457124 0.0012371583779816368 -0.002672915500738695 0.0005161757927966506 -0.00017586292735885802 -0.0003703209141288619 0.00087181313396946934 -0.00033285067922030303 -0.0072696314339772443 0.0024266845627919768 -3.2909077160800609e-06 -0.0084204729478190125 0.00023388382518513829 0.00039727052010501117 -0.00011569212195634376
leaf_weight=17 18 10.000000000000002 14 12 10.000000000000002 12.999999999999998 13.999999999999998 11.000000000000002 15.999999999999998 2187 9.9999999999999982 10 15.999999999999998 13.999999999999998
leaf_count=17 18 10 14 12 10 13 14 11 16 2187 10 10 16 14
internal_value=-0.00023099 -0.0140489 0.000238844 -0.00338215 -8.06696e-05 0.000288329 -0.0152197 -0.0174864 -0.00338215 8.28657e-05 -0.0365272 0 0.0243515 -0.0380491
internal_weight=2372 78 2294 54 2264 2217 36 47 27 2204 20 22 30 24
internal_count=2372 78 2294 54 2264 2217 36 47 27 2204 20 22 30 24
cat_boundaries=0 1
cat_threshold=4
is_linear=0
shrinkage=0.0913179


Tree=143
num_leaves=19
num_cat=0
split_feature=8 9 10 9 10 0 9 13 13 0 0 15 9 2 0 0 0 16
split_gain=2.47764 2.74831 1.69607 1.55033 2.92971 3.2 1.40843 1.5 1.01021 2.50467 1.15689 0.916763 0.954779 0.815851 3.61249 2.78418 0.8 0.426877
threshold=1.0000000180025095e-35 -0.031173458710879145 -0.52034141052533245 0.8697513045430848 -0.38243420677835344 3.5000000000000004 0.85226249403558707 0.038694985031638006 -0.89405649444168434 5.5000000000000009 5.5000000000000009 -0.15951315977791497 0.88621069759564464 11.500000000000002 5.5000000000000009 4.5000000000000009 1.5000000000000002 -0.42179730054635628
decision_type=2 2 2 2 2 2 2 2 2 2 2 2 2 2 2 2 2 2
left_child=3 2 -2 6 5 16 8 -8 9 -1 -10 -3 -13 14 -6 -15 -5 -4
right_child=1 11 17 4 13 -7 7 -9 10 -11 -12 12 -14 15 -16 -17 -18 -19
leaf_value=-0.00023317813203454403 0.0052295930818171601 -0.00044698248042931245 -0.00024511118820282497 0.00701278447341829 0.0016672533812683425 -0.00015554779200171743 9.0536827667730334e-05 -0.01878440687482389 -3.2943876134967201e-05 -0.0013496330544503019 0.00093620833744096797 -0.00020129960480563442 -0.0015499001944360407 -0.00036505275982162574 -0.001142955636183385 0.0011217315498957875 0.0046971958037564168 -9.3246553162509431e-05
leaf_weight=203 11.999999999999998 17 10.999999999999998 10.000000000000002 73 15.999999999999998 12.000000000000002 11.999999999999998 1444 35 240 15.000000000000002 10.999999999999998 165 14.999999999999998 59 9.9999999999999982 12.000000000000002
leaf_count=203 12 17 11 10 73 16 12 12 1444 35 240 15 11 165 15 59 10 12
internal_value=-0.000384983 -0.0163904 0.00260908 0.000159229 0.00577297 0.0304393 -0.000844668 -0.0228295 -0.000570143 -0.00613902 0.000216907 -0.0318551 -0.0210734 0.00292686 0.010377 0 0.0547908 -0.011911
internal_weight=2372 78 35 2294 348 36 1946 24 1922 238 1684 43 26 312 88 224 20 23
internal_count=2372 78 35 2294 348 36 1946 24 1922 238 1684 43 26 312 88 224 20 23
is_linear=0
shrinkage=0.0913179


Tree=144
num_leaves=14
num_cat=1
split_feature=8 15 10 15 15 1 14 14 20 0 11 0 10
split_gain=2.43019 3.00201 3.41345 1.40049 1.36874 2.21538 1.21627 1.71129 1.37143 1.10007 1.69472 1.08225 0.615385
threshold=1.0000000180025095e-35 -0.11478702842286999 0.011826144619637501 -0.99940763397299126 -0.99760529321244107 9.5000000000000018 0.99895983886342388 0.99247737996680552 0 1.5000000000000002 0.074116354202380164 2.5000000000000004 0.38043945030393422
decision_type=2 2 2 2 2 2 2 2 9 2 2 2 2
left_child=3 9 -3 12 5 -5 7 -6 -8 -2 -11 -4 -1
right_child=1 2 11 4 6 -7 8 -9 -10 10 -12 -13 -14
leaf_value=-7.6964110940366449e-05 -0.0020429050749321549 0.00083255120490208375 0.0023886174228155911 0.0097311707070356999 5.9235390206577175e-06 0.00087829705694244945 0.00046077204032102356 -0.00068213131823167072 0.00036400095800596184 -4.5021171151489345e-05 -0.0014083664866504236 -0.0004199341888672323 -0.0026161371203120929
leaf_weight=13.000000000000002 10.999999999999998 15.999999999999998 10.000000000000002 10.000000000000002 2165 15.999999999999998 14 47 15.999999999999998 17.000000000000004 12.999999999999998 10.999999999999998 12.999999999999998
leaf_count=13 11 16 10 10 2165 16 14 47 16 17 13 11 13
internal_value=-0.000538976 -0.0163904 0.00246805 0 0.000241582 0.0210734 0 -0.000247698 0.0182636 -0.033409 -0.0243515 -0.0217424 -0.0210734
internal_weight=2372 78 37 2294 2268 26 2242 2212 30 41 30 21 26
internal_count=2372 78 37 2294 2268 26 2242 2212 30 41 30 21 26
cat_boundaries=0 1
cat_threshold=4
is_linear=0
shrinkage=0.0913179


Tree=145
num_leaves=8
num_cat=0
split_feature=5 5 5 5 26 26 26
split_gain=2.21463 1.16339 1.37311 0.933333 0.93251 2.14074 1.06686
threshold=363.50000000000006 361.50000000000006 356.50000000000006 359.50000000000006 25.500000000000004 27.500000000000004 15.500000000000002
decision_type=2 2 2 2 2 2 2
left_child=1 2 4 -4 6 -6 -1
right_child=-2 -3 3 -5 5 -7 -8
leaf_value=-1.9876706008872415e-05 -0.00028635688904175339 0.00047571765784660836 -0.0019697680048731316 0.0013873293167811229 -0.0028448515884933363 0.0015249160705336508 0.00088949847663712003
leaf_weight=2220 15.999999999999998 13.999999999999998 21 13.999999999999998 12.000000000000002 14.999999999999998 60
leaf_count=2220 16 14 21 14 12 15 60
internal_value=-0.000384983 -0.000155039 -0.000311932 -0.0182636 -3.9583e-05 -0.0169107 0.000160207
internal_weight=2372 2356 2342 35 2307 27 2280
internal_count=2372 2356 2342 35 2307 27 2280
is_linear=0
shrinkage=0.0913179


Tree=146
num_leaves=16
num_cat=1
split_feature=5 0 20 0 16 5 15 15 9 14 14 14 1 1 1
split_gain=2.23482 1.08342 3.8406 5.2985 4.00758 3.42675 3.02292 2.95843 2.58478 2.46706 5.50095 2.58702 1.79096 2.07692 1.69615
threshold=363.50000000000006 2.5000000000000004 0 4.5000000000000009 -0.78593042371753896 346.50000000000006 0.95938219844953287 0.94908416543986196 -0.92274349529687905 0.98005052076767474 0.99646492433694434 0.94843163125622032 16.500000000000004 19.500000000000004 11.500000000000002
decision_type=2 2 9 2 2 2 2 2 2 2 2 2 2 2 2
left_child=1 5 3 4 -3 6 7 -1 -8 11 -11 -4 -7 -14 -5
right_child=-2 2 9 14 -6 12 8 -9 -10 10 -12 -13 13 -15 -16
leaf_value=-9.2532139721082941e-06 -0.00026020736509077796 0.0077695140897267737 -0.0001712565767885281 -0.0090830757173138484 0.007165856594993119 0.0032759434286120932 -0.0023396010579167939 -0.0033883268535970117 0.0034994071700988148 0.001455786820668677 -0.00080601240341353234 -0.0013230639934461376 -0.005598253831662129 0.0042969332476424267 0.00034468707799337856
leaf_weight=854 15.999999999999998 16.000000000000004 1170 10.000000000000002 10.999999999999998 10.999999999999998 12.999999999999998 11.999999999999998 80 40 35 49 11.999999999999998 27 15.999999999999998
leaf_count=854 16 16 1170 10 11 11 13 12 80 40 35 49 12 27 16
internal_value=-0.00023099 0 -0.00169484 0.0223987 0.0507322 0.00226259 0.00104744 -0.000632688 0.0166925 -0.00268167 0.0133933 -0.0036707 0.025569 0.0163904 -0.00702446
internal_weight=2372 2356 1347 53 27 1009 959 866 93 1294 75 1219 50 39 26
internal_count=2372 2356 1347 53 27 1009 959 866 93 1294 75 1219 50 39 26
cat_boundaries=0 1
cat_threshold=1
is_linear=0
shrinkage=0.0913179


Tree=147
num_leaves=13
num_cat=0
split_feature=5 11 11 15 11 12 6 15 8 9 5 21
split_gain=2.19453 1.15473 2.39174 1.98352 1.53263 2.39233 1.02739 0.939887 0.780225 1.7567 0.793164 0.502564
threshold=363.50000000000006 0.27694220057652758 0.40614137006726808 -0.69365844210389216 0.46800856592688467 0.81178104038754306 1.0000000180025095e-35 -0.99885295938472651 1.0000000180025095e-35 0.039769539193789956 356.50000000000006 16.500000000000004
decision_type=2 2 2 2 2 2 2 2 2 2 2 2
left_child=1 7 3 -3 11 -6 -5 -1 10 -10 -9 -4
right_child=-2 2 4 6 5 -7 -8 8 9 -11 -12 -13
leaf_value=-0.00092598265611790859 -0.00023644576204906247 -0.0041012660930362758 0.00057150291390198652 -0.002426212618030092 -2.2814886306206797e-05 -0.0017050044767253723 0.00020230114757555022 0.00020250291078541583 0.00011759677267337764 -0.00039939363122522297 -0.00036558723464970576 0.0066228608423735263
leaf_weight=20 15.999999999999998 12.999999999999998 40 62 767 52 29 1267 22 23 49 11.999999999999998
leaf_count=20 16 13 40 62 767 52 29 1267 22 23 49 12
internal_value=-0.000538976 -0.000310078 -0.00271612 -0.015805 -0.00115327 -0.00211849 -0.0110384 0.00138861 0.00167741 -0.0101464 0.00208172 0.0140489
internal_weight=2372 2356 975 104 871 819 91 1381 1361 45 1316 52
internal_count=2372 2356 975 104 871 819 91 1381 1361 45 1316 52
is_linear=0
shrinkage=0.0913179


Tree=148
num_leaves=8
num_cat=1
split_feature=5 14 19 26 11 15 1
split_gain=2.23482 1.34016 1.03055 1.46415 1.53563 1.20092 1.10305
threshold=363.50000000000006 0.99979193868227123 0 -29.499999999999996 -0.31901381043993143 -0.99323793665845683 1.5000000000000002
decision_type=2 2 9 2 2 2 2
left_child=1 2 5 -4 -5 -1 -7
right_child=-2 -3 3 4 -6 6 -8
leaf_value=-0.00083736258742757395 -0.00021485401987555528 0.00024963595322566106 0.0089428541227531948 0.00012077929776571933 -0.00029615697891111477 0.0010103103572209305 0.00018401076019170114
leaf_weight=18 15.999999999999998 11.999999999999998 11.999999999999998 894 791 24 605
leaf_count=18 16 12 12 894 791 24 605
internal_value=-0.00023099 0 -0.000155833 -0.0013374 -0.00157164 0.00291884 0.00362949
internal_weight=2372 2356 2344 1697 1685 647 629
internal_count=2372 2356 2344 1697 1685 647 629
cat_boundaries=0 1
cat_threshold=101
is_linear=0
shrinkage=0.0913179


Tree=149
num_leaves=14
num_cat=0
split_feature=1 0 3 12 12 11 26 0 15 26 15 11 0
split_gain=1.39144 2.96767 1.95556 1.35254 3.62948 2.20101 1.41828 1.75082 0.791471 2.54483 1.31093 0.0745921 0.0155844
threshold=30.500000000000004 1.5000000000000002 7.5000000000000009 -0.47748501237563551 -0.44697929599948466 -0.8431462759492121 -30.499999999999996 2.5000000000000004 0.52492452807984302 -2.4999999999999996 0.51295437088821561 -0.86114227455745762 3.5000000000000004
decision_type=2 2 2 2 2 2 2 2 2 2 2 2 2
left_child=3 -2 -3 5 12 11 -7 -8 10 -10 -6 -1 -5
right_child=1 2 -4 4 8 6 7 -9 9 -11 -12 -13 -14
leaf_value=0.0024713266374512557 0.0056263251690504574 -0.0002208190412420339 -0.00030991808527528939 -0.0060859706993016361 2.0076469808782036e-06 0.0062660474308854205 0.00028678262444739529 -6.2017027865548572e-05 -0.0047136832616847361 -0.00018089148713113068 0.0021062560008764503 0.00063410169606432747 -0.01492178493830543
leaf_weight=13 12.999999999999998 18 14.999999999999998 11.000000000000002 1059 9.9999999999999982 329 435 11.999999999999998 424 11.999999999999998 11 9.9999999999999982
leaf_count=13 13 18 15 11 1059 10 329 435 12 424 12 11 10
internal_value=-0.000153993 -0.0158814 -0.0304393 0.000157039 -0.00143431 0.00320414 0.00235964 0.00191242 -0.000908938 -0.0041889 0.000426321 0.0304393 -0.0391363
internal_weight=2372 46 33 2326 1528 798 774 764 1507 436 1071 24 21
internal_count=2372 46 33 2326 1528 798 774 764 1507 436 1071 24 21
is_linear=0
shrinkage=0.0913179


Tree=150
num_leaves=15
num_cat=1
split_feature=1 0 3 26 2 26 1 26 18 26 9 19 9 10
split_gain=1.36432 2.96767 1.95556 1.32654 2.55324 4.04541 4.08293 1.62218 8.07692 3.01654 2.62235 1.25936 1.08955 0.339394
threshold=30.500000000000004 1.5000000000000002 7.5000000000000009 -19.499999999999996 11.500000000000002 -24.499999999999996 10.500000000000002 -9.4999999999999982 1.0000000180025095e-35 -7.4999999999999991 0.79383249484937135 0 0.85226249403558707 0.64414586362404946
decision_type=2 2 2 2 2 2 2 2 2 2 2 9 2 2
left_child=3 -2 -3 4 5 12 -7 8 10 -9 -5 -11 -1 -10
right_child=1 2 -4 7 -6 6 -8 9 13 11 -12 -13 -14 -15
leaf_value=-0.00045024587510108274 0.005112540691029616 -0.00020065429917096944 -0.00028161700119501605 0.00097739707426233811 -0.0016200653575157728 -0.0064548037858813178 -0.00016122095256679766 -0.0086831354223711067 -0.0047494073488106633 0.00018963622628400577 0.0070290372577172869 -4.4576508327622116e-05 0.0021091534870514941 -0.0036390244581085977
leaf_weight=12.999999999999998 12.999999999999998 18 14.999999999999998 15.999999999999998 9.9999999999999982 11.000000000000002 19 11.999999999999998 10.000000000000002 585 23 1591 25 10.999999999999998
leaf_count=13 13 18 15 16 10 11 19 12 10 585 23 1591 25 11
internal_value=-0.000307986 -0.0158814 -0.0304393 0 -0.0117074 -0.00537164 -0.0304393 0.000406219 0.0152197 0 0.0398053 0.000251796 0.0144186 -0.0304393
internal_weight=2372 46 33 2326 78 68 30 2248 60 2188 39 2176 38 21
internal_count=2372 46 33 2326 78 68 30 2248 60 2188 39 2176 38 21
cat_boundaries=0 1
cat_threshold=53
is_linear=0
shrinkage=0.0913179


Tree=151
num_leaves=8
num_cat=0
split_feature=5 10 0 26 26 26 5
split_gain=2.2551 0.800091 1.27047 1.19699 1.59306 1.34034 1.08225
threshold=363.50000000000006 0.99803555425430601 2.5000000000000004 25.500000000000004 23.500000000000004 21.500000000000004 14.500000000000002
decision_type=2 2 2 2 2 2 2
left_child=1 3 -3 4 5 -1 -5
right_child=-2 2 -4 6 -6 -7 -8
leaf_value=8.7785907253381028e-06 -0.00017619456818517289 -0.00012624434812532939 0.0007816890232369239 0.00069497839263895397 0.013595983979622788 -0.001776279103645166 -0.0049357216317208463
leaf_weight=2282 15.999999999999998 13.000000000000002 18 10.000000000000002 9.9999999999999982 11.999999999999998 10.999999999999998
leaf_count=2282 16 13 18 10 10 12 11
internal_value=-7.69966e-05 0.000155039 0.0147287 -3.92765e-05 0.000158538 0 -0.0217424
internal_weight=2372 2356 31 2325 2304 2294 21
internal_count=2372 2356 31 2325 2304 2294 21
is_linear=0
shrinkage=0.0913179


Tree=152
num_leaves=13
num_cat=0
split_feature=5 8 9 0 0 0 1 2 0 13 0 5
split_gain=2.2551 0.736304 1.9978 1.86594 3.38755 1.21905 1.17208 1.67526 1.76188 1.30317 2.15242 1.14911
threshold=363.50000000000006 1.0000000180025095e-35 0.51297097409535064 2.5000000000000004 4.5000000000000009 2.5000000000000004 25.500000000000004 4.5000000000000009 2.5000000000000004 -0.91072037282037865 1.5000000000000002 356.50000000000006
decision_type=2 2 2 2 2 2 2 2 2 2 2 2
left_child=1 6 3 -3 -5 -4 9 -8 -9 10 -1 -11
right_child=-2 2 5 4 -6 -7 7 8 -10 11 -12 -13
leaf_value=0.00041723273162309524 -0.00016010484149408825 0.00033213996013098 -0.0028709423714681197 -0.0036474393906171972 0.0021453790280083437 -4.1542635090509679e-05 0.0013676657211258382 0.0017326264326238236 -0.00018439910018065061 2.4691229787087712e-05 -0.00071176805740990798 -0.00041048061052444877
leaf_weight=63 15.999999999999998 19 10.000000000000002 15.000000000000002 12.999999999999998 13.999999999999998 15.999999999999998 142 180 1703 158 23
leaf_count=63 16 19 10 15 13 14 16 142 180 1703 158 23
internal_value=-7.69966e-05 0.000155039 -0.00900318 0.00194294 -0.0130454 -0.0304393 0.000439605 0.00540343 0.00397035 -0.000422117 -0.00702446 0.000423258
internal_weight=2372 2356 71 47 28 24 2285 338 322 1947 221 1726
internal_count=2372 2356 71 47 28 24 2285 338 322 1947 221 1726
is_linear=0
shrinkage=0.0913179


Tree=153
num_leaves=11
num_cat=0
split_feature=5 13 26 9 1 2 13 12 2 12
split_gain=2.2551 1.37055 1.35419 1.09331 1.04619 2.27775 0.830722 0.776022 0.901876 0.875434
threshold=363.50000000000006 0.98803388382128687 9.5000000000000018 -0.99763297024448894 1.5000000000000002 13.500000000000002 -0.8431462759492121 0.4737052552177024 22.500000000000004 0.44313120970497338
decision_type=2 2 2 2 2 2 2 2 2 2
left_child=1 3 7 -1 5 -5 -6 9 -9 -3
right_child=-2 2 -4 4 6 -7 -8 8 -10 -11
leaf_value=0.0009871477527183866 -0.00014548439565343683 -9.5721745591030661e-05 -0.00048322660120561265 -0.000208816474802338 -0.00021766653735439195 0.0009098480727469583 4.296102363683437e-05 0.0064491754864001941 -0.00083496964265323832 -0.0071454137765000194
leaf_weight=13.999999999999998 15.999999999999998 52 15.999999999999998 12.999999999999998 420 45 1750 22 13.999999999999998 9.9999999999999982
leaf_count=14 16 52 16 13 420 45 1750 22 14 10
internal_value=-7.69966e-05 0.000155039 -0.00961242 0.000651689 0.000491838 0.0125956 0.000168328 -0.00559089 0.00507322 -0.011783
internal_weight=2372 2356 114 2242 2228 58 2170 98 36 62
internal_count=2372 2356 114 2242 2228 58 2170 98 36 62
is_linear=0
shrinkage=0.0913179


Tree=154
num_leaves=14
num_cat=0
split_feature=10 1 13 26 13 13 0 11 1 2 1 0 13
split_gain=1.05379 3.7126 1.07452 1.4881 0.897745 2.15324 4.87388 1.39755 0.976101 2.40833 1.28752 0.773141 1.99826
threshold=0.99895983886342388 29.500000000000004 0.98701858156467404 9.5000000000000018 -0.91072037282037865 -0.95243726904160286 4.5000000000000009 0.9252105435402006 1.5000000000000002 25.500000000000004 2.5000000000000004 5.5000000000000009 0.99286655449081762
decision_type=2 2 2 2 2 2 2 2 2 2 2 2 2
left_child=2 -2 4 11 5 7 -7 -1 9 -6 -10 12 -4
right_child=1 -3 3 -5 8 6 -8 -9 10 -11 -12 -13 -14
leaf_value=0.00022183265348647119 0.00046297620664122126 -0.00019633186392862105 -0.0012669377611087276 -0.00043909933880843235 -0.00055560133775363406 -0.00031848612797360192 -0.0040510652013490914 -0.00030572368951048288 -0.001952304847821106 0.0018678494306083046 6.777843649280097e-05 -0.00030046310046053258 4.5937055584913107e-05
leaf_weight=219 20 13.999999999999998 22 15.999999999999998 11.999999999999998 68 26 21 32 20 1819 15.999999999999998 67
leaf_count=219 20 14 22 16 12 68 26 21 32 20 1819 16 67
internal_value=-0.000153993 -0.0161149 7.81163e-05 -0.00830163 0.000535468 -0.0038277 -0.0155435 0.000760983 0.00130939 0.0171221 0.00103602 -0.00434847 -0.00102604
internal_weight=2372 34 2338 121 2217 334 94 240 1883 32 1851 105 89
internal_count=2372 34 2338 121 2217 334 94 240 1883 32 1851 105 89
is_linear=0
shrinkage=0.0913179


Tree=155
num_leaves=10
num_cat=0
split_feature=5 15 0 0 15 16 14 26 14
split_gain=2.29594 1.17659 7.07914 4.94723 2.62496 2.50043 1.08314 0.943581 0.850708
threshold=363.50000000000006 0.99758684199993464 4.5000000000000009 2.5000000000000004 0.99570013918172939 -1.0000000180025095e-35 -0.99923024598162502 22.500000000000004 -0.99964630454799619
decision_type=2 2 2 2 2 2 2 2 2
left_child=1 4 3 5 6 -3 8 -8 -1
right_child=-2 2 -4 -5 -6 -7 7 -9 -10
leaf_value=3.2089544339224185e-05 -0.00011427043570049172 0.010410599777680305 0.0074933682802878236 -0.0025758288896948487 -0.0060233191451552464 -0.0045486145456895798 1.2323976875694593e-05 -0.0014797012986667026 0.00073682797145408971
leaf_weight=19 15.999999999999998 9.9999999999999982 14.999999999999998 15.999999999999998 19 11.000000000000002 2213 40 12.999999999999998
leaf_count=19 16 10 15 16 19 11 2213 40 13
internal_value=0.00023099 0.000465117 0.0140489 -0.00740416 0.000158538 0.0217424 0.000439605 0.000202659 0.0171221
internal_weight=2372 2356 52 37 2304 21 2285 2253 32
internal_count=2372 2356 52 37 2304 21 2285 2253 32
is_linear=0
shrinkage=0.0913179


Tree=156
num_leaves=11
num_cat=0
split_feature=16 14 15 26 26 2 15 12 11 14
split_gain=1.69429 1.09451 0.884721 4.32344 3.72227 2.18788 2.11062 2.14192 1.38462 0.850708
threshold=0.99981043035926087 -0.99923024598162502 0.57075747273004163 9.5000000000000018 4.5000000000000009 1.5000000000000002 0.59868754826434312 -0.93543596745397617 0.29342023166772879 -0.99964630454799619
decision_type=2 2 2 2 2 2 2 2 2 2
left_child=1 9 3 4 -3 -5 8 -8 -4 -1
right_child=-2 2 6 5 -6 -7 7 -9 -10 -11
leaf_value=2.9159192947719495e-05 -9.7784443301534272e-05 3.6981025920756004e-05 -0.0046390874509127976 7.8644751139632482e-05 -0.011946454648942484 0.016871052717746044 0.0057490125556862517 -8.8413591715652112e-05 -5.4978277707120728e-05 0.00066954235191906319
leaf_weight=19 14.999999999999998 1579 13.000000000000002 12.000000000000002 9.9999999999999982 9.9999999999999982 12.999999999999998 675 12.999999999999998 12.999999999999998
leaf_count=19 15 1579 13 12 10 10 13 675 13 13
internal_value=0.000153993 0.00034869 0.00011783 0.00130373 0.000747095 0.0415082 -0.00255793 -0.00159275 -0.0280978 0.0171221
internal_weight=2372 2357 2325 1611 1589 22 714 688 26 32
internal_count=2372 2357 2325 1611 1589 22 714 688 26 32
is_linear=0
shrinkage=0.0913179


Tree=157
num_leaves=11
num_cat=0
split_feature=5 15 16 0 0 7 0 26 5 10
split_gain=2.2857 1.45204 0.874315 3.87879 6.54545 2.58586 1.26202 3.66842 3.24233 0.615385
threshold=363.50000000000006 -0.99940763397299126 0.99083579680342215 4.5000000000000009 5.5000000000000009 1.0000000180025095e-35 3.5000000000000004 21.500000000000004 6.5000000000000009 0.38043945030393422
decision_type=2 2 2 2 2 2 2 2 2 2
left_child=1 9 6 5 -5 -4 7 -3 -8 -1
right_child=-2 2 3 4 -6 -7 8 -9 -10 -11
leaf_value=-3.2576145977362409e-06 -0.00017134533025637788 0.00024699353097615176 -0.0016123234812409849 0.0026532320978072191 -0.00046938471333635005 0.0011869681217238277 0.0021954157568550023 -0.0034599572198356888 -0.00015465622040922592 -0.0022173008333701717
leaf_weight=13.000000000000002 15.999999999999998 1249 48 11 11 18 11.999999999999998 27 954 12.999999999999998
leaf_count=13 16 1249 48 11 11 18 12 27 954 13
internal_value=0.000153993 0.000387597 0.000627076 -0.00830163 0.0249049 -0.0193705 0.000977534 0.00286263 -0.00151251 -0.0210734
internal_weight=2372 2356 2330 88 22 66 2242 1276 966 26
internal_count=2372 2356 2330 88 22 66 2242 1276 966 26
is_linear=0
shrinkage=0.0913179


Tree=158
num_leaves=9
num_cat=0
split_feature=5 9 14 26 2 26 14 0
split_gain=2.23482 1.30118 1.10954 0.982611 2.43306 1.31554 0.850708 0.275783
threshold=363.50000000000006 -0.99940763397299126 -0.99923024598162502 21.500000000000004 2.5000000000000004 19.500000000000004 -0.99964630454799619 3.5000000000000004
decision_type=2 2 2 2 2 2 2 2
left_child=1 7 6 5 -5 -4 -3 -1
right_child=-2 2 3 4 -6 -7 -8 -9
leaf_value=-0.00042091978527063922 -0.00015569842602987787 4.0619324171949896e-05 5.6938959922346498e-06 0.0016685452496564867 -0.0036793166964965338 0.00091077215682251842 0.00050000962212087461 -4.2807753015688661e-05
leaf_weight=17.000000000000004 15.999999999999998 19 2233 26 25 11.999999999999998 12.999999999999998 10.999999999999998
leaf_count=17 16 19 2233 26 25 12 13 11
internal_value=-0.00023099 0 0.000235356 0 -0.0125338 0.000284733 0.0171221 -0.0195681
internal_weight=2372 2356 2328 2296 51 2245 32 28
internal_count=2372 2356 2328 2296 51 2245 32 28
is_linear=0
shrinkage=0.0913179


Tree=159
num_leaves=11
num_cat=0
split_feature=16 5 0 14 26 0 26 14 1 1
split_gain=1.91676 1.28932 2.51748 1.08848 1.0476 2.47009 1.30092 0.850708 0.654545 1.83333
threshold=0.99992139718210826 356.50000000000006 1.0000000180025095e-35 -0.99923024598162502 21.500000000000004 4.5000000000000009 19.500000000000004 -0.99964630454799619 29.500000000000004 27.500000000000004
decision_type=2 2 2 2 2 2 2 2 2 2
left_child=1 3 -3 7 6 -6 -5 -1 9 -4
right_child=-2 2 8 4 5 -7 -8 -9 -10 -11
leaf_value=3.6910050775807289e-05 -0.0001977664184212776 -0.00028978813313865182 -0.00067914886006229924 1.656395148781745e-05 -0.0028673255615611639 0.0037089225446311266 0.00082760231094098919 0.00045434976866613584 -0.00015705330593278005 0.001943737208644753
leaf_weight=19 12.999999999999998 9.9999999999999982 32 2201 36 12.999999999999998 11.999999999999998 12.999999999999998 10.999999999999998 11.999999999999998
leaf_count=19 13 10 32 2201 36 13 12 13 11 12
internal_value=-0.000153993 3.87104e-05 -0.012644 0.000398073 0.000161482 -0.0130454 0.000453908 0.0171221 -0.00498098 0
internal_weight=2372 2359 65 2294 2262 49 2213 32 55 44
internal_count=2372 2359 65 2294 2262 49 2213 32 55 44
is_linear=0
shrinkage=0.0913179


Tree=160
num_leaves=11
num_cat=0
split_feature=16 15 10 0 10 26 0 1 1 10
split_gain=1.90832 1.39491 1.30288 2.63786 1.30314 2.65566 1.18681 1.1554 1.08225 0.615385
threshold=0.99992139718210826 -0.99940763397299126 0.98005052076767474 5.5000000000000009 0.97263757644091864 24.500000000000004 2.5000000000000004 29.500000000000004 22.500000000000004 0.38043945030393422
decision_type=2 2 2 2 2 2 2 2 2 2
left_child=1 9 4 7 5 -3 -6 -4 -5 -1
right_child=-2 2 3 8 6 -7 -8 -9 -10 -11
leaf_value=-4.9926769059444231e-06 -0.00017970679459825871 2.8869413585740458e-05 -0.0003486677113905716 0.0056946472701273091 -0.0012086692115992372 -0.0032609402358273905 0.0019891193989900408 -0.00014271152006259394 -0.00028957317824497802 -0.0020168540086928366
leaf_weight=13.000000000000002 12.999999999999998 2148 113 11.000000000000002 12.000000000000002 13.999999999999998 13.999999999999998 10.999999999999998 9.9999999999999982 12.999999999999998
leaf_count=13 13 2148 113 11 12 14 14 11 10 13
internal_value=-0.00023099 -3.87104e-05 0.000195709 -0.00818713 0.000751245 0.000506853 0.0210734 -0.0132558 0.0217424 -0.0210734
internal_weight=2372 2359 2333 145 2188 2162 26 124 21 26
internal_count=2372 2359 2333 145 2188 2162 26 124 21 26
is_linear=0
shrinkage=0.0913179


Tree=161
num_leaves=17
num_cat=1
split_feature=15 13 19 2 1 12 13 26 0 5 12 1 10 1 10 12
split_gain=1.37958 1.07425 1.03073 3.10195 1.98898 1.66807 3.29642 2.06658 0.753623 1.92593 1.27273 1.1976 2.03666 0.740741 0.615385 0.583333
threshold=-0.99940763397299126 0.98701858156467404 0 25.500000000000004 28.500000000000004 0.94705089305139489 -0.32003757145143863 25.500000000000004 3.5000000000000004 154.50000000000003 -0.99628250747696534 4.5000000000000009 0.046214085385334856 2.5000000000000004 0.38043945030393422 0.53313582347195043
decision_type=2 2 9 2 2 2 2 2 2 2 2 2 2 2 2 2
left_child=14 2 5 -4 -5 7 -7 -2 11 13 -11 12 -3 -10 -1 -13
right_child=1 8 3 4 -6 6 -8 -9 9 10 -12 15 -14 -15 -16 -17
leaf_value=-4.5367558879985926e-06 3.0558897048416669e-05 -0.0003345190402221137 0.0047253926351750689 4.7898394892818709e-05 0.0010879582488430681 -0.0036913466081658886 -0.00011410645575290713 -0.0018785250826579226 -0.00098163986385029086 0.00031053802667125934 -0.0071763177903435499 0.0019431127799943507 -0.0049736374610208529 0.0011500126330656528 -0.0018326790360480882 -0.00036692897446892014
leaf_weight=13.000000000000002 1628 30 9.9999999999999982 403 33 25 108 18 12.000000000000002 14.000000000000002 10.999999999999998 16.000000000000004 10.999999999999998 14.999999999999998 12.999999999999998 11.999999999999998
leaf_count=13 1628 30 10 403 33 25 108 18 12 14 11 16 11 15 13 12
internal_value=-0.000153993 7.78499e-05 0.000533543 0.00440569 0.00335112 -0.000459397 -0.010299 0.000332872 -0.00830163 0 -0.0182636 -0.0145579 -0.0244999 0.0169107 -0.0210734 0
internal_weight=2372 2346 2225 446 436 1779 133 1646 121 52 25 69 41 27 26 28
internal_count=2372 2346 2225 446 436 1779 133 1646 121 52 25 69 41 27 26 28
cat_boundaries=0 1
cat_threshold=184
is_linear=0
shrinkage=0.0913179


Tree=162
num_leaves=16
num_cat=0
split_feature=16 0 15 13 15 15 10 15 0 16 1 21 9 13 0
split_gain=1.93367 0.926972 2.60604 4.30461 3.81158 3.75608 2.82032 2.75689 2.70175 2.35272 3.99107 3.44312 2.92215 2.38507 1.28562
threshold=0.99992139718210826 3.5000000000000004 -0.90163369914317004 -0.16375645203002628 -0.85225067186764825 -0.99051733471092085 -0.75013812021657655 -0.98523971305672664 5.5000000000000009 0.99024581825578073 2.5000000000000004 16.500000000000004 -0.99763297024448894 0.91854222108504036 1.5000000000000002
decision_type=2 2 2 2 2 2 2 2 2 2 2 2 2 2 2
left_child=1 9 3 7 8 -5 -6 -3 -4 12 14 -12 -1 -14 -11
right_child=-2 2 4 5 6 -7 -8 -9 -10 10 11 -13 13 -15 -16
leaf_value=0.0025925600166974106 -0.00019052162824317263 -0.003723500616593827 0.0056935496825059146 0.0032215804547860113 -0.00068567797076151576 -0.00066648793165236344 5.5794348046829077e-05 -0.0025125260830994476 -3.2417101445718923e-05 -1.765516474628323e-06 -0.003947150548539822 0.00029835134330032526 0.00017017479060533691 -0.00042781289719708558 0.0047059815285554214
leaf_weight=14.999999999999998 12.999999999999998 28 19 22 193 57 642 38 13.999999999999998 13.000000000000002 19.000000000000004 11.999999999999998 1139 138 9.9999999999999982
leaf_count=15 13 28 19 22 193 57 642 38 14 13 19 12 1139 138 10
internal_value=0 0.000193552 -0.00189307 -0.0132254 0 0.00115592 -0.00120299 -0.0304393 0.0304393 0.00176394 -0.0169107 -0.0382946 0.00254446 0.00207378 0.011911
internal_weight=2372 2359 1013 145 868 79 835 66 33 1346 54 31 1292 1277 23
internal_count=2372 2359 1013 145 868 79 835 66 33 1346 54 31 1292 1277 23
is_linear=0
shrinkage=0.0913179


Tree=163
num_leaves=11
num_cat=0
split_feature=16 2 3 1 17 0 26 0 26 0
split_gain=1.95067 1.10175 4.25068 2.30917 1.41093 1.12701 1.04364 2.47009 1.73188 0.707912
threshold=0.99992139718210826 48.500000000000007 11.500000000000002 3.5000000000000004 1.0000000180025095e-35 5.5000000000000009 21.500000000000004 4.5000000000000009 15.500000000000002 2.5000000000000004
decision_type=2 2 2 2 2 2 2 2 2 2
left_child=1 2 6 -3 9 -6 8 -8 -1 -5
right_child=-2 3 -4 4 5 -7 7 -9 -10 -11
leaf_value=6.0956469741624805e-06 -0.00017312358380435508 0.0026489024277553076 -0.0048318329700878307 0.002515310646936227 -0.00021203510598835835 0.0020178917272816125 -0.0025753074204427307 0.0038344617520430042 0.0011148504310325743 0.00022028244350236144
leaf_weight=2054 12.999999999999998 11.999999999999998 19 11.000000000000002 139 23 36 12.999999999999998 36 15.999999999999998
leaf_count=2054 13 12 19 11 139 23 36 13 36 16
internal_value=0.000153993 0.000348394 -0.000253896 0.00681477 0.00434847 0.00112738 0.000128076 -0.0130454 0.000436928 0.023675
internal_weight=2372 2359 2158 201 189 162 2139 49 2090 27
internal_count=2372 2359 2158 201 189 162 2139 49 2090 27
is_linear=0
shrinkage=0.0913179


Tree=164
num_leaves=12
num_cat=0
split_feature=9 5 0 26 26 2 10 10 18 12 11
split_gain=1.16325 0.950964 2.82172 1.32469 2.20963 1.14829 4.0397 2.78312 1.38559 1.32549 1.13846
threshold=-0.99985146406598202 20.500000000000004 1.0000000180025095e-35 27.500000000000004 20.500000000000004 26.500000000000004 -0.99864786094873803 -0.99761278905001471 1.0000000180025095e-35 0.9962940241937881 0.99865421017599987
decision_type=2 2 2 2 2 2 2 2 2 2 2
left_child=-1 2 -2 4 -4 6 -3 9 -9 -7 -8
right_child=1 5 3 -5 -6 7 10 8 -10 -11 -12
leaf_value=-0.00025689662709707143 0.0010513438653894506 0.0019070144820986074 -0.00044593247234294401 0.0014312441128682305 -0.0024029080994473011 -0.0045164302484082186 0.0001462157062680944 -0.0002338641342676037 0.00012612092038962635 -0.0015487543021684041 -0.0036733427720252797
leaf_weight=13.999999999999998 17 10.999999999999998 66 11.999999999999998 25 9.9999999999999982 948 589 638 24 18
leaf_count=14 17 11 66 12 25 10 948 589 638 24 18
internal_value=0.000153993 0.000309815 -0.00760983 -0.0132987 -0.0170594 0.000734461 0.00308443 -0.00108626 -0.000372119 -0.0268582 0.00245783
internal_weight=2372 2358 120 103 91 2238 977 1261 1227 34 966
internal_count=2372 2358 120 103 91 2238 977 1261 1227 34 966
is_linear=0
shrinkage=0.0913179


Tree=165
num_leaves=13
num_cat=0
split_feature=9 26 0 9 0 13 14 13 26 26 0 2
split_gain=1.19072 0.76817 2.01026 2.73789 1.0585 2.18104 8.6278 6.33022 1.98779 1.92893 0.973064 0.339394
threshold=-0.99985146406598202 21.500000000000004 4.5000000000000009 0.10837544681456417 3.5000000000000004 0.89405649444168411 -0.25829974943412232 0.83966026687266992 15.500000000000002 10.500000000000002 2.5000000000000004 3.5000000000000004
decision_type=2 2 2 2 2 2 2 2 2 2 2 2
left_child=-1 4 3 -3 8 7 -7 -6 9 -2 -5 -10
right_child=1 2 -4 10 5 6 -8 -9 11 -11 -12 -13
leaf_value=-0.00023343735386059243 0.00011104490857839332 0.0024211065887461908 0.00052484426187521596 -0.0022370973662380958 -0.00012878981199048822 0.0033260731116982155 -0.00010005604000935277 -0.003966146556252919 0.013810207122823239 -0.00018323731513982108 -0.013502144774321307 0.0010595001355084843
leaf_weight=13.999999999999998 1279 11.999999999999998 14.999999999999998 16.000000000000004 815 29 109 36 11.000000000000002 14.999999999999998 10.999999999999998 9.9999999999999982
leaf_count=14 1279 12 15 16 815 29 109 36 11 15 11 10
internal_value=0.00046198 0.00061963 -0.0101464 -0.0210734 0.00087196 -0.001385 0.00926414 -0.00311189 0.0025694 0.00211711 -0.0372036 0.0304393
internal_weight=2372 2358 54 39 2304 989 138 851 1315 1294 27 21
internal_count=2372 2358 54 39 2304 989 138 851 1315 1294 27 21
is_linear=0
shrinkage=0.0913179


Tree=166
num_leaves=14
num_cat=0
split_feature=16 11 12 0 0 13 13 13 5 5 26 26 1
split_gain=3.35912 0.868224 1.7271 1.79598 1.68264 4.23944 2.41837 1.29348 1.24904 1.15623 1.04846 0.986939 0.693265
threshold=0.99981043035926087 -0.030099068566675696 0.9890109280777819 4.5000000000000009 1.0000000180025095e-35 0.42180388294288101 0.7036627660344027 0.98803388382128687 268.50000000000006 80.500000000000014 9.5000000000000018 1.0000000180025095e-35 29.500000000000004
decision_type=2 2 2 2 2 2 2 2 2 2 2 2 2
left_child=1 2 4 12 5 -1 -6 8 9 -3 11 -9 -4
right_child=-2 7 3 -5 6 -7 -8 10 -10 -11 -12 -13 -14
leaf_value=0.00012880436723145298 -0.00011253799936719407 0.00013630432853056523 0.0031958535068604584 -0.00024143215320010042 2.1322605857660824e-05 -0.0014845449041830626 0.0010303828923044788 -0.00031170266734123936 0.0023335986126585442 -0.00022699079203569828 -0.0004703051796361469 0.0018342078795357511 0.00018869317609724703
leaf_weight=99 14.999999999999998 438 19.000000000000004 14.999999999999998 710 59 250 31 21 677 15.999999999999998 9.9999999999999982 11.999999999999998
leaf_count=99 15 438 19 15 710 59 250 31 21 677 16 10 12
internal_value=0.00046198 0.000736123 0.00251046 0.0198517 0.00179695 -0.00693554 0.00323418 -0.000995082 -0.000321542 -0.000737096 -0.0144186 -0.0066818 0.0324031
internal_weight=2372 2357 1164 46 1118 158 960 1193 1136 1115 57 41 31
internal_count=2372 2357 1164 46 1118 158 960 1193 1136 1115 57 41 31
is_linear=0
shrinkage=0.0913179


Tree=167
num_leaves=19
num_cat=0
split_feature=13 11 1 9 10 1 15 15 9 17 5 9 12 1 2 2 10 2
split_gain=1.51834 1.68335 1.44172 0.900431 1.68896 1.59516 1.39055 2.33701 1.99451 1.30317 8.02432 1.88979 0.8 0.745687 0.658824 0.474074 0.433385 0.88725
threshold=0.98701858156467404 -0.005375703594244499 3.5000000000000004 0.022575936829235404 -0.99761278905001471 1.5000000000000002 -0.85225067186764825 -0.79384350655589164 0.29342972903661901 1.0000000180025095e-35 200.50000000000003 -0.99467753128998015 0.45847758937963173 29.500000000000004 35.500000000000007 22.500000000000004 1.0000000180025095e-35 5.5000000000000009
decision_type=2 2 2 2 2 2 2 2 2 2 2 2 2 2 2 2 2 2
left_child=3 2 15 5 -5 14 8 -8 -6 10 -7 -11 -4 16 -1 -2 -3 -18
right_child=1 13 12 4 6 9 7 -9 -10 11 -12 -13 -14 -15 -16 -17 17 -19
leaf_value=9.8072172022553146e-06 0.017190383580142871 -0.00044750181384192706 2.2323878060961559e-05 0.0010254091364476994 0.0071529191746340344 -0.01966803471664362 -0.0055966487510374788 0.00013279914326500615 0.00017424396273894903 0.0022540820236795307 -0.00015266892651453961 6.2384325493082434e-06 -0.0031264659744887017 -3.8165396282107138e-06 0.0038982807806986599 2.515284728570614e-05 -0.00020588512936292125 -0.01199998103051248
leaf_weight=17 12 13.999999999999998 18.000000000000004 18 11.999999999999998 15.999999999999998 30 792 156 18 541 633 11.999999999999998 19 18 15 21.000000000000004 9.9999999999999982
leaf_count=17 12 14 18 18 12 16 30 792 156 18 541 633 12 19 18 15 21 10
internal_value=0.000153993 -0.00981102 0.00160207 0.000689651 0.0027178 -0.000955055 0.00221377 0.000666554 0.00978407 -0.00151189 -0.00475444 0.00126246 -0.0121757 -0.0199758 0.0182636 0.0169107 -0.0263807 -0.0324031
internal_weight=2372 121 57 2251 1008 1243 990 822 168 1208 557 651 30 64 35 27 45 31
internal_count=2372 121 57 2251 1008 1243 990 822 168 1208 557 651 30 64 35 27 45 31
is_linear=0
shrinkage=0.0913179


Tree=168
num_leaves=19
num_cat=0
split_feature=9 9 9 0 9 9 9 9 9 0 1 1 16 11 9 0 0 0
split_gain=1.12029 2.94611 2.07449 3.43165 3.8967 4.01653 3.61021 5.16358 2.73913 1.4 8.11688 3.23025 0.763587 2.47826 2.1971 3.08551 1.86154 1.11965
threshold=0.86113431103781346 0.85226249403558707 0.98049069993378934 3.5000000000000004 0.97314989601849466 0.95752911693909504 0.97314989601849466 0.95752911693909504 0.98372640911059162 4.5000000000000009 23.500000000000004 23.500000000000004 -0.96797918525527737 0.9890126429527718 0.71503381463111937 5.5000000000000009 1.5000000000000002 1.5000000000000002
decision_type=2 2 2 2 2 2 2 2 2 2 2 2 2 2 2 2 2 2
left_child=1 12 3 4 5 -2 7 -5 -4 11 -11 -10 14 17 15 -1 -16 -14
right_child=2 -3 8 6 -6 -7 -8 -9 9 10 -12 -13 13 -15 16 -17 -18 -19
leaf_value=0.00032144496485165711 0.0015121153115433203 -0.015615042168771735 -0.0022750518899725654 -0.00017085368447139636 0.0048102072555247727 -0.0019287577782698502 -0.0078430557283610276 0.002806912995573666 -0.0030873326029785824 0.0063781365722375936 -0.0016798207347401403 0.0030255663846536864 0.00012221151866784554 -0.0040541334122457173 0.0015122704097380181 0.0045210383301190725 -0.0034866195038619099 -0.00010295700653859792
leaf_weight=137 96 11.999999999999998 11.999999999999998 72 13.999999999999998 25 9.9999999999999982 17 56 22 13.999999999999998 34 505 13.999999999999998 9.9999999999999982 22 26 1274
leaf_count=137 96 12 12 72 14 25 10 17 56 22 14 34 505 14 10 22 26 1274
internal_value=0.000307986 -0.000547908 0.00490957 0.0101464 0.0196164 0.0143392 -0.00276721 0.00307813 -0.00397035 0 0.0152197 -0.00608786 -0.000275607 -0.000865814 0.00515127 0.00976355 -0.0152197 -0.000564642
internal_weight=2372 2000 372 234 135 121 99 89 138 126 36 90 1988 1793 195 159 36 1779
internal_count=2372 2000 372 234 135 121 99 89 138 126 36 90 1988 1793 195 159 36 1779
is_linear=0
shrinkage=0.0913179


Tree=169
num_leaves=18
num_cat=0
split_feature=16 26 16 0 5 16 2 0 0 16 16 10 10 0 0 9 1
split_gain=0.851169 1.75389 1.70895 9.13068 2.01254 1.3736 1.18681 1.07501 0.95405 3.00657 4.19951 2.57004 2.06232 7.81951 3.01116 0.602849 0.249351
threshold=-0.96797918525527737 1.0000000180025095e-35 -0.9852197825664103 3.5000000000000004 48.500000000000007 -0.95629206636249531 31.500000000000004 4.5000000000000009 3.5000000000000004 -0.79382744783423098 -0.60897324288321097 -0.78324956448884031 -0.40613878790836588 1.5000000000000002 1.5000000000000002 -0.67166439702596292 14.500000000000002
decision_type=2 2 2 2 2 2 2 2 2 2 2 2 2 2 2 2 2
left_child=1 2 4 15 -1 6 -2 -6 12 11 -11 -10 13 -7 -14 -4 -5
right_child=5 -3 3 16 7 8 -8 -9 9 10 -12 -13 14 -15 -16 -17 -18
leaf_value=-0.0051745002004703836 0.0002121918190615216 0.0023961962500694701 0.00084727241065730486 0.011654410099021151 0.0010244525771552159 -0.00039558572240581713 -0.0036839182617784062 -0.00087821197995080133 -0.0072222326855492704 0.0013633603163986194 -0.00019430756465068226 -0.00077226871048489325 0.0001770826966922041 0.0023295826105020636 -0.00040715754157184532 -0.0043833155456331624 0.0084670451699100247
leaf_weight=18 12.000000000000002 10.999999999999998 12.999999999999998 11.000000000000002 71 213 13.999999999999998 34 17 77 724 108 398 215 399 27 9.9999999999999982
leaf_count=18 12 11 13 11 71 213 14 34 17 77 724 108 398 215 399 27 10
internal_value=0.000307986 0.00608786 0.00397035 0.0164672 -0.00222727 -0.000209733 -0.0210734 0.00260908 4.24537e-05 -0.00216954 -0.000114005 -0.0153414 0.00171454 0.00682751 -0.00103119 -0.00913179 0.0652271
internal_weight=2372 195 184 61 123 2177 26 105 2151 926 801 125 1225 428 797 40 21
internal_count=2372 195 184 61 123 2177 26 105 2151 926 801 125 1225 428 797 40 21
is_linear=0
shrinkage=0.0913179


Tree=170
num_leaves=29
num_cat=1
split_feature=11 0 13 13 10 11 13 13 13 0 16 0 10 19 9 0 5 0 13 13 0 13 13 13 11 11 0 2
split_gain=1.10478 2.02062 4.55039 6.23962 4.56833 3.16768 2.7037 3.29066 3.01889 1.96744 4.76238 3.05858 1.73354 1.49994 2.74855 8.76745 2.34417 2.09324 5.60464 3.75556 2.92418 8.81027 3.26651 2.44047 1.91217 1.69725 1.42222 1.3656
threshold=-0.20075075429075126 1.0000000180025095e-35 0.42180388294288101 0.21127135955888851 -0.35042475891464192 -0.39727776132405551 0.7036627660344027 0.8105267828206012 0.84659719826762914 4.5000000000000009 -0.78593042371753896 2.5000000000000004 -0.6652727025667432 0 -0.77245553105869302 1.0000000180025095e-35 270.50000000000006 2.5000000000000004 -0.42764398474894522 -0.60384207981087978 4.5000000000000009 -0.18281597401273728 -0.63920832810365547 -0.2831375084032613 0.99865421017599987 0.99758684199993464 2.5000000000000004 41.500000000000007
decision_type=2 2 2 2 2 2 2 2 2 2 2 2 2 9 2 2 2 2 2 2 2 2 2 2 2 2 2 2
left_child=1 2 3 4 -1 12 9 27 -9 11 -11 -3 -4 17 15 -15 -17 18 19 -2 21 -19 -22 -20 25 -16 -26 -8
right_child=13 6 5 -5 -6 -7 7 8 -10 10 -12 -13 -14 14 24 16 -18 20 23 -21 22 -23 -24 -25 26 -27 -28 -29
leaf_value=-0.0035671436590161251 -0.0015308282057470602 0.0006313509387986453 -0.0010880917958448096 0.0080575522428185959 0.00022902593666846959 0.0025963576877861068 0.0050996456279161079 -0.0009119411544504239 0.00076955190941387639 -0.0012341445318930899 0.0012388610477874927 -0.0007730470734881044 -0.008174506760917917 0.0032494145953348851 -5.1704698837288871e-05 -0.0036525222379980671 -0.00018335556211153419 0.0073814240050040251 0.0028699923007315122 -0.0042685245850581964 -0.00070177859237931977 -0.00048757808948944375 0.00060874361699204873 7.2017386789638795e-05 -0.00055114817288791471 0.0028871702600653756 -0.0029308001111548001 0.00092435866379147059
leaf_weight=10.999999999999998 45 223 31 9.9999999999999982 72 9.9999999999999982 40 22 144 57 163 224 13.999999999999998 15.999999999999998 747 59 38 53 11.999999999999998 14.999999999999998 29 72 97 115 12.000000000000002 9.9999999999999982 18 12.999999999999998
leaf_count=11 45 223 31 10 72 10 40 22 144 57 163 224 14 16 747 59 38 53 12 15 29 72 97 115 12 10 18 13
internal_value=0.00023099 0.00247283 -0.00740416 0.00490957 -0.00330065 -0.0282255 0.00412271 0.0129263 0.0066013 0.00123218 0.00830163 -0.0022472 -0.0385565 -0.00150149 -0.00361258 -0.0169706 -0.0273012 0.00285369 -0.00439498 -0.0273954 0.00836778 0.0182636 -0.00144949 0.00647135 -0.00174049 -0.00084442 -0.0243515 0.0327366
internal_weight=2372 1034 148 93 83 55 886 219 166 667 220 447 45 1338 900 113 97 438 187 60 251 125 126 127 787 757 30 53
internal_count=2372 1034 148 93 83 55 886 219 166 667 220 447 45 1338 900 113 97 438 187 60 251 125 126 127 787 757 30 53
cat_boundaries=0 1
cat_threshold=69
is_linear=0
shrinkage=0.0913179


Tree=171
num_leaves=15
num_cat=0
split_feature=11 11 15 15 26 10 2 14 26 2 6 1 5 12
split_gain=1.32391 1.73333 0.887352 2.93484 2.63785 2.21528 1.82418 1.69932 0.934908 0.870794 2.30476 1.03049 1.27273 0.57112
threshold=-0.99054481509840819 -0.99629805505515956 0.94601698252975897 0.94135275643221283 27.500000000000004 0.99981043035926087 3.5000000000000004 0.95436825032516992 14.500000000000002 20.500000000000004 1.0000000180025095e-35 16.500000000000004 321.50000000000006 -0.091260510743598436
decision_type=2 2 2 2 2 2 2 2 2 2 2 2 2 2
left_child=1 9 3 4 5 -2 -4 8 -8 10 -1 -11 -13 -3
right_child=2 13 6 -5 -6 -7 7 -9 -10 11 -12 12 -14 -15
leaf_value=0.0024739526995059147 -3.7609879340635604e-05 0.00060141022464735305 0.0036631006868963335 -0.0018233113101406735 0.0069879753758879852 -0.0045999238293423141 7.8120047103108134e-05 0.0024999053782725684 -0.0012378296708274951 0.0016244220732072069 -0.001224232198736061 -0.0041895084329092586 -8.2659004408890485e-05 0.0045509185149431386
leaf_weight=14 1983 19 10.999999999999998 11.999999999999998 13.999999999999998 10.999999999999998 197 18 22 15.999999999999998 10 11.000000000000002 13.999999999999998 20
leaf_count=14 1983 19 11 12 14 11 197 18 22 16 10 11 14 20
internal_value=0.00046198 0.0105367 0 -0.000632897 -0.000363817 -0.000641149 0.00515505 0.00346777 0.00125093 0.00140489 0.0152197 -0.0066818 -0.0182636 0.0257563
internal_weight=2372 104 2268 2020 2008 1994 248 237 219 65 24 41 25 39
internal_count=2372 104 2268 2020 2008 1994 248 237 219 65 24 41 25 39
is_linear=0
shrinkage=0.0913179


Tree=172
num_leaves=25
num_cat=0
split_feature=11 0 14 13 13 13 14 13 13 11 11 15 0 13 14 0 2 1 13 17 26 1 26 2
split_gain=1.17836 1.90877 6.30889 4.97047 4.69444 3.1664 2.38646 2.22711 2.8874 2.30249 1.77223 3.14103 2.50624 4.50088 4.24495 2.15571 1.92582 5.46495 1.87182 2.02126 1.57419 1.32712 1.06667 0.181818
threshold=0.21022171450811272 1.0000000180025095e-35 0.98005052076767474 0.7036627660344027 0.82899317702918729 -0.88820297090204903 0.99895983886342388 0.7036627660344027 0.8105267828206012 -0.878119045158818 0.58481550752069722 0.83377267583920489 2.5000000000000004 -0.42180388294288013 -0.59867820553660911 3.5000000000000004 4.5000000000000009 26.500000000000004 0.97314989601849466 1.0000000180025095e-35 8.5000000000000018 24.500000000000004 9.5000000000000018 27.500000000000004
decision_type=2 2 2 2 2 2 2 2 2 2 2 2 2 2 2 2 2 2 2 2 2 2 2 2
left_child=1 2 3 5 -5 -1 7 9 -9 -3 11 12 13 -2 -14 22 17 21 20 -20 -18 -12 -13 -17
right_child=10 6 -4 4 -6 -7 -8 8 -10 -11 16 15 14 -15 -16 23 18 -19 19 -21 -22 -23 -24 -25
leaf_value=-0.001063801613568251 -0.0027009955891066587 -0.00057555895563539395 -0.0050030473505633735 -0.0063939555312252736 -0.00028850803597055621 0.00090144801877100808 0.0004063578875022473 0.0028516132952612194 0.00028401192260213209 0.00019518081643804072 0.0011832098573898889 0.00031415116186170295 0.0014754690413829889 6.0414173599539198e-05 -0.00087107939018610052 -0.0015651754285065545 -2.0307686670848353e-05 0.0097423202804773068 -0.0017669280695686174 2.4525564305968303e-05 0.0034962011990114883 -0.0068356207494099114 -0.0093743600209146259 -0.0039979764599969801
leaf_weight=32 46 246 13.999999999999998 11.999999999999998 36 97 17 53 239 599 30 20.000000000000004 48 67 99 11 610 10.999999999999998 26 17 9.9999999999999982 10.999999999999998 9.9999999999999982 11
leaf_count=32 46 246 14 12 36 97 17 53 239 599 30 20 48 67 99 11 610 11 26 17 10 11 10 11
internal_value=0.00046198 0.00224051 -0.00621536 -0.00154776 -0.0266344 0.0077868 0.00364006 0.00313228 0.0100074 0.00075648 -0.00186726 -0.00760983 -0.00351223 -0.0137381 0.00434847 -0.0280978 0.000638587 0.0175611 -0.000688672 -0.0191131 0.000589148 0.00222727 -0.0121757 -0.0498098
internal_weight=2372 1345 191 177 48 129 1154 1137 292 845 1027 312 260 113 147 52 715 52 663 43 620 41 30 22
internal_count=2372 1345 191 177 48 129 1154 1137 292 845 1027 312 260 113 147 52 715 52 663 43 620 41 30 22
is_linear=0
shrinkage=0.0913179


Tree=173
num_leaves=15
num_cat=1
split_feature=11 11 10 1 1 11 14 11 1 11 23 10 19 0
split_gain=1.31776 4.43079 1.85301 1.8 1.33432 4.15466 1.3364 1.24564 2.21538 1.42568 1.19026 5.95238 1.4917 1.07143
threshold=-0.33324245164869215 -0.35846811432664222 -0.96687281075841669 21.500000000000004 8.5000000000000018 -0.88622299073327826 0.95436825032516992 -0.30061409409415346 22.500000000000004 -0.28622501271271084 1.0000000180025095e-35 -0.14250536273956088 0 2.5000000000000004
decision_type=2 2 2 2 2 2 2 2 2 2 2 2 9 2
left_child=1 2 13 -3 5 -4 -6 8 -2 -9 12 -12 -11 -1
right_child=7 3 4 -5 6 -7 -8 9 -10 10 11 -13 -14 -15
leaf_value=0.00045580469368769542 -5.3484148595676262e-05 0.0078138136005596603 -0.0035818341963981741 0.0019648538829979763 0.00017735730448651619 0.00024829334399501505 0.00054325579516981593 0.0033401379374710426 -0.0039705104471254556 0.00044462772923400658 -0.0080024668448749128 0.00048322603265485323 -9.7486756052898234e-05 -0.012688833785999021
leaf_weight=10.000000000000002 15.999999999999998 10 75 10 653 133 25 11.999999999999998 10.000000000000002 180 9.9999999999999982 60 1154 13.999999999999998
leaf_count=10 16 10 75 10 653 133 25 12 10 180 10 60 1154 14
internal_value=0.00046198 0.00314212 0.00220769 0.045659 0.00288589 -0.00351223 0.00484874 -0.00126655 -0.0210734 -0.000902861 -0.00117074 0.0104363 -0.00177981 -0.0228295
internal_weight=2372 930 910 20 886 208 678 1442 26 1416 1404 70 1334 24
internal_count=2372 930 910 20 886 208 678 1442 26 1416 1404 70 1334 24
cat_boundaries=0 1
cat_threshold=1
is_linear=0
shrinkage=0.0913179


Tree=174
num_leaves=26
num_cat=1
split_feature=11 0 13 14 16 14 19 9 12 0 14 11 11 0 0 14 15 15 13 2 5 5 2 8 5
split_gain=1.58549 1.34253 8.34566 6.31695 5.95066 4.18846 3.64614 6.29192 5.88794 2.9886 2.94 1.94851 4.04432 1.5 1.08412 6.18574 4.77954 3.95102 2.76374 1.91837 3.83482 3.16696 1.70531 1.50604 0.986842
threshold=-0.20075075429075126 1.5000000000000002 -0.3139193677970174 -0.98131155305593898 0.98899263613956478 -0.99789924639000038 0 -0.84315017450793706 -0.2541403592533874 4.5000000000000009 -0.46800559042974538 0.99683609994235911 0.98519415784776321 1.0000000180025095e-35 1.0000000180025095e-35 0.9635202313707022 0.45272350407489786 0.7104994805858027 0.90936929868688132 24.500000000000004 170.50000000000003 166.50000000000003 25.500000000000004 1.0000000180025095e-35 196.50000000000003
decision_type=2 2 2 2 2 2 9 2 2 2 2 2 2 2 2 2 2 2 2 2 2 2 2 2 2
left_child=14 2 10 5 -5 -4 11 9 -9 -8 24 12 -3 -12 15 16 18 -18 -1 21 -21 23 -22 -16 -2
right_child=1 6 3 4 -6 -7 7 8 -10 -11 13 -13 -14 -15 19 -17 17 -19 -20 20 22 -23 -24 -25 -26
leaf_value=-9.7936289407563078e-05 -0.0024454439194542079 0.00036747610546064379 0.0059544244696840909 0.0019476178125158764 -0.002000600529491033 -0.0079008850462458594 -0.007570346878693371 0.001154552219819406 -0.00055715490871125525 -5.238524362097806e-05 -0.0014988689135079618 0.0054102790711875225 -0.0035553310062377596 0.0003149578865587364 0.00044815117941537989 -0.0024713995542351231 0.0098477632001340663 0.00056970532145426294 -0.0029412661552874475 -0.010123339116879557 0.0028184044381189951 0.01851739684186229 2.0810262497341252e-05 -0.00035244965016824694 -0.005038267145009866
leaf_weight=73 38 385 10.000000000000002 186 18 15.999999999999998 37 109 381 25 48 10.999999999999998 9.9999999999999982 48 339 9.9999999999999982 13.999999999999998 35 15.999999999999998 9.9999999999999982 25 10.999999999999998 490 10.999999999999998 15.999999999999998
leaf_count=73 38 385 10 186 18 16 37 109 381 25 48 11 10 48 339 10 14 35 16 10 25 11 490 11 16
internal_value=0.000846962 -0.00122849 0.00336435 0.0142932 0.019696 -0.0280978 -0.00305029 -0.0077994 -0.00447272 -0.0353489 -0.0133933 0.00351223 0.00254303 -0.00380491 0.00353261 -0.00370208 0.00132345 0.0242272 -0.0112865 0.00474111 0.00121757 0.00986537 0.00230511 0.00834907 -0.0304393
internal_weight=2372 1338 380 230 204 26 958 552 490 62 150 406 395 96 1034 148 138 49 89 886 525 361 515 350 54
internal_count=2372 1338 380 230 204 26 958 552 490 62 150 406 395 96 1034 148 138 49 89 886 525 361 515 350 54
cat_boundaries=0 1
cat_threshold=101
is_linear=0
shrinkage=0.0913179


Tree=175
num_leaves=10
num_cat=0
split_feature=26 1 18 11 9 0 26 14 14
split_gain=2.27135 2.22073 1.25906 1.33047 1.31988 4.22936 1.56034 1.20835 1.53231
threshold=25.500000000000004 11.500000000000002 1.5000000000000002 0.21022171450811272 0.8697513045430848 3.5000000000000004 15.500000000000002 0.99895983886342388 0.98899263613956456
decision_type=2 2 2 2 2 2 2 2 2
left_child=2 -2 3 7 6 -6 -5 8 -1
right_child=1 -3 -4 4 5 -7 -8 -9 -10
leaf_value=0.0001699592394762903 0.0012662795396486716 -0.00057791890760345254 0.00073287755376065327 -0.0001529700016521663 0.00033636526993778413 -0.00034628449989475778 0.00090350491168617617 0.0003601010894058094 -0.0007879112114260895
leaf_weight=1273 11.000000000000002 19 11.999999999999998 798 84 60 53 17 45
leaf_count=1273 11 19 12 798 84 60 53 17 45
internal_value=0.000615973 -0.0243515 0.000935795 0.000783845 -0.00174376 0.00634152 -0.00311189 0.00266772 0.0023557
internal_weight=2372 30 2342 2330 995 144 851 1335 1318
internal_count=2372 30 2342 2330 995 144 851 1335 1318
is_linear=0
shrinkage=0.0913179


Tree=176
num_leaves=17
num_cat=1
split_feature=18 11 0 10 13 10 0 0 13 19 5 15 0 15 1 14
split_gain=1.25999 0.987515 1.76723 4.06745 6.21118 3.43331 3.63984 3.05366 2.61309 1.73528 5.97969 2.19143 1.85968 4.36623 2.30089 1.20104
threshold=1.5000000000000002 -0.030099068566675696 1.0000000180025095e-35 -0.41399101439218416 0.17647005552944342 -0.39827153806311177 3.5000000000000004 1.5000000000000002 -0.88820297090204903 0 254.50000000000003 -0.90163369914317004 5.5000000000000009 -0.29343379936893915 1.5000000000000002 0.39233884247520895
decision_type=2 2 2 2 2 2 2 2 2 9 2 2 2 2 2 2
left_child=1 2 3 4 -1 6 -4 -7 -5 10 11 -3 14 -14 -11 -12
right_child=-2 9 5 8 -6 7 -8 -9 -10 12 15 -13 13 -15 -16 -17
leaf_value=-0.0073803675258604555 0.00066595267826923118 0.00017010432530430183 0.0020783374404755688 -0.00099266919182081255 -0.00012605029098805676 0.0015259092710838383 2.0875151119012367e-05 -8.7435445382054322e-05 0.0011401021206464278 0.0035709248032613906 -0.00077054296113711817 -0.00012425436219567839 0.00089026125331751729 -0.0054014117463611388 0.00015119198730232755 -0.0051908204894396447
leaf_weight=9.9999999999999982 11.999999999999998 87 169 26 46 109 170 551 83 20 11.000000000000002 691 35 20 318 13.999999999999998
leaf_count=10 12 87 169 26 46 109 170 551 83 20 11 691 35 20 318 14
internal_value=0.000923959 0.000773881 0.00266736 -0.00608786 -0.0260908 0.00411342 0.0115831 0.000276721 0.0041889 -0.00106894 -0.00348199 -0.00211275 0.00385212 -0.0116223 0.00648411 -0.0474853
internal_weight=2372 2360 1164 165 56 999 339 660 109 1196 803 778 393 55 338 25
internal_count=2372 2360 1164 165 56 999 339 660 109 1196 803 778 393 55 338 25
cat_boundaries=0 1
cat_threshold=28
is_linear=0
shrinkage=0.0913179


Tree=177
num_leaves=21
num_cat=0
split_feature=15 12 26 15 0 11 0 11 0 10 12 15 26 0 15 15 2 5 16 2
split_gain=1.06742 2.70705 2.39976 2.15616 5.25337 2.11488 3.52349 8.48141 2.15571 2.06521 1.6733 1.13611 1.06667 1.01426 3.00022 2.81029 3.8419 2.60272 2.57714 0.181818
threshold=0.57075747273004163 0.81178104038754306 -2.4999999999999996 0.61492551969769504 2.5000000000000004 0.46800856592688467 2.5000000000000004 0.40614137006726808 3.5000000000000004 -0.97507822412530132 -0.93543596745397617 0.55925103183057889 9.5000000000000018 3.5000000000000004 0.52492452807984302 0.51295437088821561 31.500000000000004 362.50000000000006 -0.96797918525527737 27.500000000000004
decision_type=2 2 2 2 2 2 2 2 2 2 2 2 2 2 2 2 2 2 2 2
left_child=11 2 -2 4 -4 6 7 -3 12 -8 -5 13 -7 15 18 17 -17 -1 -15 -10
right_child=1 5 3 10 -6 8 9 -9 19 -11 -12 -13 -14 14 -16 16 -18 -19 -20 -21
leaf_value=9.9786635984764618e-05 -0.0041266418723746754 -0.0032491497966153512 0.0086817483352925606 0.0042824662487728274 -0.012227306794026857 0.00032834191274976732 0.0052917293371696917 0.0039455464289760434 -0.0014336258455175412 -1.7814838840582403e-05 8.1651597774652228e-05 0.0040125343794767936 -0.0085958195062637577 0.00053648659664883003 -0.0043376062355124766 0.004095871674470313 0.0034824862116661789 0.00053608735822173069 -8.1716914970904924e-05 -0.0036322287605792948
leaf_weight=898 10.999999999999998 17.000000000000004 11.000000000000002 12.999999999999998 15.999999999999998 20.000000000000004 17 11.999999999999998 11 25 554 11.999999999999998 9.9999999999999982 82 11.999999999999998 11.000000000000002 11.999999999999998 11.999999999999998 605 11
leaf_count=898 11 17 11 13 16 20 17 12 11 25 554 12 10 82 12 11 12 12 605 11
internal_value=0.00115495 -0.00175611 0.000754694 0.00153734 -0.023675 -0.014106 -0.0038585 -0.0283401 -0.0280978 0.0130454 0.00273793 0.00244403 -0.0121757 0.00223819 -0.000391923 0.00420865 0.0357331 0.00341188 0.000398768 -0.0498098
internal_weight=2372 728 605 594 27 123 71 29 52 42 567 1644 30 1632 699 933 23 910 687 22
internal_count=2372 728 605 594 27 123 71 29 52 42 567 1644 30 1632 699 933 23 910 687 22
is_linear=0
shrinkage=0.0913179


Tree=178
num_leaves=12
num_cat=0
split_feature=12 5 0 0 21 14 1 10 0 1 0
split_gain=0.904851 1.06784 3.66407 1.0296 7.29886 3.93846 3.00183 2.92581 9.98209 3.63185 0.8
threshold=0.99958851518450398 362.50000000000006 3.5000000000000004 5.5000000000000009 13.500000000000002 -0.9859468191523747 10.500000000000002 0.48877522411129343 1.5000000000000002 3.5000000000000004 2.5000000000000004
decision_type=2 2 2 2 2 2 2 2 2 2 2
left_child=1 3 -3 7 5 -5 -6 9 -9 -1 -2
right_child=10 2 -4 4 6 -7 -8 8 -10 -11 -12
leaf_value=0.0008529434519384489 8.5383909500568671e-06 0.00059315424416098357 -0.00073667646620703643 0.0029956109425305004 0.0011289476595453571 -0.00033355986499888392 0.0040674099739620656 0.00081651678198496288 -0.0016206801542638872 6.8638801260194427e-05 -0.00023887668341144737
leaf_weight=106 10.000000000000002 11.000000000000002 9.9999999999999982 9.9999999999999982 23 250 50 219 443 1230 9.9999999999999982
leaf_count=106 10 11 10 10 23 250 50 219 443 1230 10
internal_value=0.00107795 0.00124242 0.0217424 0.00105774 0.00575879 -0.00140489 0.0312733 0.000274228 -0.00469005 0.00273407 -0.0182636
internal_weight=2372 2352 21 2331 333 260 73 1998 662 1336 20
internal_count=2372 2352 21 2331 333 260 73 1998 662 1336 20
is_linear=0
shrinkage=0.0913179


Tree=179
num_leaves=9
num_cat=0
split_feature=14 14 15 15 24 11 15 13
split_gain=1.06312 1.22599 1.15372 3.51747 4.84298 1.89884 1.14268 1.06056
threshold=0.99979193868227123 0.99945907105059761 0.57075747273004163 0.67799886003753596 1.0000000180025095e-35 0.92023804793023134 0.55925103183057889 -0.8431462759492121
decision_type=2 2 2 2 2 2 2 2
left_child=1 2 6 4 -4 -5 7 -1
right_child=-2 -3 3 5 -6 -7 -8 -9
leaf_value=-0.00020038343071771746 1.8840885725768766e-05 -7.9973286348588058e-05 -0.0020162843235682812 -3.5236733175598654e-06 0.0027920872360319877 0.00027652329711638871 0.0037353465631438506 0.00010587169392205876
leaf_weight=303 13.999999999999998 13.999999999999998 89 605 14.999999999999998 12.999999999999998 11.999999999999998 1307
leaf_count=303 14 14 89 605 15 13 12 1307
internal_value=0.00100096 0.000851991 0.00101291 -0.00202367 -0.0175611 0.000591055 0.00236458 0.00215533
internal_weight=2372 2358 2344 722 104 618 1622 1610
internal_count=2372 2358 2344 722 104 618 1622 1610
is_linear=0
shrinkage=0.0913179


Tree=180
num_leaves=13
num_cat=0
split_feature=15 0 16 0 12 9 15 1 15 26 2 26
split_gain=0.949559 2.08866 5.50476 2.68235 4.38462 4.2 1.2097 1.18681 0.789703 0.799409 3.3371 2.01731
threshold=0.9923637143631393 4.5000000000000009 -0.022575793296316749 2.5000000000000004 -0.70291145964310642 -0.38242426011641079 0.99049901459377832 24.500000000000004 -0.99974050465083597 22.500000000000004 2.5000000000000004 15.500000000000002
decision_type=2 2 2 2 2 2 2 2 2 2 2 2
left_child=6 3 -3 4 -2 -5 8 -6 -1 11 -11 -10
right_child=1 2 -4 5 7 -7 -8 -9 9 10 -12 -13
leaf_value=-0.00038409058786907435 -0.0053163839087433289 -0.0017394884633147364 0.015167561778586398 1.7952954778272114e-05 0.00075610130962386888 -0.0057804304648234944 0.00098551669274875081 0.0135189290753818 3.4507254042697286e-05 0.00020904011330142216 -0.011546758961220449 0.00075064822912856218
leaf_weight=12.999999999999998 11.999999999999998 10.000000000000002 13.999999999999998 14.000000000000002 12.000000000000002 15.999999999999998 11.999999999999998 13.999999999999998 2179 23 18 35
leaf_count=13 12 10 14 14 12 16 12 14 2179 23 18 35
internal_value=0.00115495 -0.00794069 0.0152197 -0.0161149 0 -0.0365272 0.00152197 0.0210734 0.00136896 0.00149834 -0.0111363 0.00173232
internal_weight=2372 92 24 68 38 30 2280 26 2268 2255 41 2214
internal_count=2372 92 24 68 38 30 2280 26 2268 2255 41 2214
is_linear=0
shrinkage=0.0913179


Tree=181
num_leaves=10
num_cat=0
split_feature=26 26 26 9 26 26 9 1 2
split_gain=1.33693 1.5 1.44489 1.15574 1.88521 3.62971 1.30909 1.1544 0.701754
threshold=26.500000000000004 28.500000000000004 24.500000000000004 0.8697513045430848 -25.499999999999996 -19.499999999999996 0.92922379131507438 2.5000000000000004 17.500000000000004
decision_type=2 2 2 2 2 2 2 2 2
left_child=2 -2 3 4 -1 -6 8 -8 -5
right_child=1 -3 -4 6 5 -7 7 -9 -10
leaf_value=0.0012170767309332723 0.00028579933671693915 0.0052733660902936725 -0.0023425698156485978 0.00032312931633525266 -0.0038542228394332829 1.9703525603377554e-05 0.0060862534140633754 4.0877501209128348e-05 2.6465451685702602e-06
leaf_weight=12.999999999999998 12.000000000000002 11.999999999999998 11.999999999999998 76 18 1945 11.999999999999998 252 20
leaf_count=13 12 12 12 76 18 1945 12 252 20
internal_value=0.00138594 0.0228295 0.00116675 0.00132911 0.000462135 0.000232598 0.00608786 0.00276721 0.0152197
internal_weight=2372 24 2348 2336 1976 1963 360 264 96
internal_count=2372 24 2348 2336 1976 1963 360 264 96
is_linear=0
shrinkage=0.0913179


Tree=182
num_leaves=10
num_cat=0
split_feature=26 26 26 11 15 26 0 12 0
split_gain=1.37561 1.5 1.41658 1.04782 1.62189 1.3936 2.81481 1.73533 1.37606
threshold=26.500000000000004 28.500000000000004 24.500000000000004 -0.10837644903917548 0.99969196022934537 15.500000000000002 1.5000000000000002 0.64415777744009783 1.0000000180025095e-35
decision_type=2 2 2 2 2 2 2 2 2
left_child=2 -2 3 4 8 7 -7 -5 -1
right_child=1 -3 -4 5 -6 6 -8 -9 -10
leaf_value=-0.00012300129224576144 0.00025970072730099452 0.0047918131116251169 -0.0021286511433717928 1.5100186902688905e-05 0.0013117778497719744 0.0078395042618277337 -0.00024724968927209513 -0.00029802183113784739 0.00014121402279232035
leaf_weight=157 12.000000000000002 11.999999999999998 11.999999999999998 891 12.999999999999998 15.999999999999998 38 286 935
leaf_count=157 12 12 12 891 13 16 38 286 935
internal_value=0.00107795 0.0228295 0.00085562 0.00101638 0.00305771 -0.000816001 0.0135286 -0.00147412 0.00267598
internal_weight=2372 24 2348 2336 1105 1231 54 1177 1092
internal_count=2372 24 2348 2336 1105 1231 54 1177 1092
is_linear=0
shrinkage=0.0913179


Tree=183
num_leaves=7
num_cat=0
split_feature=14 14 26 26 26 11
split_gain=2.43628 1.23305 1.08373 2.50043 1.42106 0.956776
threshold=0.99979193868227123 0.99945907105059761 26.500000000000004 28.500000000000004 24.500000000000004 -0.98214488425316748
decision_type=2 2 2 2 2 2
left_child=1 2 4 -4 5 -1
right_child=-2 -3 3 -5 -6 -7
leaf_value=0.00040073697185341654 5.5863162600639452e-05 -7.8999625166976449e-05 0.00023598538938338803 -0.0020095130449332395 -0.0019342670856210005 1.5411093882130984e-05
leaf_weight=143 13.999999999999998 13.999999999999998 10.000000000000002 10.999999999999998 11.999999999999998 2168
leaf_count=143 14 14 10 11 12 2168
internal_value=0.00115495 0.000929445 0.00109083 0.0217424 0.000904138 0.00106689
internal_weight=2372 2358 2344 21 2323 2311
internal_count=2372 2358 2344 21 2323 2311
is_linear=0
shrinkage=0.0913179


Tree=184
num_leaves=25
num_cat=0
split_feature=11 12 11 2 0 13 13 13 13 0 9 21 13 13 10 13 1 26 15 0 0 0 11 0
split_gain=0.947524 1.76199 3.02224 2.21408 1.74764 3.65884 5.2012 3.62458 2.68775 5.73099 5.09697 3.51054 2.6843 4.15202 2.15826 1.58635 1.57722 1.94085 1.4665 1.14502 2.50043 0.946612 6.06665 3.5679
threshold=0.039769539193789956 0.81178104038754306 0.51295437088821561 3.5000000000000004 1.0000000180025095e-35 0.42180388294288101 0.17647005552944342 -0.20179863041063703 -0.98132686700352856 4.5000000000000009 -0.452744437932114 19.000000000000004 0.97742141165890761 0.90936929868688132 0.99958851518450398 0.7036627660344027 2.5000000000000004 -1.0000000180025095e-35 0.99940301291085054 2.5000000000000004 4.5000000000000009 2.5000000000000004 0.42178632996157733 3.5000000000000004
decision_type=2 2 2 2 2 2 2 2 2 2 2 2 2 2 2 2 2 2 2 2 2 2 2 2
left_child=4 3 21 -2 5 6 7 -1 9 11 -11 -6 13 -7 15 -10 17 -5 -18 -4 -21 22 -3 -23
right_child=1 2 19 16 8 12 -8 -9 14 10 -12 -13 -14 -15 -16 -17 18 -19 -20 20 -22 23 -24 -25
leaf_value=0.00033211446977560844 0.0044683725127592205 -0.001811304357591382 -0.0040288670821424762 -0.0065482425210982844 -0.0097597870415592237 -0.00015625040285494301 0.002820765585013789 -0.0032279457275652514 4.8088766167500216e-05 -0.0047415377639965081 0.01445658496449531 -0.001478350772303487 0.00069207940864583544 -0.0052034662392719489 0.0004918270920980652 0.00058241607240694848 4.9930449433630677e-05 -3.871712103587028e-05 -0.0016124362846514596 0.00070381352665814761 -0.0037502718302502729 0.0042183580643514827 0.0050233077461627187 -0.00020369227020193038
leaf_weight=76 10.999999999999998 61 10.999999999999998 14.999999999999998 22 37 11.999999999999998 25 695 12.000000000000002 9.9999999999999982 24 11.999999999999998 12.999999999999998 17 261 856 42 11.999999999999998 11.000000000000002 9.9999999999999982 27 19 81
leaf_count=76 11 61 11 15 22 37 12 25 695 12 10 24 12 13 17 261 856 42 12 11 10 27 19 81
internal_value=0.000923959 -0.000947937 -0.00830163 0.000780495 0.00270349 -0.00573999 0.00404062 -0.00271241 0.0041229 -0.0134291 0.0249049 -0.0317628 -0.0235659 -0.0328745 0.00534956 0.00477604 0.000296166 -0.0144186 0.00126246 -0.0342442 -0.0217424 -0.00388587 -0.0114147 0.00169107
internal_weight=2372 1156 220 936 1216 175 113 101 1041 68 22 46 62 50 973 956 925 57 868 32 21 188 80 108
internal_count=2372 1156 220 936 1216 175 113 101 1041 68 22 46 62 50 973 956 925 57 868 32 21 188 80 108
is_linear=0
shrinkage=0.0913179


Tree=185
num_leaves=9
num_cat=0
split_feature=15 0 26 26 26 13 13 26
split_gain=1.50413 1.97296 1.38412 1.5 1.41042 1.31027 2.36654 1.4881
threshold=-0.99940763397299126 3.5000000000000004 26.500000000000004 28.500000000000004 24.500000000000004 0.98701858156467404 0.97876397852965835 9.5000000000000018
decision_type=2 2 2 2 2 2 2 2
left_child=1 -1 4 -4 5 6 -2 -7
right_child=2 -3 3 -5 -6 7 -8 -9
leaf_value=-0.0012174444947771379 3.9302001212274582e-05 0.00036629699521963365 0.0002948582143524942 0.0045245832338947902 -0.0019042905631711953 -6.5758868032835189e-05 0.00088173073829664447 -0.00082676657879948614
leaf_weight=15.000000000000002 2158 10.999999999999998 12.000000000000002 11.999999999999998 11.999999999999998 105 31 15.999999999999998
leaf_count=15 2158 11 12 12 12 105 31 16
internal_value=0.000769966 -0.0210734 0.00101205 0.0228295 0.000786546 0.000948758 0.00146009 -0.00830163
internal_weight=2372 26 2346 24 2322 2310 2189 121
internal_count=2372 26 2346 24 2322 2310 2189 121
is_linear=0
shrinkage=0.0913179


Tree=186
num_leaves=16
num_cat=0
split_feature=13 13 0 12 12 26 2 0 26 2 26 26 5 26 2
split_gain=0.856684 1.52348 4.60711 2.00173 1.41796 0.814877 1.85785 1.48447 0.664933 1.73571 1.71429 0.850576 3.65142 2.13966 0.2
threshold=0.98701858156467404 0.97742141165890761 3.5000000000000004 0.39629089145655316 0.5475998096715059 5.5000000000000009 21.500000000000004 1.5000000000000002 -24.499999999999996 10.500000000000002 -27.499999999999996 -4.4999999999999991 48.500000000000007 -1.0000000180025095e-35 11.500000000000002
decision_type=2 2 2 2 2 2 2 2 2 2 2 2 2 2 2
left_child=1 8 3 -3 5 6 -2 -8 9 10 -1 12 -10 -13 -11
right_child=4 2 -4 -5 -6 -7 7 -9 11 14 -12 13 -14 -15 -16
leaf_value=0.0031299562109583681 -0.0059442654758260147 0.0094070476288542447 -0.0014740400485257139 0.00044012390491037027 -0.00070349115408620895 0.000250048630044208 -0.00030576068887975969 0.00046353139524041715 -0.0028304057336914911 -0.00023261571667375271 4.4892993178452342e-06 0.0043759135868476308 7.2254876983184318e-05 2.8285620133741414e-05 -0.0011718113862897413
leaf_weight=16.000000000000004 10.999999999999998 11.000000000000002 17 9.9999999999999982 18 19 21 52 34 10 11.999999999999998 15.999999999999998 83 2032 10
leaf_count=16 11 11 17 10 18 19 21 52 34 10 12 16 83 2032 10
internal_value=0.000692969 0.00109533 0.0192248 0.0478332 -0.00679224 -0.00265975 -0.00652271 -0.00125093 0.000784022 0.0114147 0.0260908 0.000548329 -0.00702446 0.000980955 -0.00913179
internal_weight=2372 2251 38 21 121 103 84 73 2213 48 28 2165 117 2048 20
internal_count=2372 2251 38 21 121 103 84 73 2213 48 28 2165 117 2048 20
is_linear=0
shrinkage=0.0913179


Tree=187
num_leaves=15
num_cat=0
split_feature=15 15 26 26 12 15 10 13 13 9 13 26 13 11
split_gain=0.985295 3.20727 3.54767 2.31021 1.59118 1.19085 0.958405 0.817032 1.56448 1.40295 1.30852 1.23473 0.830748 0.430606
threshold=0.57075747273004163 0.61492551969769504 27.500000000000004 -2.4999999999999996 0.81178104038754306 0.55925103183057889 0.57605713708605399 -0.8431462759492121 -0.86332053368064354 -0.62588817255938378 -0.56192038168531944 -29.499999999999996 -0.70596181949113168 -1.0000000180025095e-35
decision_type=2 2 2 2 2 2 2 2 2 2 2 2 2 2
left_child=5 6 3 -3 -5 7 13 8 9 -1 12 -12 -9 -2
right_child=1 2 -4 4 -6 -7 -8 10 -10 -11 11 -13 -14 -15
leaf_value=0.0014321233974408563 -0.0031788606099859736 -0.0026553631047426638 -0.0068661205954094542 0.00013590992594374025 -0.00050825312280226701 0.0033691332988818774 -0.0015752387495003664 5.8053913255062368e-05 -0.0052257833616660481 -0.00015219675934448118 0.007112229391572529 3.6951835967060738e-05 0.00093522857360770059 -0.00077148396321912111
leaf_weight=21 13 10.999999999999998 9.9999999999999982 564 103 11.999999999999998 12.999999999999998 115 20 262 11.999999999999998 1108 94 14
leaf_count=21 13 11 10 564 103 12 13 115 20 262 12 1108 94 14
internal_value=0.000538976 -0.00225786 -0.000796377 0 0.000684542 0.00177748 -0.0273954 0.00156673 -0.00271241 -0.000968035 0.00254234 0.00130454 0.00917549 -0.0372036
internal_weight=2372 728 688 678 667 1644 40 1632 303 283 1329 1120 209 27
internal_count=2372 728 688 678 667 1644 40 1632 303 283 1329 1120 209 27
is_linear=0
shrinkage=0.0913179


Tree=188
num_leaves=10
num_cat=0
split_feature=26 26 26 15 15 0 12 9 0
split_gain=1.43466 1.5 1.37465 1.07068 2.13025 2.79036 0.925673 1.21032 1.14465
threshold=26.500000000000004 28.500000000000004 24.500000000000004 0.99570013918172939 0.99683609994235911 4.5000000000000009 -0.98801846520836334 0.86113431103781346 2.5000000000000004
decision_type=2 2 2 2 2 2 2 2 2
left_child=2 -2 3 6 -5 -6 8 -8 -1
right_child=1 -3 -4 4 5 -7 7 -9 -10
leaf_value=0.00085288608857300274 0.00050894816243500377 0.004105450219615679 -0.0016865650053660547 -0.0078028958182751757 -0.00066453790991118664 0.0052891624140895795 1.2664734047638028e-05 0.00011647781372863714 -0.00053193919530627098
leaf_weight=48 12.000000000000002 11.999999999999998 11.999999999999998 11.999999999999998 41 14.999999999999998 1851 300 69
leaf_count=48 12 12 12 12 41 15 1851 300 69
internal_value=0.000615973 0.0228295 0.000388918 0.000547282 -0.0107433 -0.00326136 0.0008858 0.00131607 -0.00702446
internal_weight=2372 24 2348 2336 68 56 2268 2151 117
internal_count=2372 24 2348 2336 68 56 2268 2151 117
is_linear=0
shrinkage=0.0913179


Tree=189
num_leaves=7
num_cat=0
split_feature=26 26 26 26 26 26
split_gain=1.43466 1.5 1.37465 0.848125 0.930966 1.29182
threshold=26.500000000000004 28.500000000000004 24.500000000000004 -29.499999999999996 -26.499999999999996 -24.499999999999996
decision_type=2 2 2 2 2 2
left_child=2 -2 3 -1 -5 -6
right_child=1 -3 -4 4 5 -7
leaf_value=0.00048827400800532564 0.00046247205980675906 0.0037305489235212519 -0.0015325513472687503 -0.00082004771241146225 0.00095807211925633584 1.627865268086289e-05
leaf_weight=18 12.000000000000002 11.999999999999998 11.999999999999998 18 11.999999999999998 2288
leaf_count=18 12 12 12 18 12 2288
internal_value=0.000615973 0.0228295 0.000388918 0.000547282 0.000393951 0.000555848
internal_weight=2372 24 2348 2336 2318 2300
internal_count=2372 24 2348 2336 2318 2300
is_linear=0
shrinkage=0.0913179


Tree=190
num_leaves=8
num_cat=0
split_feature=26 26 26 16 9 0 9
split_gain=1.43466 1.5 1.37465 0.660491 0.648898 2.10357 1.76966
threshold=26.500000000000004 28.500000000000004 24.500000000000004 -0.99976650739665429 0.86113431103781346 3.5000000000000004 0.83376496542330847
decision_type=2 2 2 2 2 2 2
left_child=2 -2 3 -1 6 -6 -5
right_child=1 -3 -4 4 5 -7 -8
leaf_value=0.001124767803004091 0.00042024005957431179 0.0033898828450752518 -0.0013926019006338004 4.152724328118966e-06 0.00037607316399528582 -5.6681584191928354e-05 -0.0046862688698859579
leaf_weight=12.999999999999998 12.000000000000002 11.999999999999998 11.999999999999998 1915 213 159 36
leaf_count=13 12 12 12 1915 213 159 36
internal_value=0.000615973 0.0228295 0.000388918 0.000547282 0.000432414 0.00392765 -0.000234029
internal_weight=2372 24 2348 2336 2323 372 1951
internal_count=2372 24 2348 2336 2323 372 1951
is_linear=0
shrinkage=0.0913179


Tree=191
num_leaves=10
num_cat=0
split_feature=26 26 26 9 26 9 0 12 13
split_gain=1.41484 1.5 1.38856 0.755508 2.25185 1.90741 2.68525 1.11915 0.97017
threshold=26.500000000000004 28.500000000000004 24.500000000000004 0.58481550752069722 -2.4999999999999996 0.69056404122701587 5.5000000000000009 -0.074115882986646578 -0.97876397852965813
decision_type=2 2 2 2 2 2 2 2 2
left_child=2 -2 3 4 -1 6 -5 -7 -6
right_child=1 -3 -4 5 8 7 -8 -9 -10
leaf_value=-0.0024159030596683788 0.00038186459900914067 0.003080325694399057 -0.0012654323505083252 0.00020732240517895841 0.00028036274649554272 4.5835984408394641e-05 0.008869838255669683 -0.00078550924035452035 -1.7532878146342881e-05
leaf_weight=10.999999999999998 12.000000000000002 11.999999999999998 11.999999999999998 82 112 522 13.999999999999998 42 1553
leaf_count=11 12 12 12 82 112 522 14 42 1553
internal_value=0.000769966 0.0228295 0.000544485 0.000703649 -0.000326914 0.00332065 0.0152197 0.00129529 -5.48456e-05
internal_weight=2372 24 2348 2336 1676 660 96 564 1665
internal_count=2372 24 2348 2336 1676 660 96 564 1665
is_linear=0
shrinkage=0.0913179


Tree=192
num_leaves=8
num_cat=0
split_feature=26 26 26 16 11 12 15
split_gain=1.45462 1.5 1.36081 0.670593 0.598544 2.35076 1.24804
threshold=26.500000000000004 28.500000000000004 24.500000000000004 -0.99976650739665429 -0.083761810613582982 0.99138911339924218 0.99940301291085054
decision_type=2 2 2 2 2 2 2
left_child=2 -2 3 -1 5 -5 -6
right_child=1 -3 -4 4 6 -7 -8
leaf_value=0.0010937874066907888 0.00034699350681642572 0.0027990366679957407 -0.0011498756629473904 5.4764144625504843e-05 -2.4995160310869428e-05 0.00037389115250666837 -0.0019670350396348573
leaf_weight=12.999999999999998 12.000000000000002 11.999999999999998 11.999999999999998 1099 1193 19 11.999999999999998
leaf_count=13 12 12 12 1099 1193 19 12
internal_value=0.00046198 0.0228295 0.000233351 0.000390916 0.000275172 0.00179695 -0.00113674
internal_weight=2372 24 2348 2336 2323 1118 1205
internal_count=2372 24 2348 2336 2323 1118 1205
is_linear=0
shrinkage=0.0913179


Tree=193
num_leaves=10
num_cat=0
split_feature=26 26 26 11 26 17 16 11 0
split_gain=1.46466 1.5 1.35392 0.687203 2.39601 4.62963 0.774437 3.245 2.06587
threshold=26.500000000000004 28.500000000000004 24.500000000000004 0.99865421017599987 -1.4999999999999998 1.0000000180025095e-35 -0.97111920233974824 0.9890126429527718 3.5000000000000004
decision_type=2 2 2 2 2 2 2 2 2
left_child=2 -2 3 6 -5 -6 8 -8 -1
right_child=1 -3 -4 4 5 -7 7 -9 -10
leaf_value=-0.00026128603929360077 0.00031530677126172067 0.0025434343787184622 -0.0010448713751528324 -0.0042291243183017494 -0.0021941035529553375 0.0048543951908900781 2.60429828006815e-05 -0.00049804566393732202 0.00081259199084423672
leaf_weight=84 12.000000000000002 11.999999999999998 11.999999999999998 11.999999999999998 15 12 2134 20 59
leaf_count=84 12 12 12 12 15 12 2134 20 59
internal_value=0.000384983 0.0228295 0.000155567 0.000312733 -0.0117074 0.00338215 0.000516819 8.47892e-05 0.00702446
internal_weight=2372 24 2348 2336 39 27 2297 2154 143
internal_count=2372 24 2348 2336 39 27 2297 2154 143
is_linear=0
shrinkage=0.0913179


Tree=194
num_leaves=12
num_cat=0
split_feature=26 26 9 8 26 0 5 2 14 1 1
split_gain=1.47472 1.5 0.7963 2.4469 2.18156 2.1075 4.7822 4.39834 1.42887 1.18114 0.513986
threshold=26.500000000000004 28.500000000000004 0.58481550752069722 1.0000000180025095e-35 -2.4999999999999996 3.5000000000000004 142.50000000000003 20.500000000000004 0.9982943252202422 1.5000000000000002 1.5000000000000002
decision_type=2 2 2 2 2 2 2 2 2 2 2
left_child=2 -2 4 5 -1 6 -4 -7 9 -6 -10
right_child=1 -3 3 -5 8 7 -8 -9 10 -11 -12
leaf_value=-0.0021953834309141056 0.00028651360342632975 0.0023111731664019748 0.00024779667072606117 -0.00063071957451403722 0.00039433891877408892 2.9570437554373505e-05 0.0071120298398798451 -0.0062020099947784303 -2.5508727123208155e-05 -2.705360584145582e-05 -0.0073125531054065327
leaf_weight=10.999999999999998 12.000000000000002 11.999999999999998 349 18 45 263 15.999999999999998 13.999999999999998 11.000000000000002 1608 12.999999999999998
leaf_count=11 12 12 349 18 45 263 16 14 11 1608 13
internal_value=0.000307986 0.0228295 7.77836e-05 0.00276721 -0.00097377 0.00369823 0.00825614 -0.00230767 -0.000707891 -0.000386706 -0.0228295
internal_weight=2372 24 2348 660 1688 642 365 277 1677 1653 24
internal_count=2372 24 2348 660 1688 642 365 277 1677 1653 24
is_linear=0
shrinkage=0.0913179


Tree=195
num_leaves=8
num_cat=0
split_feature=26 26 16 16 11 11 2
split_gain=1.47472 1.5 0.691032 0.693602 0.766704 1.74769 0.926941
threshold=26.500000000000004 28.500000000000004 -0.99976650739665429 -0.99938741687870725 -0.10837644903917548 -0.12546116083924147 40.500000000000007
decision_type=2 2 2 2 2 2 2
left_child=2 -2 -1 -4 5 -5 -6
right_child=1 -3 3 4 6 -7 -8
leaf_value=0.00091700043729077483 0.00026034976863916826 0.0021001215717575718 -0.00044373244749640935 4.9855483252411309e-05 -4.168929154099067e-05 0.00033984046712340311 0.0026535660695734997
leaf_weight=12.999999999999998 12.000000000000002 11.999999999999998 12.999999999999998 1079 1219 12.999999999999998 10.999999999999998
leaf_count=13 12 12 13 1079 1219 13 11
internal_value=0.000307986 0.0228295 7.77836e-05 -3.91083e-05 7.86546e-05 0.00183974 -0.00148484
internal_weight=2372 24 2348 2335 2322 1092 1230
internal_count=2372 24 2348 2335 2322 1092 1230
is_linear=0
shrinkage=0.0913179


Tree=196
num_leaves=21
num_cat=1
split_feature=9 9 0 18 0 9 0 0 0 15 15 15 14 0 11 16 0 2 20 9
split_gain=0.733698 1.53794 1.70046 1.7651 1.61538 1.37395 3.76165 2.46154 0.996765 3.17859 4.59592 3.16768 2.78476 1.83646 0.980897 1.59314 1.32467 1.29428 0.8 0.527009
threshold=-0.56368474752277564 -0.50556189049999822 1.5000000000000002 1.0000000180025095e-35 4.5000000000000009 -0.61237985104942771 2.5000000000000004 4.5000000000000009 1.5000000000000002 -0.67801140019997397 -0.85225067186764825 0.46516142372246022 0.99646492433694434 4.5000000000000009 0.99865421017599987 -0.93392460008367661 1.5000000000000002 20.500000000000004 0 -0.58482361983252518
decision_type=2 2 2 2 2 2 2 2 2 2 2 2 2 2 2 2 2 2 9 2
left_child=5 2 -2 -4 -5 8 19 -8 9 10 -1 -11 13 -10 15 17 -17 -3 -14 -7
right_child=1 14 3 4 -6 6 7 -9 12 11 -12 -13 18 -15 -16 16 -18 -19 -20 -21
leaf_value=0.0020766344725337369 0.0055106486933642991 0.00061142693933195075 -0.00090013111348810279 6.3344506803854914e-05 0.0040221929911802342 -0.0067203828948761484 0.0071086115477372053 -0.0039237256624745625 -0.00020676825330866088 -0.00036046379015113169 0.0064946676241963777 0.0015987404263226146 -0.0027977168621570181 0.00018280770985061584 -0.0015759246812669296 -0.00011234997035066532 6.4431419093276664e-05 -0.0026699401697286495 -0.0039577731383790152 -0.0018603857538703912
leaf_weight=32 14.999999999999998 88 14.999999999999998 14.000000000000002 11.999999999999998 12.000000000000002 13.000000000000002 12.999999999999998 307 99 14.999999999999998 66 10 203 18 398 1001 20 10 10.999999999999998
leaf_count=32 15 88 15 14 12 12 13 13 307 99 15 66 10 203 18 398 1001 20 10 11
internal_value=0.000307986 0.00144399 0.0163068 0.0066818 0.0210734 -0.00196259 -0.0167727 0.00702446 -0.00098456 0.00430745 0.0252582 -0.00166033 -0.00310136 -0.00179055 0.000898209 0.00115132 0.000326369 0.0118375 -0.0365272 -0.0436738
internal_weight=2372 1581 56 41 26 791 49 26 742 212 47 165 530 510 1525 1507 1399 108 20 23
internal_count=2372 1581 56 41 26 791 49 26 742 212 47 165 530 510 1525 1507 1399 108 20 23
cat_boundaries=0 1
cat_threshold=8
is_linear=0
shrinkage=0.0913179


Tree=197
num_leaves=9
num_cat=0
split_feature=18 15 1 21 2 16 6 11
split_gain=1.31313 1.30944 0.900168 1.87395 1.74603 1.35361 3.12963 0.777259
threshold=1.5000000000000002 0.99969196022934537 1.5000000000000002 19.000000000000004 22.500000000000004 0.99083579680342215 1.0000000180025095e-35 0.9890126429527718
decision_type=2 2 2 2 2 2 2 2
left_child=1 2 3 4 -1 7 -7 -4
right_child=-2 -3 5 -5 -6 6 -8 -9
leaf_value=4.9133625710785999e-05 0.00071836538183173593 0.0011478332876404397 1.5268554788823677e-05 -0.00017918754248498557 0.00048579757979617168 -0.00065348130892048341 0.0011573997907756125 -0.00012492979606927563
leaf_weight=30 11.999999999999998 19 2084 10.999999999999998 33 54 18 111
leaf_count=30 12 19 2084 11 33 54 18 111
internal_value=0.000307986 0.000154776 -3.90081e-05 0.00987221 0.0159444 -0.000362533 -0.012683 4.16027e-05
internal_weight=2372 2360 2341 74 63 2267 72 2195
internal_count=2372 2360 2341 74 63 2267 72 2195
is_linear=0
shrinkage=0.0913179


Tree=198
num_leaves=12
num_cat=1
split_feature=14 1 16 1 19 21 12 15 26 26 12
split_gain=1.85537 0.889076 0.696179 0.700739 1.22237 2.66017 1.48607 0.696914 4.832 1.79108 0.2
threshold=0.99895983886342388 1.5000000000000002 -0.99976650739665429 25.500000000000004 0 13.500000000000002 0.97650658860526895 0.57075747273004163 -1.0000000180025095e-35 9.5000000000000018 -0.5074255885747686
decision_type=2 2 2 2 9 2 2 2 2 2 2
left_child=2 -2 -1 7 5 -5 -6 9 -9 -4 -3
right_child=1 10 3 4 6 -7 -8 8 -10 -11 -12
leaf_value=0.00077603329008333211 0.00023897221046999484 0.0011817370899488845 -1.1105928318499331e-05 0.00016066466125862032 0.00080231713514199697 -0.0028274370768275447 6.9989786516137453e-05 -0.0022597930573561701 -0.00010046813074780725 0.0018099680311297018 2.0705440031052532e-05
leaf_weight=12.999999999999998 13.999999999999998 9.9999999999999982 1318 271 76 13.999999999999998 60 11.999999999999998 554 20 10.000000000000002
leaf_count=13 14 10 1318 271 76 14 60 12 554 20 10
internal_value=0.000307986 0.0214866 0 -0.00011783 0.00325361 -0.000309552 0.0100074 -0.0008633 -0.00354946 0.000272998 0.00913179
internal_weight=2372 34 2338 2325 421 285 136 1904 566 1338 20
internal_count=2372 34 2338 2325 421 285 136 1904 566 1338 20
cat_boundaries=0 1
cat_threshold=120
is_linear=0
shrinkage=0.0913179


Tree=199
num_leaves=13
num_cat=0
split_feature=18 7 21 2 16 0 16 9 2 9 2 13
split_gain=1.3469 0.93535 1.87395 1.74603 1.31038 3.12963 1.8418 0.739021 1.93415 0.843055 0.6 0.52381
threshold=1.5000000000000002 1.0000000180025095e-35 19.000000000000004 22.500000000000004 0.99083579680342215 4.5000000000000009 0.99611390731392835 0.34235194516023087 23.500000000000004 0.29342972903661901 17.500000000000004 1.0000000180025095e-35
decision_type=2 2 2 2 2 2 2 2 2 2 2 2
left_child=1 4 3 10 7 6 -6 9 -9 -1 -3 -5
right_child=-2 2 -4 11 5 -7 -8 8 -10 -11 -12 -13
leaf_value=-2.6198777868834448e-05 0.00059110411157695759 0.00020031538177377314 -0.00016181033291556867 0.0048806108842086313 -0.0032196441901414679 0.0010448797166398435 -0.00039203184995150353 3.6517583962674708e-05 -0.0027918426956066483 -0.00045529118327755755 -0.0011004903172774937 0.00030209418438420131
leaf_weight=1374 11.999999999999998 20.000000000000004 10.999999999999998 11.999999999999998 13.999999999999998 18 40 789 14.999999999999998 36 9.9999999999999982 21
leaf_count=1374 12 20 11 12 14 18 40 789 15 36 10 21
internal_value=-7.69966e-05 -0.000232164 0.00987221 0.0159444 -0.000559253 -0.012683 -0.023675 -0.000164983 0.00204443 -0.00142482 0 0.0304393
internal_weight=2372 2360 74 63 2286 72 54 2214 804 1410 30 33
internal_count=2372 2360 74 63 2286 72 54 2214 804 1410 30 33
is_linear=0
shrinkage=0.0913179


Tree=200
num_leaves=9
num_cat=0
split_feature=18 9 16 1 15 14 0 11
split_gain=1.3469 0.916333 1.34619 2.27347 2.44388 0.807111 3.2 0.734306
threshold=1.5000000000000002 0.99966190462023474 0.99219613630290149 1.5000000000000002 -0.046214806583488789 0.99895983886342388 3.5000000000000004 0.9890126429527718
decision_type=2 2 2 2 2 2 2 2
left_child=1 2 5 -4 -5 7 -7 -1
right_child=-2 -3 3 4 -6 6 -8 -9
leaf_value=9.1575220482719149e-06 0.00053712569612858387 0.0028694614702610022 0.00027450756289086381 0.00072970381233270301 -0.0021168979755540238 0.0032873457368859048 -0.00018073763727715768 -0.00011011487397453326
leaf_weight=2139 11.999999999999998 18 19 9.9999999999999982 43 10.000000000000002 9.9999999999999982 111
leaf_count=2139 12 18 19 10 43 10 10 111
internal_value=-7.69966e-05 -0.000232164 -0.000389914 -0.012683 -0.0223987 0 0.0182636 -0.000162343
internal_weight=2372 2360 2342 72 53 2270 20 2250
internal_count=2372 2360 2342 72 53 2270 20 2250
is_linear=0
shrinkage=0.0913179


Tree=201
num_leaves=7
num_cat=0
split_feature=18 26 26 11 11 11
split_gain=1.3469 0.916333 1.30609 0.718335 2.48126 1.38466
threshold=1.5000000000000002 27.500000000000004 25.500000000000004 0.9890126429527718 0.99274428880883148 0.98334239299093984
decision_type=2 2 2 2 2 2
left_child=1 2 3 5 -5 -1
right_child=-2 -3 -4 4 -6 -7
leaf_value=-7.9501556967554576e-06 0.00048807647889979107 0.00034516752399744018 -0.0004134339907479785 -0.00043832498873087417 -1.6324890770428114e-05 0.00080989726504219486
leaf_weight=2193 11.999999999999998 18 11.999999999999998 20 91 26
leaf_count=2193 12 18 12 20 91 26
internal_value=-7.69966e-05 -0.000232164 -0.000389914 -0.000235154 -0.00740416 0.000123458
internal_weight=2372 2360 2342 2330 111 2219
internal_count=2372 2360 2342 2330 111 2219
is_linear=0
shrinkage=0.0913179


Tree=202
num_leaves=12
num_cat=0
split_feature=18 11 25 17 9 2 1 3 1 1 15
split_gain=1.34011 0.634677 2.39601 4.62963 0.721956 2.14633 2.26489 2.0048 1.15121 1.0589 0.666667
threshold=1.5000000000000002 0.99865421017599987 1.0000000180025095e-35 1.0000000180025095e-35 0.34235194516023087 4.5000000000000009 26.500000000000004 1.5000000000000002 30.500000000000004 1.5000000000000002 0.90620637762200806
decision_type=2 2 2 2 2 2 2 2 2 2 2
left_child=1 4 3 -3 8 6 -6 -7 9 -1 -10
right_child=-2 2 -4 -5 5 7 -8 -9 10 -11 -12
leaf_value=0.00024781117119766381 0.00044350633561602681 -0.0019422222598493404 -0.0036772784650544316 0.004365121632246608 2.6911122982945263e-05 -0.00086363372005276041 0.0090343481360651342 2.6597841321352103e-05 8.3187214853337163e-05 -3.9932631748297064e-05 0.0043884483638497972
leaf_weight=44 11.999999999999998 15 11.999999999999998 12 29 20 10.999999999999998 774 15.000000000000002 1418 9.9999999999999982
leaf_count=44 12 15 12 12 29 20 11 774 15 1418 10
internal_value=0 -0.000154776 -0.0117074 0.00338215 3.93442e-05 0.00218988 0.0228295 0.0011501 -0.00116681 -0.00149906 0.0182636
internal_weight=2372 2360 39 27 2321 834 40 794 1487 1462 25
internal_count=2372 2360 39 27 2321 834 40 794 1487 1462 25
is_linear=0
shrinkage=0.0913179


Tree=203
num_leaves=12
num_cat=0
split_feature=26 26 15 15 1 26 18 26 2 10 5
split_gain=1.53584 1.67346 4.06349 3.341 2.34093 1.5 1.33334 1.08225 0.878241 4.18649 1.49116
threshold=26.500000000000004 12.500000000000002 0.98091558679606183 0.94496830006774635 5.5000000000000009 28.500000000000004 1.5000000000000002 18.500000000000004 24.500000000000004 -0.9575230291762723 172.50000000000003
decision_type=2 2 2 2 2 2 2 2 2 2 2
left_child=1 6 3 4 -3 -2 8 -4 9 -1 -10
right_child=5 2 7 -5 -6 -7 -8 -9 10 -11 -12
leaf_value=0.016744051590135103 0.00020015110738445747 -0.0052402224511470712 0.0041698723764816131 -0.0007046272527019801 -0.00012596165830396024 0.0018032491305274129 0.0004030062464286387 0.003400887300845572 -0.00081055487040816243 1.9346391653278454e-05 -1.5406141059246699e-05
leaf_weight=10.999999999999998 12.000000000000002 12.999999999999998 10.000000000000002 9.9999999999999982 40 11.999999999999998 11.999999999999998 10.999999999999998 29 894 1318
leaf_count=11 12 13 10 10 40 12 12 11 29 894 1318
internal_value=-0.000153993 -0.000388918 -0.0130454 -0.0246414 -0.0155068 0.0228295 8.06696e-05 0.0217424 -8.10994e-05 0.00211898 -0.00155925
internal_weight=2372 2348 84 63 53 24 2264 21 2252 905 1347
internal_count=2372 2348 84 63 53 24 2264 21 2252 905 1347
is_linear=0
shrinkage=0.0913179


end of trees

feature_importances:
dow=518
dom=404
doy=233
fourier_year_cos_1=227
fourier_year_sin_1=225
days_to_tet=225
fourier_year_sin_3=221
fourier_year_sin_4=215
fourier_year_cos_3=192
fourier_year_sin_2=188
weekofyear=150
fourier_year_cos_4=144
fourier_year_cos_2=89
promo_active=39
promo_season=35
promo_discount_pct=33
is_eom=26
is_weekend=23
promo_count_active=20
is_som=16
discount_type=16
month=14
is_special_day=12
tet_before=5
tet_after=4
quarter=2
promo_fixed_discount=2

parameters:
[boosting: gbdt]
[objective: regression_l1]
[metric: l1]
[tree_learner: serial]
[device_type: cpu]
[data_sample_strategy: bagging]
[data: ]
[valid: ]
[num_iterations: 204]
[learning_rate: 0.0913179]
[num_leaves: 100]
[num_threads: 0]
[seed: 42]
[deterministic: 0]
[force_col_wise: 0]
[force_row_wise: 0]
[histogram_pool_size: -1]
[max_depth: 5]
[min_data_in_leaf: 10]
[min_sum_hessian_in_leaf: 0.001]
[bagging_fraction: 1]
[pos_bagging_fraction: 1]
[neg_bagging_fraction: 1]
[bagging_freq: 0]
[bagging_seed: 400]
[bagging_by_query: 0]
[feature_fraction: 0.808005]
[feature_fraction_bynode: 1]
[feature_fraction_seed: 30056]
[extra_trees: 0]
[extra_seed: 12879]
[early_stopping_round: 0]
[early_stopping_min_delta: 0]
[first_metric_only: 0]
[max_delta_step: 0]
[lambda_l1: 0]
[lambda_l2: 0]
[linear_lambda: 0]
[min_gain_to_split: 0]
[drop_rate: 0.1]
[max_drop: 50]
[skip_drop: 0.5]
[xgboost_dart_mode: 0]
[uniform_drop: 0]
[drop_seed: 17869]
[top_rate: 0.2]
[other_rate: 0.1]
[min_data_per_group: 100]
[max_cat_threshold: 32]
[cat_l2: 10]
[cat_smooth: 10]
[max_cat_to_onehot: 4]
[top_k: 20]
[monotone_constraints: ]
[monotone_constraints_method: basic]
[monotone_penalty: 0]
[feature_contri: ]
[forcedsplits_filename: ]
[refit_decay_rate: 0.9]
[cegb_tradeoff: 1]
[cegb_penalty_split: 0]
[cegb_penalty_feature_lazy: ]
[cegb_penalty_feature_coupled: ]
[path_smooth: 0]
[interaction_constraints: ]
[verbosity: -1]
[saved_feature_importance_type: 0]
[use_quantized_grad: 0]
[num_grad_quant_bins: 4]
[quant_train_renew_leaf: 0]
[stochastic_rounding: 1]
[linear_tree: 0]
[max_bin: 255]
[max_bin_by_feature: ]
[min_data_in_bin: 3]
[bin_construct_sample_cnt: 200000]
[data_random_seed: 175]
[is_enable_sparse: 1]
[enable_bundle: 1]
[use_missing: 1]
[zero_as_missing: 0]
[feature_pre_filter: 0]
[pre_partition: 0]
[two_round: 0]
[header: 0]
[label_column: ]
[weight_column: ]
[group_column: ]
[ignore_column: ]
[categorical_feature: 19,20]
[forcedbins_filename: ]
[precise_float_parser: 0]
[parser_config_file: ]
[objective_seed: 16083]
[num_class: 1]
[is_unbalance: 0]
[scale_pos_weight: 1]
[sigmoid: 1]
[boost_from_average: 1]
[reg_sqrt: 0]
[alpha: 0.9]
[fair_c: 1]
[poisson_max_delta_step: 0.7]
[tweedie_variance_power: 1.5]
[lambdarank_truncation_level: 30]
[lambdarank_norm: 1]
[label_gain: ]
[lambdarank_position_bias_regularization: 0]
[eval_at: ]
[multi_error_top_k: 1]
[auc_mu_weights: ]
[num_machines: 1]
[local_listen_port: 12400]
[time_out: 120]
[machine_list_filename: ]
[machines: ]
[gpu_platform_id: -1]
[gpu_device_id: -1]
[gpu_device_id_list: ]
[gpu_use_dp: 0]
[num_gpu: 1]

end of parameters

pandas_categorical:[["Fall Launch", "Fall Launch|Urban Blowout", "Mid-Year Sale", "NO_PROMO", "Rural Special", "Spring Sale", "Urban Blowout", "Year-End Sale"], ["fixed", "fixed|percentage", "none", "percentage"]]
